,rs9838964,rs75227807,rs78160917,rs139503020,rs1876473,rs7624701,rs140346939,rs149242790,rs68143935,rs77978230,rs67994182,rs118145006,Affx-36610118,rs9834970,rs75968099,rs1553656,rs4624519,rs3732386,rs117311714,rs11129736,rs35979223,rs77195211,rs11712098,rs3733032,rs4441609,rs76739135,rs76851125,rs9830322,Affx-22253581,rs9819348,rs11709254,rs6769189,rs80159070,rs11706926,rs138927785,rs75655777,rs63749839,rs9852378,rs267607730,rs4647222,rs1540354,rs63751607,rs63749820,rs267607750,rs4234259,Affx-84079154,rs4986984,Affx-89011895,rs1558528,rs4647269,rs267607799,rs2286939,rs3774338,rs11129748,rs267607824,rs63750447,rs63750760,rs62244263,rs9852810,rs781755529,rs63751468,Affx-89014273,rs63751145,rs199935667,rs41562513,rs3774335,rs3774333,rs3774332,rs4678925,rs748766,rs9876116,rs63751684,rs587778954,rs1800146,rs2241031,Affx-52244591,rs1860968,rs79751747,rs148720085,Affx-22255895,rs749072,rs150981123,rs12487922,rs139151890,rs6550449,rs77133748,rs140807935,rs116949600,rs6796640,rs7631605,rs78197553,rs4678950,rs1392748,rs141256074,rs79390582,rs1040073,rs117333302,rs74517831,rs78021034,rs3774760,rs139122189,rs75378698,rs143356176,rs151279080,rs34829161,rs145418900,rs147329086,rs197729,rs149815,rs197770,rs267527,rs189897,rs186793243,rs144852530,rs147575138,rs17036426,rs117388634,rs197754,rs2019749,rs2507941,rs75131249,rs117102710,rs75700588,rs118028740,rs11429458,rs3733139,rs166507,rs267567,rs267552
rs9838964,1.0,0.0159097,0.00645,0.0114953,0.210846,0.0213761,0.0586818,0.0164985,0.0396518,0.029472,0.001865,0.000140066,0.000248772,0.00598837,0.00406723,0.00432166,0.00435674,0.00434511,7.94422e-08,9.13137e-06,0.0010973,0.00150113,0.00047431,0.00817149,0.00210072,0.0010657,0.00448821,0.000540839,0.000622137,0.000652513,0.000678576,0.000632779,0.00120956,0.000100682,0.00075419,0.000124121,5.6397e-09,2.20759e-05,5.08411e-06,2.35971e-05,0.000106743,3.69609e-05,5.71157e-06,1.68459e-05,2.49428e-05,4.00871e-08,2.14873e-06,8.04318e-06,2.16015e-05,2.65109e-05,3.64369e-06,2.23545e-05,1.98739e-05,2.82441e-05,0.000314961,0.0110524,0.000924192,2.91475e-06,3.58989e-05,6.76499e-06,0.000701252,0.00067049,8.76665e-07,0.000641784,0.000373818,3.65027e-05,0.000111682,0.000111378,2.30424e-05,2.40549e-05,2.19144e-05,2.50976e-05,1.97747e-05,1.03188e-05,2.34702e-05,0.00282705,2.14943e-05,0.000129228,0.000572249,4.21323e-05,0.000357563,0.00363646,0.00106018,0.000924132,0.000524715,4.92376e-05,0.00137926,0.000493399,3.79454e-06,4.60292e-06,0.000559238,4.76658e-06,1.27437e-06,0.00476056,0.000621417,8.40847e-06,0.00636849,0.00185107,0.000309878,0.000352771,0.00447875,0.00430496,0.00048902,0.00325902,1.62887e-05,0.00686662,0.00520179,0.00190671,0.00176124,6.01367e-05,0.000892577,0.00145973,0.00222758,0.000957515,0.00424137,0.00107961,3.85334e-05,0.000494883,0.00283046,0.000410694,3.16448e-05,0.0022024,0.000639164,7.79129e-05,0.000583972,0.00226463,0.000504461,0.00189783,0.00464757
rs75227807,0.0159097,1.0,0.000473552,0.000807153,0.0328393,0.00110458,0.00276134,0.00119909,0.0016016,0.0337051,0.000956957,0.000261455,0.000170072,0.00068646,0.000393127,0.000684829,0.000600903,0.00059562,0.00038275,0.000210076,0.000131834,0.000540722,0.000377422,0.0011069,0.000849792,0.000275885,3.89105e-05,0.000312862,0.000535298,0.000525324,0.000615978,0.000553132,0.000271106,0.00538048,0.103444,0.000255443,3.02805e-07,0.000561089,1.57522e-05,0.000568314,0.00380778,2.67004e-05,4.60202e-06,1.19475e-06,0.000581595,4.0735e-06,9.15633e-05,1.75529e-06,0.000566875,0.000563594,3.06782e-07,0.000565801,0.000558734,0.000556468,6.1721e-05,0.00217899,5.49344e-05,8.47564e-05,0.000539756,3.03003e-06,3.66491e-05,4.03002e-05,1.50112e-07,0.000347719,0.0889454,0.000559224,7.64901e-05,0.000518336,0.00057889,0.000570137,0.000563087,1.06896e-05,9.11469e-14,1.21258e-05,0.000596542,1.91751e-05,0.000561517,6.3035e-05,0.000489758,0.0205454,0.0058041,0.000131477,0.000277576,1.70217e-05,0.00350674,0.000966426,8.47651e-05,0.0989258,0.000643484,0.000643635,1.6943e-05,0.000644029,0.000647708,0.000206032,4.85825e-05,0.000555947,0.000439643,8.90883e-06,1.15628e-05,3.28475e-06,1.25634e-05,0.000460755,3.02587e-05,0.000246678,0.000583096,0.00195775,0.0001712,0.000274131,0.00019828,0.000102857,0.000107339,0.000370095,0.000290843,0.000394224,0.000362745,0.0010941,2.10529e-05,0.00159892,0.0014653,0.000269167,0.000299948,0.00025533,6.8707e-06,7.64458e-05,0.000145647,1.18278e-06,0.000806342,0.000862088,0.000241449
rs78160917,0.00645,0.000473552,1.0,0.000285157,0.0140776,0.000376635,0.00108746,0.000417191,0.000690092,0.000285888,0.00538666,2.13944e-05,3.17367e-06,0.000116268,3.06566e-05,2.17602e-06,6.53045e-05,5.57622e-05,6.06343e-06,7.09598e-05,3.58222e-06,0.000287641,7.50847e-05,0.000266878,3.07773e-05,1.00825e-05,0.000667276,7.85336e-05,7.13809e-05,0.000685692,0.000661152,0.000690132,0.00311846,0.000287105,0.000240532,2.00472e-05,2.34381e-05,0.00166212,5.04918e-06,0.00168015,4.57042e-05,5.21479e-06,1.02027e-06,2.19579e-09,0.00164367,5.9106e-07,5.37009e-05,2.19796e-06,0.00167782,0.00161986,4.58536e-05,0.00167178,0.00163431,0.00168729,1.49487e-05,0.000238402,1.37462e-05,1.61965e-06,0.00162209,1.4073e-05,5.43973e-06,6.38778e-06,8.08449e-07,1.11324e-05,0.000229989,0.00143901,5.16408e-05,0.00343777,0.00160155,0.00165549,0.0016789,8.62758e-06,2.15812e-05,3.3687e-06,0.00169288,0.000131429,0.00167041,4.40301e-05,0.000215534,0.000712514,0.00241765,7.11904e-05,2.44443e-05,1.14164e-05,0.000112915,0.000836136,0.000218442,0.000218193,0.00163976,0.00159152,0.0013478,0.00156932,0.00154082,0.000102852,0.00503357,0.00133152,0.00028701,0.000186941,0.000202376,0.000341855,6.93007e-06,5.25334e-05,0.000801799,8.43746e-05,0.0013731,0.000245456,0.000260056,4.93518e-06,1.47514e-05,0.000553769,0.000195501,0.000325253,6.3982e-05,0.000585019,3.03413e-05,4.85946e-05,9.57705e-05,0.000985699,0.000791499,1.04278e-05,0.00592437,0.000152307,0.000215661,7.77387e-05,2.29268e-05,8.1381e-05,6.1924e-05,0.000737752,0.000878557
rs139503020,0.0114953,0.000807153,0.000285157,1.0,0.0288877,0.000913724,0.00245236,0.681925,0.00195769,0.00380264,0.0010755,0.000269741,0.0399924,0.0071834,0.00052695,0.00840031,0.000323372,0.000325966,0.000151107,0.00777388,0.000142059,0.000444274,0.00708018,0.00123904,0.00612384,4.01135e-05,0.000530415,0.00720791,0.00831016,0.00824517,0.00822709,0.00825585,0.000287633,0.00100559,0.000124893,0.000272025,2.01813e-06,0.000131046,5.26835e-07,0.000120425,0.00673733,2.7344e-05,2.49591e-06,3.18844e-09,0.000131903,1.23912e-06,2.13742e-05,3.05914e-07,0.000131225,0.00012565,1.27442e-06,0.000125895,0.000118496,0.000133882,1.54915e-05,0.000618753,7.05408e-05,0.000130462,0.00011599,5.29751e-05,0.0140393,0.0135569,1.32009e-05,2.39062e-07,0.000214118,0.000108447,5.3875e-05,0.000510056,0.000120567,0.000132576,0.000129211,4.48365e-05,4.14578e-07,7.06476e-06,0.000128682,6.40432e-05,0.00012405,4.72472e-05,0.000389991,0.00031611,0.00745335,0.00037572,0.000408053,7.37541e-05,0.00592218,0.0011918,7.40802e-05,0.000146736,0.000139358,0.000137937,0.000222172,0.000134869,0.000134748,2.34996e-05,4.87521e-05,6.37378e-06,0.00117375,4.0434e-05,0.000206198,0.00100306,0.000301876,0.000267394,0.000421492,0.000347,7.55087e-06,0.0002329,0.00751397,8.46796e-05,3.57616e-05,0.000420448,0.00022489,0.000698777,3.82829e-05,0.000206836,0.000202494,0.0103621,7.22836e-05,0.00228767,0.000559125,0.000153506,5.22302e-07,0.000239921,0.000176927,0.000315017,0.000329407,0.00435107,0.000713948,0.000297891,0.000290139
rs1876473,0.210846,0.0328393,0.0140776,0.0288877,1.0,0.0441576,0.0805254,0.04273,0.10393,0.0586895,0.000574634,0.00540425,1.79216e-05,0.0023302,0.000680905,0.00344168,0.0008694,0.000902552,0.00167462,0.001154,0.00585474,0.000308561,0.000671659,0.0212099,0.000254862,0.000567817,0.00457191,0.00110993,0.00125429,0.000791253,0.000742549,0.00076436,0.000369556,3.61179e-06,0.00333817,0.000404946,7.54661e-06,9.40088e-05,4.89033e-06,9.3865e-05,0.00874312,2.8568e-05,8.08414e-06,9.59453e-06,8.66331e-05,3.71489e-06,9.13622e-05,9.32412e-08,9.31428e-05,9.55239e-05,6.28267e-06,8.98936e-05,9.81068e-05,8.47332e-05,0.00099038,0.0156036,0.000346233,8.12098e-06,7.54406e-05,7.89246e-06,0.000235469,0.000216215,2.07549e-05,0.000293098,0.00276449,8.1725e-05,0.000526187,2.07846e-05,9.21822e-05,9.60815e-05,8.20166e-05,0.000669851,3.65536e-06,2.50361e-07,8.96395e-05,0.00499681,9.54062e-05,0.000572551,0.00300592,0.00136732,0.00581322,0.000261643,6.65757e-05,0.00128602,0.0073928,0.00211357,0.00304224,0.00391102,0.000148793,0.000149991,0.0022475,0.000145101,0.000236829,0.00150942,0.000433034,0.000337515,0.0155473,9.72008e-06,0.000561784,0.00106422,0.00544175,0.0016371,0.00176896,0.000106271,0.000376268,0.0114003,0.00877392,4.87749e-08,1.11884e-05,5.9851e-07,0.000222793,0.000381721,0.000378445,0.00122746,0.000108968,0.00112563,0.00100218,0.00143573,9.62778e-05,0.00137171,6.77026e-05,0.00546907,0.00218969,5.00351e-05,0.0018831,5.2423e-05,0.0020767,1.06005e-05,0.000438666
rs7624701,0.0213761,0.00110458,0.000376635,0.000913724,0.0441576,1.0,0.00410188,0.00123457,0.00282882,0.03849,0.00206181,0.000436235,0.000158886,0.000644246,3.82584e-05,1.17716e-07,0.000145366,0.00015975,0.00158645,0.000362484,0.00521937,4.63849e-05,0.000284863,0.00225487,0.00048148,0.000260087,0.000149784,0.0002421,0.00030561,0.000154963,0.000151853,0.000134024,7.72505e-05,0.0011095,0.000555626,0.00933776,7.18213e-06,1.8908e-05,2.31613e-06,1.90145e-05,5.54558e-05,1.84072e-07,1.51954e-05,1.22592e-05,2.36748e-05,6.02213e-06,1.76274e-06,3.27609e-06,2.09984e-05,1.22636e-05,1.41373e-07,2.52157e-05,2.03865e-05,2.22083e-05,1.02843e-05,9.45039e-08,8.5498e-05,2.21078e-05,2.54017e-05,6.20268e-06,5.74776e-05,6.36912e-05,2.38985e-05,7.30001e-05,0.000491961,7.52355e-06,9.54798e-05,0.000419119,2.00824e-05,2.27321e-05,2.1518e-05,4.55724e-05,1.46428e-06,9.26413e-05,2.1298e-05,0.000253284,1.88951e-05,9.39493e-05,1.45898e-05,0.000258828,2.3883e-05,0.000132409,0.00354166,0.00024361,0.000248212,0.000566915,0.000186762,0.000404159,4.44868e-05,5.22134e-05,0.000114015,4.84611e-05,1.17266e-05,7.92906e-05,2.08135e-05,0.000419842,0.00117551,0.000819982,0.00137006,0.000824459,0.00041592,3.57887e-05,8.46948e-05,0.000666226,0.000417895,0.000785819,0.00738707,3.3386e-05,0.000185109,1.56323e-05,0.000195835,0.000120637,0.000455142,0.000172959,0.00693381,7.61969e-05,0.000759604,0.000582879,0.00119558,0.00059025,0.000196779,0.000676179,0.000237649,9.91648e-05,0.000319004,0.000667659,0.00122851,7.41223e-05,0.000252886
rs140346939,0.0586818,0.00276134,0.00108746,0.00245236,0.0805254,0.00410188,1.0,0.00346706,0.00895109,0.00955469,0.00497975,0.00118249,0.000259394,0.00165836,0.00751555,0.000334704,0.00626686,0.00628372,0.000207636,0.00114295,0.000710432,0.00126198,0.00137311,0.0228643,9.13782e-05,0.0144456,0.00219474,0.00125745,0.000959446,0.000265143,0.000262148,0.000252565,0.000326627,0.000100648,0.000176726,0.000413142,1.86436e-06,0.00132053,4.29601e-06,0.00129447,0.000118978,3.49931e-05,3.03837e-05,2.43743e-05,0.00131924,4.06132e-05,0.000247277,3.25175e-06,0.00131023,0.00129271,3.69061e-05,0.00131868,0.00131229,0.00133935,7.8026e-05,0.00144737,0.00134611,3.70276e-07,0.00132394,7.5284e-05,3.42544e-06,2.1795e-05,2.77019e-06,2.75542e-05,0.000360177,0.00139028,3.30705e-05,0.000416155,0.00128811,0.00130577,0.00126778,0.00013807,6.76469e-05,3.91127e-06,0.00127142,1.10671e-08,0.00129173,5.2173e-05,0.000343951,0.00170614,0.000384073,0.000844972,0.00153906,4.39983e-05,1.2134e-05,0.00369007,0.00593809,0.000117699,0.00115324,0.00114678,0.000805006,0.00115366,0.0009585,0.000471451,3.04742e-06,0.000782944,0.0150479,0.000276863,0.000448065,0.000294349,0.000967679,0.000716345,0.000182936,0.00199238,0.000794851,0.00174809,0.000740612,8.21985e-06,5.79866e-06,4.55691e-06,0.000290406,9.6808e-05,8.36639e-05,0.000325308,0.000633098,5.08216e-05,0.000773431,0.00241632,0.000709264,0.000202109,0.000686684,0.000316577,3.28747e-05,8.33137e-05,5.89298e-05,0.000849219,0.000392479,0.00140748,0.00155812
rs149242790,0.0164985,0.00119909,0.000417191,0.681925,0.04273,0.00123457,0.00346706,1.0,0.0027588,0.00534964,0.00190095,0.000418785,0.0278004,0.00743216,0.000740998,0.0091839,0.000558403,0.000547394,0.000348285,0.00858954,0.000388754,0.000690324,0.00757916,0.00172118,0.00626399,0.000163503,0.000686738,0.00784505,0.00883237,0.00891179,0.0089109,0.00892778,0.000492243,3.57366e-05,0.000220656,0.000205646,5.79629e-06,0.000455203,1.08085e-05,0.000433655,0.00591514,2.71034e-05,6.32369e-06,3.23436e-07,0.000462464,1.26416e-05,6.27049e-05,4.35638e-07,0.000456729,0.000445033,5.65883e-07,0.00044902,0.000436346,0.000462063,2.37752e-05,0.000877196,7.28278e-05,0.000154829,0.000411503,1.70601e-05,0.00991729,0.00954717,1.12201e-05,7.68687e-06,0.000323718,0.000409135,0.000116794,0.000762931,0.000437585,0.000463535,0.000453964,6.49804e-08,2.33921e-08,1.30657e-05,0.000452176,7.15742e-05,0.000444217,0.000111937,0.000478362,0.000792243,0.00818362,0.000459213,0.000660142,5.25113e-05,0.00570058,0.000652235,0.000180188,0.000205499,0.000467366,0.000466387,0.000376245,0.000458366,0.000463254,0.000242554,6.78624e-05,0.000191987,0.000714654,4.94099e-05,0.000396142,0.00155499,0.000485626,0.00041535,0.000110226,2.55043e-05,0.000200593,0.000420262,0.00557753,0.000351567,0.000532006,0.000701198,0.000182773,0.00113028,0.000181473,0.000644001,0.000361305,0.00614418,0.000128895,0.00320873,0.00150221,0.000385969,5.68394e-05,0.000343656,0.000279803,0.000561417,0.000289934,0.00888927,0.000296893,0.000181693,0.000418029
rs68143935,0.0396518,0.0016016,0.000690092,0.00195769,0.10393,0.00282882,0.00895109,0.0027588,1.0,0.00536513,0.00489419,0.000426783,0.000540137,0.00105844,0.000833496,9.05269e-05,0.000774321,0.000812025,0.00102244,0.000152683,0.00407081,0.000315644,0.000165633,0.00172716,0.000488011,0.000518864,0.039762,4.22655e-05,3.17286e-05,1.50714e-05,1.77001e-05,1.25953e-05,0.000233094,0.00403133,0.000109527,0.000518582,9.4859e-06,0.000526559,1.43727e-05,0.000538282,5.53187e-05,3.08135e-06,2.80091e-06,2.6285e-05,0.000528622,7.83934e-07,0.000207276,4.10764e-06,0.000499403,0.000506025,3.29577e-05,0.000516159,0.00055702,0.000521707,5.82485e-05,0.000398857,5.19175e-06,0.000404124,0.000547565,5.30583e-06,6.09351e-05,2.61994e-05,2.56723e-06,3.61025e-05,9.67004e-05,0.00054598,0.000110946,0.0012444,0.000519362,0.000432057,0.000529608,5.94195e-05,2.46189e-05,1.2578e-05,0.000528553,0.041904,0.000553861,0.000107887,0.000791197,0.000610528,0.001088,0.000118422,1.96087e-05,0.000147635,9.47369e-05,0.00654424,0.00062938,4.16958e-05,0.00046265,0.000466951,0.000397809,0.000440759,0.000133723,0.000224425,0.000279532,0.000121094,0.00177488,0.00363209,0.000587647,0.00135779,0.0401495,0.000357364,4.7318e-05,4.76697e-08,5.9971e-05,0.000651376,0.0084301,7.50385e-05,0.000114398,1.17902e-05,0.00211892,0.00017794,1.66753e-05,1.61092e-06,0.000213919,7.06141e-05,0.000724474,0.00235648,0.000124837,3.31906e-07,0.000222793,0.0443478,1.96149e-05,0.000317639,0.000122849,0.00023278,6.40816e-05,0.000428972,0.000515738
rs77978230,0.029472,0.0337051,0.000285888,0.00380264,0.0586895,0.03849,0.00955469,0.00534964,0.00536513,1.0,0.0019371,0.000514379,0.000884168,0.0132268,1.27967e-06,0.00704501,1.17582e-05,9.78131e-06,0.00138089,0.010265,0.0087066,0.000500453,0.0116986,0.0063028,0.0114331,0.00199707,0.00106326,0.0115767,0.0114922,0.0114413,0.0115879,0.0116257,0.00310102,0.00058674,0.0228177,0.001106,1.02495e-07,0.000760917,4.00014e-07,0.000765865,0.00106468,4.17429e-05,2.53178e-06,2.19227e-07,0.000745335,2.53419e-05,0.000202777,5.83443e-05,0.000743817,0.000719748,7.90101e-07,0.000760433,0.000754965,0.000768911,5.60092e-05,0.00404384,0.000303745,8.58643e-06,0.000728638,2.55116e-08,8.40035e-05,8.75999e-05,3.90098e-08,0.000157282,0.01939,0.000776053,0.000726882,0.00145921,0.000751772,0.000738524,0.000744971,0.000197619,1.03249e-08,1.19653e-07,0.000747974,0.000668946,0.00074452,0.000623637,0.013706,0.00999884,0.00083864,0.00626025,0.00131539,0.000240914,0.00112949,5.66571e-05,0.00061992,0.0218593,0.000814158,0.000762953,0.000189424,0.00078281,0.000587163,0.00177929,0.00282141,0.00100219,0.00445417,0.00103138,6.27596e-05,0.00290696,0.00130003,0.00132355,0.000292509,0.00151778,0.000948575,0.00219199,0.00408866,4.11694e-06,0.000377382,0.00106566,0.00478025,7.54641e-06,0.000611827,0.000263212,4.74169e-05,0.000720294,0.000220628,0.000163274,0.000413995,0.00248115,0.00869704,0.000680898,0.00156692,0.00312704,0.000330477,0.000225527,0.000102605,0.0020367,0.00619808
rs67994182,0.001865,0.000956957,0.00538666,0.0010755,0.000574634,0.00206181,0.00497975,0.00190095,0.00489419,0.0019371,1.0,0.00115526,1.17205e-05,0.00551659,8.28528e-05,0.00111174,0.000293618,0.000299854,0.00235493,0.00827737,0.00223326,0.000414733,0.00698969,0.000595014,0.00830906,0.0393973,0.00190424,0.00722754,0.00780887,0.00469597,0.00475684,0.00466906,0.000849879,0.0242712,0.000920749,8.14478e-05,2.37019e-06,6.96889e-05,1.8272e-06,7.10276e-05,0.00691619,5.00382e-06,3.70201e-06,3.73058e-06,6.06739e-05,1.06508e-06,0.00450801,1.55464e-06,7.81273e-05,8.19836e-05,4.86881e-06,7.3124e-05,8.40638e-05,7.87175e-05,0.00205751,0.00237844,0.000458305,2.6622e-05,6.82158e-05,2.097e-05,4.43366e-05,5.47014e-05,9.40096e-06,0.0056311,0.000582026,4.60403e-05,0.0082372,0.00798094,8.10662e-05,7.10447e-05,7.63291e-05,5.99132e-05,5.87785e-06,2.53012e-05,7.80004e-05,0.000582613,8.89996e-05,0.00751603,0.000456364,3.2044e-05,0.0010951,0.000383866,0.0026737,1.25177e-07,0.00516669,0.000845434,0.00848257,0.000904569,5.29245e-05,3.99371e-05,4.93662e-05,3.98191e-05,1.55206e-05,0.000396079,0.000234585,0.000672736,0.00108077,0.000263847,4.00725e-05,0.0077151,0.000860763,0.00054404,0.000708951,0.000453667,0.00049022,0.00151063,0.000862886,0.0113632,0.0110906,0.0012456,0.000424009,7.64094e-05,0.00034244,0.00255148,6.407e-05,0.00279557,0.000894309,0.00383393,0.000385838,0.00312301,0.000131501,0.000837267,2.38681e-05,4.22199e-06,0.000161169,0.000190339,0.000493131,3.7459e-05,0.00128355
rs118145006,0.000140066,0.000261455,2.13944e-05,0.000269741,0.00540425,0.000436235,0.00118249,0.000418785,0.000426783,0.000514379,0.00115526,1.0,5.56506e-05,0.026836,0.000736968,0.0203103,0.000675873,0.000673837,0.000828324,0.0211342,0.000693219,0.000446485,0.00866355,0.00176419,0.0107266,0.000158326,0.000661175,0.00816627,0.00816108,0.00750179,0.0074517,0.00752631,0.000344238,0.00847648,0.000216029,0.000217244,1.05824e-06,0.000791503,1.32738e-06,0.000810675,0.0136474,5.75291e-06,2.97313e-05,6.41524e-06,0.000755307,2.32709e-05,4.26601e-05,1.00704e-05,0.000793411,0.000784284,1.11304e-05,0.00077623,0.000782597,0.000785226,5.74699e-06,0.000419979,3.24999e-06,5.17952e-05,0.000779882,6.10191e-06,4.86085e-06,1.94824e-07,1.07312e-07,2.06469e-06,0.000288992,0.000777029,5.2006e-05,0.000912782,0.000791685,0.000780442,0.00078142,3.84633e-05,8.76958e-06,2.20884e-05,0.000789135,0.000191174,0.000789482,5.10488e-05,0.000286566,0.00111472,0.00864428,0.0599501,0.000595633,8.12289e-05,0.0151144,0.00165338,0.000114994,0.000181428,0.000811054,0.000810412,0.089539,0.000812507,0.000854018,7.46863e-05,0.0676768,0.000749473,0.00126675,0.000438432,0.000403619,0.000755763,0.000640779,0.000406107,0.00020491,0.000141266,0.000754148,0.000684124,0.000490673,0.00438813,0.00398487,0.000375767,0.00479512,0.000826051,0.000357588,0.00152192,0.000132446,0.000183171,0.000264443,0.00643281,0.00243343,0.00120302,0.00012326,0.00018654,0.000511511,0.0047513,0.000149823,0.000126105,0.00194301,0.00038167,0.00262136
Affx-36610118,0.000248772,0.000170072,3.17367e-06,0.0399924,1.79216e-05,0.000158886,0.000259394,0.0278004,0.000540137,0.000884168,1.17205e-05,5.56506e-05,1.0,0.00612707,0.000159468,0.00672125,0.000127228,0.000133217,0.000654869,0.00595585,0.000341569,6.5349e-05,0.00540192,0.000522806,0.00502987,3.80628e-05,0.000228717,0.00559219,0.00564496,0.00594955,0.00589795,0.0058447,0.000146431,0.0111934,0.00031435,7.47317e-05,4.82263e-06,0.000339617,6.43411e-06,0.000339729,0.00364645,1.40817e-06,6.35336e-08,2.12147e-06,0.000341483,4.52584e-06,5.03721e-06,7.03453e-06,0.000340511,0.000336829,1.25943e-05,0.00034545,0.000340585,0.00032786,1.44063e-08,0.000319217,2.56998e-05,2.71054e-06,0.000328611,3.69539e-08,1.98168e-05,2.1045e-05,6.49866e-06,1.85323e-07,0.000257697,0.000316116,4.49933e-05,0.000243052,0.000339247,0.000345587,0.000339488,2.56383e-05,1.56096e-05,7.57133e-07,0.00033954,8.02333e-05,0.000325545,2.87323e-05,0.000240816,4.85917e-05,0.00459024,0.000155138,0.000166344,2.73374e-05,0.00318704,0.000893289,7.51145e-06,0.000324161,0.000359433,0.000348561,8.9151e-05,0.000357791,0.000336402,0.000137583,3.0346e-07,0.000395047,0.000105754,0.000210497,7.01864e-07,0.000508642,0.000279829,0.000299038,0.00012103,0.000154473,0.000376684,0.000124317,0.0494164,0.000170231,0.00016351,0.000168433,0.00540873,0.000189019,0.000140496,0.00060019,7.02705e-06,0.000411739,0.000126586,6.14197e-06,0.00301228,0.00011644,0.0210794,0.000114267,0.000134476,7.13734e-05,4.30124e-05,0.0257205,0.00031343,0.00859515,0.0137275
rs9834970,0.00598837,0.00068646,0.000116268,0.0071834,0.0023302,0.000644246,0.00165836,0.00743216,0.00105844,0.0132268,0.00551659,0.026836,0.00612707,1.0,0.0187867,0.772635,0.02122,0.02105,0.042483,0.371355,0.033306,0.0141331,0.380748,0.110867,0.458015,0.0111058,0.0189746,0.371095,0.367778,0.32303,0.322078,0.321146,0.00310166,0.0607541,0.010924,0.00725248,6.48245e-07,0.00281256,1.64546e-06,0.00281782,0.21927,3.72536e-06,3.2792e-07,1.47304e-07,0.00277649,1.20344e-06,0.00130447,3.15693e-08,0.00278757,0.00276363,1.4638e-06,0.00273967,0.00281093,0.0027367,0.000381253,0.0115423,0.000346731,0.00233114,0.00284951,1.76218e-06,0.000309354,0.000354263,5.29808e-07,0.000963547,0.0104848,0.00289336,0.00231713,0.00714123,0.00286519,0.0028894,0.00279203,0.000222249,5.46488e-07,1.09819e-07,0.00279386,0.00510859,0.00283455,0.00228822,0.0210481,0.000122527,0.125364,0.0169055,0.0100781,0.00240344,0.18843,0.0658065,0.000274341,0.0101599,0.00318177,0.00307012,5.04673e-05,0.00317351,0.00290837,0.00727742,0.000965877,0.00128151,0.0709646,0.011108,0.00724818,0.0218484,0.0111198,0.0082006,0.004052,0.0178343,0.00132477,0.0116824,0.00101929,0.00821908,0.00633232,0.00415371,0.000897698,0.00945865,0.00579294,0.00888628,0.00671983,0.0132699,2.04751e-05,0.000209392,0.0123253,1.07536e-05,0.00622553,0.00525027,0.00388442,0.00369349,4.25529e-07,0.000516774,0.0115324,0.00437178,0.00551412
rs75968099,0.00406723,0.000393127,3.06566e-05,0.00052695,0.000680905,3.82584e-05,0.00751555,0.000740998,0.000833496,1.27967e-06,8.28528e-05,0.000736968,0.000159468,0.0187867,1.0,0.0187185,0.828383,0.825277,0.00192915,0.0387532,0.000401446,0.563019,0.0403704,0.00242126,0.0126725,0.000433448,0.000943427,0.0399107,0.0396286,0.0321348,0.0320763,0.0319787,0.016585,0.0235724,0.000365464,0.000552823,2.49544e-06,0.239415,1.29389e-06,0.239295,0.00448861,1.37704e-05,2.81202e-06,2.73003e-05,0.238489,7.13558e-08,0.000157968,3.90732e-06,0.239679,0.238336,2.57113e-05,0.239948,0.239756,0.239061,1.21295e-05,0.000845161,7.48838e-05,4.91853e-05,0.239292,2.58636e-05,5.15674e-05,3.48981e-05,2.92401e-07,5.82188e-05,0.000290506,0.231088,0.000164704,0.000128986,0.240738,0.238385,0.23941,1.95101e-05,3.40601e-05,2.58998e-05,0.239029,0.00028534,0.239492,0.000157423,8.07135e-06,0.166289,0.023807,0.000260913,0.000576742,0.000164949,0.00337035,0.00172218,0.000221273,0.000336691,0.225639,0.223692,0.000484799,0.225412,0.216182,0.000344467,0.000159038,0.148834,0.00220041,0.00035433,0.000449731,0.00105592,0.000885244,0.000499895,0.0113921,0.000478841,0.147093,0.000702704,0.000625344,0.00658391,0.00632459,0.00286172,0.000925629,0.000738559,0.000330012,0.000258863,0.00294754,0.00116006,6.37218e-06,0.00347729,0.00361953,0.0028685,1.38354e-07,0.000423487,0.00019348,0.00162717,0.000151725,0.000559939,8.45264e-06,1.06472e-05,0.000767884
rs1553656,0.00432166,0.000684829,2.17602e-06,0.00840031,0.00344168,1.17716e-07,0.000334704,0.0091839,9.05269e-05,0.00704501,0.00111174,0.0203103,0.00672125,0.772635,0.0187185,1.0,0.0267911,0.0266722,0.0497773,0.515691,0.0341643,0.0180567,0.529798,0.0962423,0.631798,0.013587,0.0224599,0.516381,0.504857,0.431932,0.430889,0.429546,0.0105486,0.088233,0.0139775,0.00947474,1.09432e-06,0.00822997,0.000229796,0.00830999,0.223032,1.21017e-05,2.3651e-07,5.82964e-09,0.008219,4.18685e-07,0.00163498,0.000275472,0.00824412,0.00818686,3.26562e-06,0.00821212,0.00827483,0.00816662,0.000504511,0.0187595,0.000905472,0.0021959,0.00824317,4.24925e-06,0.000342656,0.000419545,1.71602e-05,0.000765829,0.0130933,0.0081996,0.00271668,0.0189216,0.00837687,0.00838809,0.00828213,0.000353455,4.9007e-06,1.88441e-06,0.00827748,0.00532921,0.00832452,0.00255838,0.0203904,0.000220873,0.176848,0.0153612,0.0122834,0.00202989,0.191917,0.0678682,0.000591551,0.0135853,0.00834722,0.00818147,0.00990124,0.0083233,0.00792483,0.00703392,0.00064334,0.00453054,0.0601728,0.0116041,0.00856923,0.0262146,0.0133472,0.00961641,0.00324556,0.0156437,0.00463679,0.0215828,0.000688898,0.00388562,0.00335438,0.0085494,0.00531605,0.0156404,0.00406474,0.000327844,0.00833283,0.0198325,0.000114289,0.000124778,0.00820577,0.00974646,0.00784957,0.00639153,0.00205438,0.00284604,1.80006e-05,0.000125877,0.00931944,0.0121502,0.00423379
rs4624519,0.00435674,0.000600903,6.53045e-05,0.000323372,0.0008694,0.000145366,0.00626686,0.000558403,0.000774321,1.17582e-05,0.000293618,0.000675873,0.000127228,0.02122,0.828383,0.0267911,1.0,0.991182,0.00216098,0.0410468,0.00149549,0.66007,0.0430102,0.00261066,0.0200143,0.000403882,0.000985103,0.0424872,0.0421309,0.0334139,0.0333399,0.0332882,0.0235688,0.0326056,0.00071955,0.000533292,4.55804e-06,0.296815,0.000107244,0.296561,0.00463895,1.08773e-05,7.89033e-06,3.36404e-05,0.295333,1.91866e-06,0.000169628,5.64728e-05,0.297127,0.295952,3.24077e-05,0.29724,0.297036,0.296267,2.11486e-05,0.00109021,6.9646e-05,3.05646e-05,0.296222,1.75607e-05,4.76356e-05,3.11998e-05,2.65812e-06,5.23895e-05,0.000607501,0.286705,0.000146385,1.83093e-05,0.297923,0.295327,0.296493,3.74536e-05,4.15442e-05,4.08006e-05,0.295897,0.000296808,0.297034,0.000149611,3.58446e-06,0.203881,0.0331037,0.000109695,0.00064044,0.00018901,0.00344064,0.00176467,0.000227118,0.000648849,0.279602,0.276992,0.000460602,0.279098,0.267829,0.000403117,0.000102747,0.18793,0.00261405,0.000323472,0.000536077,0.00117123,0.000945383,0.000468699,0.0188658,0.000593074,0.186417,0.000907056,0.000567219,0.00706329,0.00663474,0.00453022,0.00135879,0.00144395,0.000334178,0.00103504,0.00339429,0.00131261,7.08266e-06,0.00376337,0.00402177,0.00473967,7.0691e-06,0.000386985,0.000339975,0.000459681,0.000115044,0.000579378,2.35078e-07,0.000274523,0.000508999
rs3732386,0.00434511,0.00059562,5.57622e-05,0.000325966,0.000902552,0.00015975,0.00628372,0.000547394,0.000812025,9.78131e-06,0.000299854,0.000673837,0.000133217,0.02105,0.825277,0.0266722,0.991182,1.0,0.00217644,0.0409419,0.00150779,0.658372,0.042806,0.00253739,0.0199984,0.00038222,0.000977022,0.0422494,0.0418908,0.0332361,0.0331909,0.0331411,0.0231597,0.0326385,0.000686213,0.00054657,4.07078e-06,0.296491,8.82461e-06,0.296234,0.00470658,9.51331e-06,8.26326e-06,3.25907e-05,0.295009,2.08411e-06,0.000172059,6.01108e-06,0.296877,0.295636,3.13096e-05,0.29691,0.296787,0.295942,2.2352e-05,0.00106391,7.03484e-05,3.18401e-05,0.295964,1.23109e-05,4.81655e-05,3.17096e-05,2.89571e-06,5.33119e-05,0.000580719,0.286522,0.000151274,1.83833e-05,0.297593,0.295003,0.296172,3.77913e-05,4.03103e-05,4.14037e-05,0.295656,0.000290231,0.296709,0.000154631,6.53944e-06,0.204006,0.032903,9.12809e-05,0.000628556,0.000213565,0.00349138,0.00180357,0.000183699,0.0006315,0.279402,0.276924,0.000459675,0.278954,0.267644,0.000396157,9.40007e-05,0.187763,0.00255793,0.000328827,0.00052499,0.00115105,0.000950975,0.000481649,0.0188172,0.000604455,0.18592,0.000882856,0.000577415,0.0071038,0.00668564,0.00444446,0.00136137,0.00136948,0.000329083,0.00101535,0.0034214,0.00130076,5.14115e-06,0.00378341,0.00394261,0.00479956,4.01498e-06,0.000396538,0.000349231,0.000451215,0.000114,0.000594201,2.07735e-07,0.000270619,0.000525556
rs117311714,7.94422e-08,0.00038275,6.06343e-06,0.000151107,0.00167462,0.00158645,0.000207636,0.000348285,0.00102244,0.00138089,0.00235493,0.000828324,0.000654869,0.042483,0.00192915,0.0497773,0.00216098,0.00217644,1.0,0.0471537,0.00265771,0.00151041,0.0439797,0.00532391,0.0380953,0.00131312,0.00154854,0.0432746,0.0434974,0.0356863,0.0356349,0.0353399,0.00125905,0.06037,0.00128424,0.00106705,1.56698e-05,0.00298919,1.39149e-06,0.00300139,0.00878517,4.60883e-05,5.14664e-05,3.72789e-07,0.00294018,2.66375e-06,2.87463e-06,4.00375e-06,0.00304251,0.00300944,1.45876e-06,0.00300633,0.00292956,0.00300883,6.98858e-05,0.00237555,4.68352e-06,0.000205426,0.00300048,1.26714e-05,5.19353e-05,2.86715e-05,6.38764e-06,5.42239e-05,0.00152139,0.00281496,0.000499041,0.00150559,0.00299227,0.00300823,0.00299939,1.66341e-05,2.46321e-06,1.96537e-06,0.00299723,0.000577119,0.00298495,0.000451815,0.00109281,0.00464834,0.0128331,0.000779123,0.0010083,5.26151e-05,0.00791226,0.00432477,0.000628005,0.0012524,0.00131275,0.00131473,0.00017654,0.00130347,0.00136122,0.000373014,0.000158081,0.00100733,0.00171976,0.00109236,0.00113506,0.00222949,0.00123102,0.00112679,0.000481655,0.000445453,0.00101116,0.0023296,0.00150636,0.0235412,0.0225898,0.00399402,0.0215146,0.0012122,0.00119942,0.00293521,0.000922945,0.124915,0.000921858,0.0179398,0.00307867,0.00139959,0.000461927,0.000570457,6.282e-05,9.59158e-05,0.000578675,4.84934e-05,0.00431716,0.00632758,0.003171
rs11129736,9.13137e-06,0.000210076,7.09598e-05,0.00777388,0.001154,0.000362484,0.00114295,0.00858954,0.000152683,0.010265,0.00827737,0.0211342,0.00595585,0.371355,0.0387532,0.515691,0.0410468,0.0409419,0.0471537,1.0,0.050635,0.0269226,0.850895,0.106065,0.742108,0.0130366,0.0219015,0.824799,0.8033,0.698026,0.697448,0.695258,0.00150161,0.159876,0.0156098,0.0103417,1.04567e-05,0.00881233,2.31079e-06,0.00872921,0.34042,1.90225e-07,1.93725e-06,7.6012e-06,0.00881419,2.44083e-06,0.00248497,3.34382e-06,0.00889034,0.00878795,1.67727e-06,0.00894044,0.00876733,0.00884348,0.00036516,0.021051,0.000982998,0.00268129,0.00888664,4.66975e-07,0.000354401,0.000430363,3.17319e-05,0.00077213,0.0123983,0.00819361,0.00427216,0.0197334,0.00877617,0.00848745,0.00881331,0.000813666,1.50194e-06,2.82562e-06,0.00873932,0.00640673,0.00872163,0.00402492,0.0226772,0.0200688,0.364439,0.0184326,0.00877666,0.00176207,0.297948,0.0774205,0.00376246,0.0142661,0.00771545,0.00779038,0.0102078,0.00770059,0.00655507,0.00662437,0.000853217,0.00531851,0.0666384,0.0199993,0.00573802,0.0258129,0.0140524,0.00918009,0.00437124,0.0161014,0.00503484,0.0255065,0.000554124,0.0165876,0.0139859,0.00303718,0.000767001,0.00907098,0.00724671,0.00211869,0.0152549,0.0210281,0.0040336,0.00120441,0.022408,0.0165421,0.00689633,0.00615931,0.00530365,0.00685973,0.000220511,0.00195853,0.00746685,0.0283923,0.0123813
rs35979223,0.0010973,0.000131834,3.58222e-06,0.000142059,0.00585474,0.00521937,0.000710432,0.000388754,0.00407081,0.0087066,0.00223326,0.000693219,0.000341569,0.033306,0.000401446,0.0341643,0.00149549,0.00150779,0.00265771,0.050635,1.0,0.00107371,0.0545165,0.0029728,0.0626366,0.000657424,0.000940854,0.0498171,0.046578,0.0397742,0.0398746,0.039106,0.00113731,0.0134668,0.00039252,6.93745e-05,1.94181e-06,0.00181027,1.64346e-06,0.00181556,0.00754289,2.45116e-05,9.80047e-07,4.6208e-07,0.00181625,1.25095e-06,0.000152097,5.151e-07,0.00180973,0.00179504,4.0724e-06,0.00181631,0.00183155,0.00176268,1.21712e-05,0.00161158,6.95626e-06,4.30936e-05,0.00178043,4.15112e-05,1.03007e-05,1.35164e-05,3.82509e-07,2.94469e-05,0.000491013,0.00176872,0.000292717,0.00127678,0.00180494,0.00183975,0.0018439,2.5402e-05,1.99376e-06,8.19702e-07,0.00182169,0.000431456,0.00183218,0.000259588,0.000360103,0.00239154,0.011328,0.000127094,0.000924381,0.000117432,0.00646081,0.00247534,0.000367193,0.00044285,0.0018793,0.00185861,0.000277754,0.00186417,0.00190021,0.000305153,0.000155789,0.00148565,0.00189622,0.00012906,0.000518288,4.24222e-06,0.000770391,0.000357876,0.000222413,0.000825447,0.00148008,0.00198652,0.0298037,0.0140349,0.0175174,0.00118875,8.0862e-05,0.00129179,0.000700457,0.00244715,0.000146429,0.0018722,0.000157783,0.000262022,0.00267715,0.00186512,0.000736735,0.000227649,0.000346749,0.000809681,0.000131423,0.000815516,0.00073531,0.00493977,0.00276861
rs77195211,0.00150113,0.000540722,0.000287641,0.000444274,0.000308561,4.63849e-05,0.00126198,0.000690324,0.000315644,0.000500453,0.000414733,0.000446485,6.5349e-05,0.0141331,0.563019,0.0180567,0.66007,0.658372,0.00151041,0.0269226,0.00107371,1.0,0.0304426,0.00162488,0.0147842,0.000393765,0.000800292,0.0299714,0.0298434,0.0246555,0.0245749,0.0244455,0.0368493,0.0245022,0.000532376,0.000312156,4.77553e-06,0.202872,2.48849e-06,0.20293,0.00308338,2.53116e-05,4.45165e-05,3.78722e-05,0.201763,1.48073e-06,0.000147379,2.23872e-06,0.203261,0.20262,2.20201e-05,0.202975,0.203034,0.202497,4.82106e-05,0.000610856,6.73962e-05,8.24931e-05,0.202063,9.59108e-06,5.15194e-05,5.46947e-05,2.64344e-05,3.39614e-05,0.000582009,0.197388,0.000176551,0.000317384,0.203891,0.201829,0.202026,2.5763e-05,2.85061e-05,3.7198e-05,0.202063,0.000260432,0.203175,0.000189114,1.7722e-05,0.137986,0.0214008,0.00046631,0.00142632,0.000117033,0.0025032,0.00220091,0.000166556,0.000522969,0.196183,0.19517,0.000245798,0.196011,0.187544,0.000230995,6.50966e-05,0.174064,0.00153866,0.000698624,0.000362726,0.000551431,0.000813127,0.000275986,0.000529249,0.000463837,0.172266,0.000382794,0.000363693,0.00719498,0.00689759,0.00757123,0.00219638,0.00314671,0.000101209,0.000971406,0.000280333,0.00133401,7.3225e-05,0.00529475,0.00224693,0.000572611,2.30513e-05,0.000274484,0.000872597,4.75149e-07,4.43037e-05,0.000359185,0.00143568,2.05251e-05,8.96117e-05
rs11712098,0.00047431,0.000377422,7.50847e-05,0.00708018,0.000671659,0.000284863,0.00137311,0.00757916,0.000165633,0.0116986,0.00698969,0.00866355,0.00540192,0.380748,0.0403704,0.529798,0.0430102,0.042806,0.0439797,0.850895,0.0545165,0.0304426,1.0,0.116119,0.876006,0.0127668,0.0206795,0.970573,0.946827,0.81016,0.809537,0.80686,0.00128491,0.148897,0.0173191,0.00962603,5.12115e-06,0.0105896,1.25752e-06,0.0104953,0.337853,1.86791e-07,1.08248e-05,2.4579e-05,0.0105239,1.60644e-06,0.00238792,4.89845e-07,0.0106101,0.0104944,2.28844e-06,0.0106846,0.010555,0.0106256,0.000304586,0.0217657,0.0010299,0.00284692,0.0105921,3.82573e-06,0.000278701,0.000324386,2.77247e-07,0.000779834,0.0128925,0.00984784,0.00409053,0.0216971,0.010567,0.0102827,0.0105443,0.000789934,1.0205e-06,1.14899e-05,0.0104687,0.0063904,0.0105063,0.003797,0.0255482,0.0225373,0.370434,0.0194586,0.00854592,0.00204049,0.293904,0.0832601,0.00343866,0.0156997,0.00944919,0.00944567,0.0111814,0.00938995,0.0081335,0.00609063,0.000981597,0.00669626,0.0721867,0.0206093,0.00766688,0.0256097,0.0132985,0.00870417,0.00499526,0.0170208,0.00635751,0.0249303,0.000433945,0.0165206,0.0144301,0.00285377,0.00178289,0.00887085,0.00689388,0.000568259,0.0170421,0.0192079,0.00357734,0.00207739,0.0209063,0.0150379,0.00669131,0.00493629,0.0033183,0.00670916,0.00014211,0.000117714,0.0125999,0.0195392,0.00644685
rs3733032,0.00817149,0.0011069,0.000266878,0.00123904,0.0212099,0.00225487,0.0228643,0.00172118,0.00172716,0.0063028,0.000595014,0.00176419,0.000522806,0.110867,0.00242126,0.0962423,0.00261066,0.00253739,0.00532391,0.106065,0.0029728,0.00162488,0.116119,1.0,0.131881,0.00147202,0.00265247,0.110642,0.10722,0.0972863,0.097417,0.0973811,0.000819896,0.0418777,0.00157296,0.00119074,1.24232e-05,0.00290818,1.41017e-06,0.00290689,0.126954,3.44421e-05,5.22091e-05,1.13656e-06,0.00295104,2.91549e-06,9.20602e-05,1.45722e-05,0.00288816,0.00287645,1.14935e-09,0.00289502,0.00289815,0.00284644,2.49869e-05,0.00286008,5.83193e-05,0.000227547,0.00285261,2.85018e-06,1.28402e-05,2.87078e-05,8.30294e-06,0.00910254,0.00170076,0.00279492,0.000451951,0.00222422,0.00291039,0.00292617,0.00288813,3.56097e-05,3.97511e-06,7.9638e-06,0.00289964,0.000623027,0.00290041,0.000407047,0.00117509,0.004778,0.0995301,0.00105633,0.00148981,0.000261735,0.142238,0.00656626,0.00130997,0.00135313,0.0029606,0.0028808,0.00127716,0.00294818,0.0030328,0.000760048,0.000281144,0.00237012,0.643147,0.00166583,5.24215e-05,0.00614171,0.000988428,0.000803133,0.000848801,0.00182175,0.00241081,0.00333002,0.00176819,0.0422504,0.0357737,0.00165434,0.0172236,0.00236855,0.000265056,0.0047042,0.00171921,0.00233953,0.00107991,0.0255792,0.0160899,0.0226084,0.000971248,0.000535979,0.0552994,0.000996391,0.000519775,0.000108682,6.23614e-05,0.015708,0.00365964
rs4441609,0.00210072,0.000849792,3.07773e-05,0.00612384,0.000254862,0.00048148,9.13782e-05,0.00626399,0.000488011,0.0114331,0.00830906,0.0107266,0.00502987,0.458015,0.0126725,0.631798,0.0200143,0.0199984,0.0380953,0.742108,0.0626366,0.0147842,0.876006,0.131881,1.0,0.0114439,0.0179192,0.849892,0.828027,0.712666,0.712236,0.709914,0.0083382,0.209254,0.0205927,0.00830776,1.26479e-06,0.00952583,1.91227e-07,0.00959696,0.378024,8.69097e-10,7.21325e-06,7.54575e-06,0.00948702,2.30964e-06,0.00199369,1.25762e-07,0.00951679,0.00950563,5.17198e-07,0.00948721,0.00957893,0.00944787,0.000243932,0.0188159,0.00125966,0.00313987,0.00944682,1.10651e-05,0.000206746,0.000261761,5.51569e-07,0.000927874,0.0154685,0.00937833,0.00366453,0.0224848,0.00962598,0.00973873,0.00954946,0.000697991,2.29239e-06,1.21281e-06,0.00957715,0.00558041,0.00962767,0.00336571,0.0262741,0.000231681,0.301936,0.0190177,0.010463,0.00254198,0.326886,0.0958421,0.00296491,0.0187127,0.00950926,0.0093169,0.0132634,0.00950416,0.0100461,0.00518583,0.00122818,0.0062034,0.084352,0.0245003,0.00650281,0.0224575,0.0110032,0.00753257,0.000415391,0.0199719,0.00639447,0.0221801,0.000151788,0.0262485,0.0232797,0.00618066,0.000951856,0.0119268,0.0059776,0.000131315,0.0122745,0.0159671,0.00376858,0.004798,0.0152504,0.00972754,0.00705906,0.00406773,0.00264717,0.00566559,9.16072e-05,0.000395773,0.0130126,0.0181487,0.0078573
rs76739135,0.0010657,0.000275885,1.00825e-05,4.01135e-05,0.000567817,0.000260087,0.0144456,0.000163503,0.000518864,0.00199707,0.0393973,0.000158326,3.80628e-05,0.0111058,0.000433448,0.013587,0.000403882,0.00038222,0.00131312,0.0130366,0.000657424,0.000393765,0.0127668,0.00147202,0.0114439,1.0,0.00062678,0.0124996,0.01237,0.0127474,0.0127751,0.0128562,0.000390821,0.0216471,0.000283788,5.48105e-05,2.23755e-06,0.000826424,2.78294e-07,0.000826858,0.00661289,2.39768e-07,1.44919e-05,1.78705e-05,0.000825193,2.89835e-06,0.000186165,1.21045e-05,0.000828266,0.000819318,9.15525e-06,0.000837442,0.000828543,0.000831225,1.61894e-05,0.000524496,1.23726e-05,8.15788e-05,0.000799047,4.34207e-06,2.38731e-08,5.2193e-08,4.02831e-06,3.4543e-05,0.00037381,0.000759042,0.28094,0.000480089,0.000825537,0.000827511,0.000840146,3.58828e-05,1.25516e-05,8.66207e-07,0.0008261,0.000134815,0.000810662,0.264529,0.000168285,0.00124151,0.00864271,0.000375539,0.046031,1.29838e-05,0.00582133,0.0014735,0.0505336,0.000307239,0.000751368,0.000757893,9.01893e-05,0.00075549,4.90282e-05,1.07443e-06,8.15982e-07,1.27864e-05,0.00100992,0.000307622,0.000239423,0.00976,8.5902e-05,0.000206076,0.000676993,0.000466717,1.3409e-05,0.000471606,0.000449463,0.00997864,0.00978331,0.000208877,0.00253592,0.00025544,0.000273837,0.00014942,0.00011211,0.00137714,0.000175997,0.00277565,0.000192877,0.0011986,0.000171361,1.76222e-07,0.000233506,0.000161999,0.000121427,0.000309445,0.000952646,3.40857e-06,5.59881e-05
rs76851125,0.00448821,3.89105e-05,0.000667276,0.000530415,0.00457191,0.000149784,0.00219474,0.000686738,0.039762,0.00106326,0.00190424,0.000661175,0.000228717,0.0189746,0.000943427,0.0224599,0.000985103,0.000977022,0.00154854,0.0219015,0.000940854,0.000800292,0.0206795,0.00265247,0.0179192,0.00062678,1.0,0.0207766,0.0194978,0.0218461,0.0220134,0.0219392,0.000773416,0.01589,0.000119562,0.000499342,4.58613e-05,0.00157244,1.5487e-05,0.00158157,0.00917489,1.236e-06,2.29205e-05,9.49934e-06,0.00158606,1.0031e-05,7.10362e-05,3.71297e-07,0.00159169,0.00160872,6.07028e-06,0.00160738,0.00159245,0.00162863,1.39863e-05,0.00105703,2.10857e-05,1.36741e-05,0.00159522,9.84974e-06,6.45299e-05,9.50586e-06,4.20014e-05,1.2687e-06,0.0001349,0.00152243,0.00029291,0.00135065,0.00160032,0.00161336,0.00157824,3.57513e-05,1.30941e-05,5.23124e-05,0.00158701,0.000358885,0.00164713,0.000329538,0.000404749,0.0016528,0.00828188,0.00089225,0.000451012,5.58336e-05,0.00841172,0.00190157,4.18677e-05,8.64029e-05,0.00164819,0.00157958,0.000692695,0.00158444,0.00167645,0.000417405,0.00417863,0.00152755,0.00250236,0.0009366,0.00038101,0.00243614,0.652912,0.000319697,0.000517086,0.000552427,0.00150032,0.00148409,0.00102656,0.0135937,0.0137291,0.000870208,0.00696628,0.000845051,0.00050444,1.81921e-05,0.000552563,0.00123097,0.000386824,0.0206782,0.00920613,0.000383639,0.000439989,0.289217,0.000744864,0.000929334,0.000191458,0.000635726,0.00197623,0.00178201,0.0029319
rs9830322,0.000540839,0.000312862,7.85336e-05,0.00720791,0.00110993,0.0002421,0.00125745,0.00784505,4.22655e-05,0.0115767,0.00722754,0.00816627,0.00559219,0.371095,0.0399107,0.516381,0.0424872,0.0422494,0.0432746,0.824799,0.0498171,0.0299714,0.970573,0.110642,0.849892,0.0124996,0.0207766,1.0,0.975481,0.820374,0.81988,0.817389,0.00129839,0.149911,0.0172182,0.00961853,5.79336e-06,0.0106582,7.36046e-08,0.0105526,0.340889,1.74571e-09,1.1168e-05,1.74433e-05,0.0105774,1.95059e-06,0.00247536,2.38117e-06,0.0106409,0.010539,5.50776e-07,0.0107262,0.0105962,0.0106671,0.00031025,0.0220475,0.00102059,0.00272808,0.0106198,3.73738e-06,0.000303499,0.000350574,2.12244e-06,0.000769889,0.0128414,0.00990341,0.00418324,0.0254594,0.0106229,0.0103233,0.0106009,0.000773381,5.0916e-08,8.98034e-06,0.0105262,0.00639875,0.0105632,0.00387386,0.0257351,0.0225669,0.379275,0.0193502,0.00457555,0.00211475,0.296969,0.0837077,0.00347649,0.0156317,0.00951117,0.00950682,0.0117802,0.00943902,0.00820417,0.00642091,0.00091981,0.00671172,0.0720703,0.0205847,0.00779412,0.0261585,0.0132579,0.00878939,0.00503904,0.016777,0.00637074,0.0256096,0.000442518,0.0182327,0.0159723,0.00291053,0.00212984,0.00901021,0.00697258,0.000536223,0.0167891,0.0197746,0.00418687,0.00178646,0.0211169,0.0147936,0.00680989,0.00492791,0.00559937,0.00620914,0.000258586,5.23775e-07,0.0134184,0.0203618,0.00699091
Affx-22253581,0.000622137,0.000535298,7.13809e-05,0.00831016,0.00125429,0.00030561,0.000959446,0.00883237,3.17286e-05,0.0114922,0.00780887,0.00816108,0.00564496,0.367778,0.0396286,0.504857,0.0421309,0.0418908,0.0434974,0.8033,0.046578,0.0298434,0.946827,0.10722,0.828027,0.01237,0.0194978,0.975481,1.0,0.835994,0.835403,0.833002,0.00136268,0.156078,0.0171588,0.0096149,9.24859e-06,0.0104884,8.73335e-07,0.0103991,0.35055,4.16003e-07,5.86713e-06,1.73076e-05,0.0104365,7.28371e-06,0.00321664,8.9098e-07,0.0104991,0.0103994,1.63043e-06,0.0105828,0.0104686,0.0105264,0.000313434,0.0225265,0.000415726,0.00267662,0.0104915,3.91301e-06,0.000306039,0.000353364,5.56428e-06,0.000739215,0.0127323,0.00978175,0.00420471,0.0256909,0.0104801,0.0101833,0.0104757,0.000779796,6.06427e-07,4.45401e-06,0.0103843,0.00629296,0.0104078,0.00387527,0.0253853,0.0223081,0.388886,0.0205669,0.00461051,0.00204521,0.306085,0.0900179,0.00268127,0.0155681,0.00934952,0.00934391,0.0116376,0.0092884,0.00804991,0.00638577,0.000868835,0.00661618,0.0733095,0.0204579,0.00777136,0.0266625,0.0134269,0.00890502,0.0049675,0.0168045,0.0062781,0.0262078,0.000436364,0.0188377,0.0156347,0.00297049,0.00233284,0.00911447,0.00702535,0.000257542,0.0168297,0.0198512,0.00413673,0.00191057,0.023015,0.0131948,0.00675263,0.00497696,0.00592019,0.00659414,0.000282917,8.21479e-09,0.015395,0.0194647,0.00712985
rs9819348,0.000652513,0.000525324,0.000685692,0.00824517,0.000791253,0.000154963,0.000265143,0.00891179,1.50714e-05,0.0114413,0.00469597,0.00750179,0.00594955,0.32303,0.0321348,0.431932,0.0334139,0.0332361,0.0356863,0.698026,0.0397742,0.0246555,0.81016,0.0972863,0.712666,0.0127474,0.0218461,0.820374,0.835994,1.0,0.994374,0.991277,0.0170093,0.16386,0.0140512,0.0110093,2.10655e-05,0.0399308,1.78553e-06,0.0400794,0.373191,3.09302e-06,9.19686e-08,1.62297e-05,0.0398665,4.97818e-08,0.00247932,2.29201e-07,0.0399569,0.0398082,6.80439e-06,0.0401509,0.0401414,0.0402817,0.000365471,0.0246821,0.000494816,0.0025254,0.0397821,4.50549e-07,0.000378605,0.000431657,5.78853e-06,0.00071147,0.0100662,0.0378227,0.00447391,0.0266921,0.0401843,0.0395876,0.0399537,0.00100133,4.90437e-06,2.16506e-06,0.0398592,0.00689927,0.0401344,0.00416314,0.0235816,0.0510362,0.471089,0.0197952,0.010118,0.00202342,0.327356,0.0975374,0.00896015,0.0137863,0.0375218,0.0370109,0.0135102,0.0371025,0.0340133,0.00661879,0.00208946,0.0289333,0.0756818,0.0297146,0.00877502,0.0315096,0.0149985,0.00954991,0.00463948,0.016461,0.0288234,0.0276222,0.000698279,0.0116378,0.00943661,0.00192459,0.000375814,0.000287089,0.00841009,0.00125338,0.0164159,0.0220385,0.005068,0.000101862,0.034032,0.0124777,0.0071165,0.0059006,0.00640101,0.00615086,0.000393949,1.95726e-05,0.0138994,0.0156881,0.00603215
rs11709254,0.000678576,0.000615978,0.000661152,0.00822709,0.000742549,0.000151853,0.000262148,0.0089109,1.77001e-05,0.0115879,0.00475684,0.0074517,0.00589795,0.322078,0.0320763,0.430889,0.0333399,0.0331909,0.0356349,0.697448,0.0398746,0.0245749,0.809537,0.097417,0.712236,0.0127751,0.0220134,0.81988,0.835403,0.994374,1.0,0.993697,0.0170067,0.163785,0.0141119,0.0111128,2.04468e-05,0.0398624,1.95267e-06,0.0400104,0.372713,2.70701e-06,1.22243e-07,1.58743e-05,0.0397661,6.85572e-08,0.00245672,1.86325e-07,0.0398887,0.0397735,6.55288e-06,0.0400767,0.0400988,0.0402137,0.000366805,0.0247561,0.000481196,0.00251394,0.0397384,6.65659e-07,0.000394941,0.000448389,5.55652e-06,0.000728814,0.0100864,0.037695,0.00446716,0.0266026,0.0401155,0.0395455,0.0398859,0.00100406,4.71062e-06,3.85188e-06,0.039795,0.00691663,0.0400657,0.00419825,0.0236323,0.0509879,0.470823,0.019722,0.0101856,0.00205341,0.327263,0.0974813,0.00891233,0.0138388,0.0374373,0.0370158,0.0134629,0.0370832,0.0340211,0.00709645,0.00209272,0.028971,0.0764242,0.0295833,0.0087267,0.0310146,0.0151337,0.00954913,0.00471146,0.0163996,0.0289051,0.0276662,0.000699267,0.0118302,0.0095931,0.00189933,0.000417666,0.000293306,0.00857183,0.00127985,0.0165383,0.0223265,0.00502197,0.000101507,0.0338907,0.0126511,0.00715912,0.00598228,0.00632522,0.00613625,0.000420754,1.81927e-05,0.0139246,0.0159942,0.00619135
rs6769189,0.000632779,0.000553132,0.000690132,0.00825585,0.00076436,0.000134024,0.000252565,0.00892778,1.25953e-05,0.0116257,0.00466906,0.00752631,0.0058447,0.321146,0.0319787,0.429546,0.0332882,0.0331411,0.0353399,0.695258,0.039106,0.0244455,0.80686,0.0973811,0.709914,0.0128562,0.0219392,0.817389,0.833002,0.991277,0.993697,1.0,0.0168056,0.164713,0.014063,0.0110303,1.99263e-05,0.0398483,1.89941e-06,0.0400158,0.375964,2.99573e-06,8.42464e-07,2.08873e-05,0.0397857,6.28762e-08,0.00251656,2.82294e-09,0.0398786,0.0397644,9.67248e-06,0.0400718,0.0400635,0.0402214,0.000366765,0.0246191,0.000496259,0.00254142,0.0397015,1.24261e-06,0.000394949,0.000448473,3.27757e-06,0.000730504,0.0100707,0.0377137,0.00447375,0.0263898,0.0401057,0.0395374,0.0398762,0.00100414,7.47665e-06,3.40661e-06,0.039777,0.00696682,0.0400571,0.00420379,0.0235898,0.0509622,0.473763,0.0205901,0.0102715,0.001478,0.330224,0.0977156,0.00897816,0.0137948,0.0374239,0.0369,0.0134181,0.0370295,0.033913,0.00707442,0.00206569,0.0288399,0.075706,0.0296446,0.0086966,0.0312095,0.0150746,0.00950432,0.00475711,0.0167229,0.0287521,0.0275517,0.000716416,0.01165,0.00946845,0.00181917,0.000371978,0.000308017,0.00851197,0.00126835,0.0164818,0.0223053,0.00501203,0.000104127,0.0338444,0.0126012,0.00719195,0.00604947,0.00627242,0.00618582,0.000422676,1.50653e-05,0.0138682,0.0160126,0.00618214
rs80159070,0.00120956,0.000271106,0.00311846,0.000287633,0.000369556,7.72505e-05,0.000326627,0.000492243,0.000233094,0.00310102,0.000849879,0.000344238,0.000146431,0.00310166,0.016585,0.0105486,0.0235688,0.0231597,0.00125905,0.00150161,0.00113731,0.0368493,0.00128491,0.000819896,0.0083382,0.000390821,0.000773416,0.00129839,0.00136268,0.0170093,0.0170067,0.0168056,1.0,0.027541,0.000468731,0.000385618,4.68353e-06,0.309071,4.98618e-05,0.310046,0.00742222,5.17568e-06,1.13271e-05,6.83306e-06,0.308474,4.96465e-05,8.46971e-05,5.70272e-06,0.309577,0.308668,6.10285e-06,0.309315,0.309856,0.309763,6.2122e-05,0.000793159,5.66879e-05,4.00118e-05,0.304867,7.25561e-06,1.97181e-05,2.21338e-05,5.38173e-06,9.62461e-06,0.000507221,0.29792,0.000279069,0.000216332,0.310025,0.308655,0.308776,8.07436e-05,8.72668e-06,1.97781e-05,0.310488,3.87644e-05,0.310404,0.000292457,0.000276089,0.215157,0.0307429,0.000458727,0.000462089,1.74519e-05,0.00678264,0.00133994,0.000132962,0.000483154,0.301544,0.298857,0.000191939,0.299154,0.287509,0.000272927,6.78375e-05,0.222652,0.00144261,0.000559513,0.000273026,0.000994227,0.000697638,0.000255829,0.00014226,0.000389128,0.228432,0.00102447,0.000284666,0.0153519,0.0146527,0.293699,0.00128652,0.188364,0.000305262,5.51477e-05,0.000565271,0.00147079,0.000849986,0.00730284,0.0152078,0.000810141,0.000142861,0.000247015,0.00154762,2.78003e-06,0.00168318,0.000251518,0.00178003,8.31705e-06,1.14365e-05
rs11706926,0.000100682,0.00538048,0.000287105,0.00100559,3.61179e-06,0.0011095,0.000100648,3.57366e-05,0.00403133,0.00058674,0.0242712,0.00847648,0.0111934,0.0607541,0.0235724,0.088233,0.0326056,0.0326385,0.06037,0.159876,0.0134668,0.0245022,0.148897,0.0418777,0.209254,0.0216471,0.01589,0.149911,0.156078,0.16386,0.163785,0.164713,0.027541,1.0,0.0260293,0.0257116,5.45812e-06,0.0737014,6.79962e-06,0.0736764,0.279913,6.29978e-07,7.78821e-07,3.46164e-06,0.0735288,7.12489e-06,0.0061429,7.56225e-06,0.073676,0.0730963,4.023e-05,0.0737906,0.0736168,0.0734577,0.000747908,0.0215385,0.00104285,0.00167874,0.0727957,5.8798e-06,0.000933512,0.000912086,1.14465e-05,0.000675169,0.0267413,0.0702304,0.0103795,0.0154464,0.0737332,0.0732073,0.0734745,0.00080173,2.8131e-05,1.77938e-05,0.0736507,0.00481461,0.0738474,0.00980261,0.0126431,0.103852,0.154375,0.0121657,0.029801,0.00147153,0.249518,0.0569065,0.0176152,0.0219965,0.0733691,0.0728231,0.00764364,0.0729027,0.0746091,0.00719739,0.002428,0.0590747,0.04171,0.0134806,0.00303733,0.0194316,0.012889,0.0185016,0.0204437,0.00804231,0.0591894,0.0247604,9.41768e-05,0.183151,0.164202,0.0328468,0.0111576,0.0440518,0.00609276,0.00174533,0.00400135,0.0470991,0.0156229,0.0518438,1.38106e-05,0.00253989,0.0134184,0.00632602,0.0015174,0.00164365,0.00199439,0.000220759,0.00814367,0.000787998,0.00125468
rs138927785,0.00075419,0.103444,0.000240532,0.000124893,0.00333817,0.000555626,0.000176726,0.000220656,0.000109527,0.0228177,0.000920749,0.000216029,0.00031435,0.010924,0.000365464,0.0139775,0.00071955,0.000686213,0.00128424,0.0156098,0.00039252,0.000532376,0.0173191,0.00157296,0.0205927,0.000283788,0.000119562,0.0172182,0.0171588,0.0140512,0.0141119,0.014063,0.000468731,0.0260293,1.0,0.000428953,1.41843e-05,0.00111163,5.11094e-07,0.00111432,0.00887032,2.9837e-06,2.93546e-06,5.09862e-06,0.0010983,4.82881e-07,3.36153e-05,8.50248e-05,0.00111557,0.00110264,9.30363e-06,0.00110849,0.00111603,0.00109948,3.31521e-05,0.000632401,2.14391e-07,4.47357e-05,0.0011069,6.52747e-07,3.73302e-06,1.93654e-05,1.41782e-05,3.29387e-05,0.866339,0.00107482,9.34201e-05,0.00047639,0.00112647,0.00111064,0.00113117,7.45909e-05,7.17831e-06,9.15502e-07,0.00112837,0.000225467,0.00113756,8.02741e-05,0.000384127,0.233879,0.0115983,0.000385143,0.000477797,4.16736e-05,0.00809572,0.0017643,0.000150281,0.854422,0.00114305,0.00111654,0.000149529,0.0011346,0.00119339,0.000240335,0.000825858,0.00108025,0.0010036,0.000626221,2.2633e-05,0.000923351,0.000454011,0.000253888,0.000351467,0.000185394,0.0010833,0.000802072,0.000670978,0.00916837,0.00946541,0.000613019,0.00169284,0.000581402,0.000230887,0.00127406,0.000309292,0.000470239,7.72719e-05,0.0150114,0.00470169,0.000846913,0.000352682,0.000170397,6.9384e-05,0.000114894,0.000120186,6.30295e-05,0.000192041,0.00262801,0.00101946
rs75655777,0.000124121,0.000255443,2.00472e-05,0.000272025,0.000404946,0.00933776,0.000413142,0.000205646,0.000518582,0.001106,8.14478e-05,0.000217244,7.47317e-05,0.00725248,0.000552823,0.00947474,0.000533292,0.00054657,0.00106705,0.0103417,6.93745e-05,0.000312156,0.00962603,0.00119074,0.00830776,5.48105e-05,0.000499342,0.00961853,0.0096149,0.0110093,0.0111128,0.0110303,0.000385618,0.0257116,0.000428953,1.0,7.44316e-07,0.000925936,7.50381e-06,0.000902423,0.00787995,5.29091e-06,1.78309e-05,1.55089e-06,0.000924955,3.86748e-10,2.32083e-05,6.33137e-07,0.000928462,0.000916463,4.4227e-06,0.000934766,0.000931635,0.00091408,6.27583e-06,0.000741763,1.60487e-05,1.24869e-05,0.000918126,4.88052e-07,2.91859e-06,1.08052e-05,1.91112e-05,2.36346e-05,0.000412602,0.000787037,0.000226559,0.000533979,0.000919334,0.000887178,0.000928322,1.49149e-05,6.8783e-06,1.27108e-05,0.000924243,0.000124755,0.0008936,0.000189986,0.000589172,0.00136967,0.0101709,0.000250876,0.000333731,3.13894e-05,0.00698561,0.00163058,0.000141823,0.00035161,0.000641498,0.000653376,0.000343708,0.000602002,0.000599223,0.000284474,6.59708e-05,0.000562718,0.00132098,0.000507525,0.000336113,0.178233,0.000447191,0.000287992,0.000275119,0.000413888,0.000578219,0.000961072,0.000470274,0.00668603,0.00506079,0.000222831,0.00803034,5.05341e-06,0.000316634,0.000751894,9.42429e-05,0.00118711,0.000191262,0.00197071,0.000531731,0.000541653,5.61363e-05,7.41623e-05,0.000324181,8.68565e-05,0.000193058,0.000607988,0.000246978,0.00183097,0.000819921
rs63749839,5.6397e-09,3.02805e-07,2.34381e-05,2.01813e-06,7.54661e-06,7.18213e-06,1.86436e-06,5.79629e-06,9.4859e-06,1.02495e-07,2.37019e-06,1.05824e-06,4.82263e-06,6.48245e-07,2.49544e-06,1.09432e-06,4.55804e-06,4.07078e-06,1.56698e-05,1.04567e-05,1.94181e-06,4.77553e-06,5.12115e-06,1.24232e-05,1.26479e-06,2.23755e-06,4.58613e-05,5.79336e-06,9.24859e-06,2.10655e-05,2.04468e-05,1.99263e-05,4.68353e-06,5.45812e-06,1.41843e-05,7.44316e-07,1.0,3.44779e-08,4.74608e-06,5.20108e-08,2.52636e-07,3.27797e-06,0.409141,0.381431,6.62731e-09,3.20108e-06,3.93797e-06,4.7979e-06,6.30219e-08,6.41622e-08,0.93902,1.31886e-08,1.60038e-07,2.2616e-08,1.65253e-05,1.86852e-06,4.44692e-06,2.82584e-08,1.9871e-08,1.64206e-05,3.3993e-06,3.60998e-06,0.442285,6.65163e-06,2.25353e-05,4.14251e-07,5.13466e-05,5.90909e-05,1.25285e-07,8.13791e-07,6.18668e-08,8.48956e-06,0.404109,0.392755,3.87193e-08,1.50548e-08,3.72428e-08,0.000118308,2.56536e-06,6.06395e-06,1.19657e-05,4.14046e-07,1.16205e-05,9.19363e-06,7.51223e-10,5.37885e-06,7.05887e-06,1.65446e-05,7.64926e-08,8.89125e-08,2.23998e-05,3.0687e-06,2.65728e-06,1.97143e-06,1.21768e-06,1.58964e-07,1.50971e-05,1.56583e-05,1.33358e-05,7.15778e-07,4.52174e-05,7.47345e-06,1.79828e-05,9.0231e-06,1.30621e-06,3.68102e-06,1.84604e-05,1.01529e-05,5.19286e-06,3.67175e-06,1.56012e-05,1.55452e-06,4.67724e-05,6.86359e-06,3.16828e-05,4.41706e-06,5.45542e-06,7.05201e-06,3.75185e-05,6.51973e-07,1.1956e-06,2.36202e-05,2.90187e-06,3.13015e-06,4.58927e-05,1.79171e-05,4.34675e-06,2.49443e-05,3.4891e-05
rs9852378,2.20759e-05,0.000561089,0.00166212,0.000131046,9.40088e-05,1.8908e-05,0.00132053,0.000455203,0.000526559,0.000760917,6.96889e-05,0.000791503,0.000339617,0.00281256,0.239415,0.00822997,0.296815,0.296491,0.00298919,0.00881233,0.00181027,0.202872,0.0105896,0.00290818,0.00952583,0.000826424,0.00157244,0.0106582,0.0104884,0.0399308,0.0398624,0.0398483,0.309071,0.0737014,0.00111163,0.000925936,3.44779e-08,1.0,7.98028e-06,0.994435,0.0243573,1.22925e-05,1.04364e-06,4.33716e-07,0.99445,4.25416e-06,0.000243619,9.82043e-08,0.998095,0.996605,7.281e-06,0.997222,0.99473,0.994142,5.31197e-05,0.00238044,5.82202e-05,0.000123134,0.987672,6.82446e-05,6.5536e-05,5.17815e-05,1.31573e-05,8.74558e-05,0.00122873,0.965492,0.000561042,0.00131873,0.99648,0.99081,0.997798,0.000122699,5.11607e-06,1.09231e-05,0.998386,0.000261744,0.995459,0.000576272,0.000856114,0.695537,0.084546,0.00100427,0.000672503,0.000173801,0.021205,0.00474226,0.000501213,0.0010817,0.948713,0.943442,0.000560854,0.944492,0.908734,0.000603416,0.00021687,0.719306,0.00384656,0.00132063,0.00100809,0.00333281,0.00145336,0.00108377,0.233635,0.00122461,0.723268,0.00184727,0.00113824,0.0345466,0.032705,0.112374,0.00117765,0.065127,0.00101451,0.0250033,0.000867799,0.00397534,7.36926e-06,0.0161537,0.0275828,0.00247412,0.000495089,0.000587955,1.85705e-05,0.000331425,0.000154918,0.000945146,0.00134556,0.00133554,0.00262874
rs267607730,5.08411e-06,1.57522e-05,5.04918e-06,5.26835e-07,4.89033e-06,2.31613e-06,4.29601e-06,1.08085e-05,1.43727e-05,4.00014e-07,1.8272e-06,1.32738e-06,6.43411e-06,1.64546e-06,1.29389e-06,0.000229796,0.000107244,8.82461e-06,1.39149e-06,2.31079e-06,1.64346e-06,2.48849e-06,1.25752e-06,1.41017e-06,1.91227e-07,2.78294e-07,1.5487e-05,7.36046e-08,8.73335e-07,1.78553e-06,1.95267e-06,1.89941e-06,4.98618e-05,6.79962e-06,5.11094e-07,7.50381e-06,4.74608e-06,7.98028e-06,1.0,8.19284e-06,9.44029e-07,2.77913e-06,2.57096e-05,3.10226e-06,8.5282e-06,2.67698e-06,1.76571e-06,0.277263,8.06618e-06,7.69567e-06,3.62827e-06,8.33868e-06,8.10952e-06,8.17002e-06,2.3709e-05,1.90397e-05,3.74715e-06,2.07705e-05,7.32736e-06,5.70516e-05,2.8474e-06,3.02833e-06,2.44775e-05,5.70303e-06,1.01853e-06,1.10134e-06,1.73013e-05,6.62957e-06,7.96995e-06,8.00642e-06,8.08402e-06,6.83409e-06,3.35228e-06,3.13643e-05,7.46643e-06,1.06133e-05,7.94897e-06,1.8281e-05,7.02463e-06,3.12869e-06,9.55261e-05,7.07345e-06,9.81998e-06,1.32758e-05,1.22821e-05,5.37686e-06,5.27399e-07,1.16621e-05,1.03285e-05,9.42102e-06,1.10289e-06,9.49742e-06,1.29773e-05,5.76466e-06,4.31418e-08,3.09966e-05,5.43249e-07,4.11378e-06,4.23501e-05,3.862e-05,6.4568e-09,4.0073e-06,1.9462e-05,1.06495e-05,3.26923e-05,2.04042e-05,5.39374e-08,4.24881e-06,8.48257e-06,6.5948e-06,5.2237e-06,1.06434e-05,2.83103e-05,6.0487e-05,3.57972e-05,1.5652e-06,4.70248e-06,1.01286e-06,2.4343e-05,9.21737e-07,1.27276e-05,1.31741e-05,3.87382e-05,4.68998e-07,2.23482e-06,1.08374e-05,3.50218e-06,8.44919e-06,1.4906e-07
rs4647222,2.35971e-05,0.000568314,0.00168015,0.000120425,9.3865e-05,1.90145e-05,0.00129447,0.000433655,0.000538282,0.000765865,7.10276e-05,0.000810675,0.000339729,0.00281782,0.239295,0.00830999,0.296561,0.296234,0.00300139,0.00872921,0.00181556,0.20293,0.0104953,0.00290689,0.00959696,0.000826858,0.00158157,0.0105526,0.0103991,0.0400794,0.0400104,0.0400158,0.310046,0.0736764,0.00111432,0.000902423,5.20108e-08,0.994435,8.19284e-06,1.0,0.0242628,1.32587e-05,1.10469e-06,4.69303e-07,0.990093,4.13874e-06,0.000245221,1.18644e-07,0.993718,0.995584,7.14595e-06,0.992856,0.993862,0.993424,5.34554e-05,0.00239817,5.85431e-05,0.000124052,0.986818,4.93666e-05,6.58055e-05,5.20504e-05,1.26527e-05,8.79412e-05,0.00121755,0.965203,0.000558402,0.00133566,0.995756,0.989955,0.993415,0.000123333,4.97655e-06,1.04009e-05,0.993999,0.000261997,0.994593,0.000574877,0.000831354,0.693162,0.0844924,0.000994599,0.000677234,0.000157565,0.0210954,0.00475873,0.000489833,0.001089,0.947959,0.939343,0.000538375,0.943744,0.908037,0.000602608,0.000215888,0.719616,0.00384734,0.00130757,0.000998284,0.00338353,0.00147686,0.00108569,0.233684,0.00123185,0.723313,0.00187628,0.00115385,0.0349717,0.0331115,0.112905,0.00124931,0.0653288,0.00103127,0.0250166,0.000815593,0.00388094,1.03327e-05,0.0163713,0.0276048,0.00244928,0.000490169,0.000567285,2.11053e-05,0.000317051,0.000162306,0.000950294,0.00135464,0.00131212,0.00265143
rs1540354,0.000106743,0.00380778,4.57042e-05,0.00673733,0.00874312,5.54558e-05,0.000118978,0.00591514,5.53187e-05,0.00106468,0.00691619,0.0136474,0.00364645,0.21927,0.00448861,0.223032,0.00463895,0.00470658,0.00878517,0.34042,0.00754289,0.00308338,0.337853,0.126954,0.378024,0.00661289,0.00917489,0.340889,0.35055,0.373191,0.372713,0.375964,0.00742222,0.279913,0.00887032,0.00787995,2.52636e-07,0.0243573,9.44029e-07,0.0242628,1.0,7.66069e-06,9.53768e-06,1.11029e-05,0.0243188,1.53172e-05,0.00221863,9.07119e-08,0.024302,0.0240221,1.44799e-06,0.0242859,0.0241561,0.0241621,0.000212214,0.0186024,0.000294483,0.00392299,0.0239019,5.18623e-06,0.000259665,0.00026844,1.57968e-06,0.00162835,0.0103328,0.0233823,0.0028716,0.0156951,0.0242921,0.0244551,0.0242003,0.000498068,1.33665e-06,5.11259e-06,0.0243435,0.00440555,0.024307,0.00271922,0.039239,0.0360067,0.601561,0.0357703,0.00949502,0.00537864,0.887442,0.197286,0.00655518,0.00839481,0.0233514,0.0231039,0.0283435,0.0232544,0.0235214,0.00498133,0.00848285,0.0189881,0.151322,0.0482264,0.0188363,0.031979,0.010471,0.00713863,0.0056906,0.0315365,0.0190946,0.0210631,0.00741197,0.117368,0.102113,0.0123073,0.00498437,0.016557,0.00844468,0.0188595,0.0193052,0.0157838,0.00488678,0.00915029,0.0613467,3.72895e-08,0.00560531,0.00493034,0.0177046,0.00524008,4.45508e-05,0.0050626,0.0375015,0.0295816,0.0486222
rs63751607,3.69609e-05,2.67004e-05,5.21479e-06,2.7344e-05,2.8568e-05,1.84072e-07,3.49931e-05,2.71034e-05,3.08135e-06,4.17429e-05,5.00382e-06,5.75291e-06,1.40817e-06,3.72536e-06,1.37704e-05,1.21017e-05,1.08773e-05,9.51331e-06,4.60883e-05,1.90225e-07,2.45116e-05,2.53116e-05,1.86791e-07,3.44421e-05,8.69097e-10,2.39768e-07,1.236e-06,1.74571e-09,4.16003e-07,3.09302e-06,2.70701e-06,2.99573e-06,5.17568e-06,6.29978e-07,2.9837e-06,5.29091e-06,3.27797e-06,1.22925e-05,2.77913e-06,1.32587e-05,7.66069e-06,1.0,1.63676e-06,1.27933e-06,1.43371e-05,1.1338e-06,3.64687e-06,1.69938e-06,1.39831e-05,1.37267e-05,1.5122e-06,1.4196e-05,1.40346e-05,1.32397e-05,1.72867e-06,2.0132e-05,1.57507e-06,5.14708e-06,1.41488e-05,5.74142e-06,1.20401e-06,1.27863e-06,1.68436e-06,2.36675e-06,5.14868e-06,3.9608e-05,5.68907e-07,1.87486e-06,1.39147e-05,1.3459e-05,1.31931e-05,3.00694e-06,1.38257e-06,1.46006e-06,1.38781e-05,2.00433e-05,1.3892e-05,7.2824e-07,5.58308e-06,2.00912e-05,1.35202e-05,2.86779e-05,1.7722e-05,5.5795e-06,1.55327e-05,1.91837e-07,2.7055e-05,3.62667e-06,6.80419e-06,1.00974e-06,1.48938e-05,6.63523e-06,8.46167e-06,1.60535e-07,2.1105e-07,1.02829e-05,5.30752e-05,1.55102e-06,5.65222e-06,4.52927e-06,1.77909e-05,3.45209e-05,1.24919e-05,1.11138e-05,1.0629e-05,1.09208e-05,4.69625e-08,4.26075e-06,1.09784e-05,3.53428e-06,1.71246e-05,4.71953e-06,5.00174e-06,2.21081e-06,7.16952e-06,3.77643e-05,3.21738e-06,1.05142e-06,7.57531e-07,2.50347e-05,2.45358e-05,4.23957e-06,6.0648e-05,7.68458e-06,5.02081e-06,8.10787e-06,5.46757e-05,1.70982e-05,3.18836e-06
rs63749820,5.71157e-06,4.60202e-06,1.02027e-06,2.49591e-06,8.08414e-06,1.51954e-05,3.03837e-05,6.32369e-06,2.80091e-06,2.53178e-06,3.70201e-06,2.97313e-05,6.35336e-08,3.2792e-07,2.81202e-06,2.3651e-07,7.89033e-06,8.26326e-06,5.14664e-05,1.93725e-06,9.80047e-07,4.45165e-05,1.08248e-05,5.22091e-05,7.21325e-06,1.44919e-05,2.29205e-05,1.1168e-05,5.86713e-06,9.19686e-08,1.22243e-07,8.42464e-07,1.13271e-05,7.78821e-07,2.93546e-06,1.78309e-05,0.409141,1.04364e-06,2.57096e-05,1.10469e-06,9.53768e-06,1.63676e-06,1.0,1.80354e-06,1.1998e-06,1.59837e-06,3.70936e-07,2.3957e-06,8.54918e-07,9.60723e-07,,1.1494e-06,6.73988e-07,1.09905e-06,5.33691e-05,2.77777e-06,2.22045e-06,6.03053e-06,1.11613e-06,8.19918e-06,1.69735e-06,1.80255e-06,0.721739,3.33653e-06,6.04067e-06,4.90291e-06,4.21029e-05,5.81275e-05,8.29098e-07,3.67435e-09,1.07664e-06,4.23904e-06,1.94908e-06,0.681243,1.02739e-06,7.59239e-09,1.0377e-06,8.26801e-05,3.27803e-05,4.99199e-06,1.07144e-06,2.3243e-06,5.79335e-06,7.86569e-06,8.99696e-06,3.68582e-05,1.50171e-05,3.70909e-06,1.79148e-06,1.8332e-06,3.83453e-05,1.21228e-05,2.7964e-07,1.75879e-06,6.02755e-06,2.23804e-06,6.14211e-05,7.87439e-05,3.79567e-05,9.06176e-06,5.42828e-06,2.45757e-05,9.01828e-06,8.62485e-06,2.44042e-06,9.35746e-08,2.62772e-05,5.07326e-06,3.73452e-07,2.28707e-05,5.11769e-07,1.97273e-06,4.35606e-05,1.9855e-05,2.26518e-05,1.39313e-06,2.06645e-07,1.87551e-06,2.55332e-05,4.46447e-06,2.98539e-06,6.52536e-08,1.99486e-05,4.7762e-06,1.31233e-05,5.09188e-06,1.12127e-06,5.11438e-06,1.74378e-05
rs267607750,1.68459e-05,1.19475e-06,2.19579e-09,3.18844e-09,9.59453e-06,1.22592e-05,2.43743e-05,3.23436e-07,2.6285e-05,2.19227e-07,3.73058e-06,6.41524e-06,2.12147e-06,1.47304e-07,2.73003e-05,5.82964e-09,3.36404e-05,3.25907e-05,3.72789e-07,7.6012e-06,4.6208e-07,3.78722e-05,2.4579e-05,1.13656e-06,7.54575e-06,1.78705e-05,9.49934e-06,1.74433e-05,1.73076e-05,1.62297e-05,1.58743e-05,2.08873e-05,6.83306e-06,3.46164e-06,5.09862e-06,1.55089e-06,0.381431,4.33716e-07,3.10226e-06,4.69303e-07,1.11029e-05,1.27933e-06,1.80354e-06,1.0,5.24892e-07,1.24926e-06,2.47979e-06,1.87254e-06,4.49563e-07,3.86025e-07,0.941669,4.95408e-07,4.5845e-07,4.65898e-07,1.90476e-06,5.24638e-06,1.73556e-06,5.67153e-06,4.75299e-07,6.40868e-06,1.32669e-06,1.40887e-06,1.85598e-06,2.60784e-06,8.2707e-06,4.4954e-07,7.31185e-05,2.26059e-07,4.32982e-07,5.19086e-07,2.98866e-07,3.29688e-06,0.938822,1.60883e-06,4.24508e-07,3.04948e-06,4.30642e-07,0.000132527,1.36866e-05,4.63701e-06,9.52866e-06,5.70025e-06,1.50207e-06,9.69797e-06,5.98527e-06,2.31535e-10,2.44681e-05,5.97342e-06,8.8722e-07,9.13131e-07,4.38296e-05,8.16028e-07,1.51097e-08,6.02494e-05,1.505e-09,8.67909e-10,6.00238e-06,2.01474e-06,8.88959e-06,2.4248e-07,3.537e-05,4.57176e-07,3.50474e-07,2.97701e-06,1.56616e-06,6.52505e-06,4.05015e-06,5.09434e-07,1.62961e-06,8.55157e-06,2.40927e-05,8.02638e-07,1.14313e-05,1.32648e-05,3.13437e-05,2.4164e-05,1.34532e-06,2.39734e-06,5.77905e-06,1.13054e-05,2.63162e-06,1.1923e-05,3.69241e-07,4.33648e-08,2.78234e-05,3.39785e-06,1.79146e-05,2.38411e-05,1.69772e-05
rs4234259,2.49428e-05,0.000581595,0.00164367,0.000131903,8.66331e-05,2.36748e-05,0.00131924,0.000462464,0.000528622,0.000745335,6.06739e-05,0.000755307,0.000341483,0.00277649,0.238489,0.008219,0.295333,0.295009,0.00294018,0.00881419,0.00181625,0.201763,0.0105239,0.00295104,0.00948702,0.000825193,0.00158606,0.0105774,0.0104365,0.0398665,0.0397661,0.0397857,0.308474,0.0735288,0.0010983,0.000924955,6.62731e-09,0.99445,8.5282e-06,0.990093,0.0243188,1.43371e-05,1.1998e-06,5.24892e-07,1.0,3.96632e-06,0.000248842,1.526e-07,0.994024,0.992516,6.8856e-06,0.99316,0.990674,0.990092,5.3951e-05,0.00237442,5.90411e-05,0.000127646,0.983774,5.1911e-05,6.62316e-05,5.24658e-05,1.36402e-05,8.86895e-05,0.00121725,0.961602,0.000550167,0.00133509,0.992416,0.986924,0.993723,0.000124312,4.77433e-06,1.1344e-05,0.994307,0.00024775,0.991407,0.000565596,0.000843295,0.693248,0.0842646,0.00100422,0.000675412,0.00017656,0.0212222,0.00477477,0.000513153,0.00106631,0.944912,0.939519,0.000539718,0.940695,0.905201,0.000599537,0.000197255,0.717245,0.00389806,0.00135533,0.00100898,0.00331019,0.00146338,0.00110099,0.232712,0.00121679,0.720916,0.00182317,0.00109759,0.0345398,0.0326697,0.112233,0.00121621,0.064937,0.0010283,0.0246879,0.000839293,0.00388767,8.55008e-06,0.0160859,0.0274336,0.00241941,0.000512336,0.00059647,2.02801e-05,0.000346046,0.00014845,0.000939673,0.00138582,0.00133159,0.00257847
Affx-84079154,4.00871e-08,4.0735e-06,5.9106e-07,1.23912e-06,3.71489e-06,6.02213e-06,4.06132e-05,1.26416e-05,7.83934e-07,2.53419e-05,1.06508e-06,2.32709e-05,4.52584e-06,1.20344e-06,7.13558e-08,4.18685e-07,1.91866e-06,2.08411e-06,2.66375e-06,2.44083e-06,1.25095e-06,1.48073e-06,1.60644e-06,2.91549e-06,2.30964e-06,2.89835e-06,1.0031e-05,1.95059e-06,7.28371e-06,4.97818e-08,6.85572e-08,6.28762e-08,4.96465e-05,7.12489e-06,4.82881e-07,3.86748e-10,3.20108e-06,4.25416e-06,2.67698e-06,4.13874e-06,1.53172e-05,1.1338e-06,1.59837e-06,1.24926e-06,3.96632e-06,1.0,3.99895e-06,1.65952e-06,4.19241e-06,4.42941e-06,1.47661e-06,4.05335e-06,4.1691e-06,4.14105e-06,1.66589e-06,1.85594e-05,1.53812e-06,4.99708e-06,4.12145e-06,5.5899e-06,1.17576e-06,1.24863e-06,1.64485e-06,2.31124e-06,1.83385e-05,4.38853e-06,4.37046e-07,6.57567e-06,4.25039e-06,3.96857e-06,4.18277e-06,2.93641e-06,1.35014e-06,1.42582e-06,4.2801e-06,1.50513e-06,4.25253e-06,6.93239e-06,1.66212e-05,1.68764e-05,3.08541e-07,1.05419e-05,4.33092e-06,5.44864e-06,9.40699e-06,5.74588e-06,5.33288e-06,7.88689e-06,9.83377e-06,2.02227e-05,2.05288e-06,1.01245e-05,1.69208e-05,5.01919e-06,2.13248e-05,7.45009e-06,1.17741e-05,1.01802e-05,3.84416e-09,2.05605e-06,5.76862e-06,8.7984e-07,1.03856e-06,1.43874e-06,1.67759e-05,2.02826e-05,1.19713e-05,1.07041e-05,1.55396e-05,4.22607e-05,5.39341e-06,1.66283e-05,4.23977e-05,1.72165e-06,2.39644e-05,8.11075e-06,9.46265e-06,1.48934e-05,6.50618e-06,2.00992e-05,8.0851e-06,1.54901e-07,7.41621e-08,0.000124808,4.69896e-07,7.06958e-06,1.14203e-06,2.79193e-05,5.27606e-06
rs4986984,2.14873e-06,9.15633e-05,5.37009e-05,2.13742e-05,9.13622e-05,1.76274e-06,0.000247277,6.27049e-05,0.000207276,0.000202777,0.00450801,4.26601e-05,5.03721e-06,0.00130447,0.000157968,0.00163498,0.000169628,0.000172059,2.87463e-06,0.00248497,0.000152097,0.000147379,0.00238792,9.20602e-05,0.00199369,0.000186165,7.10362e-05,0.00247536,0.00321664,0.00247932,0.00245672,0.00251656,8.46971e-05,0.0061429,3.36153e-05,2.32083e-05,3.93797e-06,0.000243619,1.76571e-06,0.000245221,0.00221863,3.64687e-06,3.70936e-07,2.47979e-06,0.000248842,3.99895e-06,1.0,2.23118e-07,0.000243959,0.000242919,1.12579e-06,0.000246141,0.000245727,0.000244951,1.24668e-05,7.83787e-05,8.06907e-05,2.29029e-06,0.000242585,4.59889e-06,8.69867e-06,9.25443e-06,1.21692e-05,5.98861e-07,5.47527e-05,0.000249576,0.000124069,0.000141723,0.000244496,0.000232363,0.000245744,2.16555e-05,1.62666e-06,1.05671e-05,0.000244155,3.90002e-05,0.000244165,0.000126981,4.21877e-05,0.00030306,0.002854,0.000132375,0.000109294,1.72845e-05,0.00199505,0.000536794,7.83121e-05,6.03048e-05,0.000259579,0.00026323,6.38318e-05,0.000275311,0.0003003,2.99926e-05,2.49412e-05,0.000190973,0.000418592,9.54286e-05,8.6041e-05,0.0400379,4.8707e-05,4.65828e-05,0.000111532,0.000146509,0.000195836,8.58e-05,7.83035e-05,0.00383652,0.00367447,3.10797e-05,0.000895249,4.74076e-05,9.39753e-05,0.000203798,0.000124366,0.000116205,2.50317e-05,0.00189294,0.000812898,0.000173983,0.000149805,1.29379e-05,0.000133835,0.000208809,4.43584e-06,0.000159856,0.000252207,0.00103195,0.000644893
Affx-89011895,8.04318e-06,1.75529e-06,2.19796e-06,3.05914e-07,9.32412e-08,3.27609e-06,3.25175e-06,4.35638e-07,4.10764e-06,5.83443e-05,1.55464e-06,1.00704e-05,7.03453e-06,3.15693e-08,3.90732e-06,0.000275472,5.64728e-05,6.01108e-06,4.00375e-06,3.34382e-06,5.151e-07,2.23872e-06,4.89845e-07,1.45722e-05,1.25762e-07,1.21045e-05,3.71297e-07,2.38117e-06,8.9098e-07,2.29201e-07,1.86325e-07,2.82294e-09,5.70272e-06,7.56225e-06,8.50248e-05,6.33137e-07,4.7979e-06,9.82043e-08,0.277263,1.18644e-07,9.07119e-08,1.69938e-06,2.3957e-06,1.87254e-06,1.526e-07,1.65952e-06,2.23118e-07,1.0,4.68422e-08,7.25033e-08,2.19398e-06,1.34469e-07,1.12406e-07,1.16713e-07,5.06823e-05,2.13448e-05,2.3054e-06,7.53368e-06,5.62831e-08,8.46864e-06,1.76228e-06,1.8715e-06,2.46536e-06,3.44233e-06,3.72949e-05,1.02042e-07,4.87596e-06,1.96213e-10,9.79521e-08,7.55357e-08,1.08874e-07,4.35751e-06,2.02364e-06,2.13707e-06,9.3226e-08,2.37489e-05,9.67904e-08,5.34292e-06,1.72891e-07,9.49962e-06,0.000108149,1.65012e-05,6.95883e-06,8.16661e-06,3.77351e-07,1.0157e-06,2.50761e-05,2.79143e-05,2.25811e-07,2.1122e-07,4.11741e-06,2.73841e-07,3.12675e-08,2.62848e-06,1.8383e-05,3.63528e-06,7.96029e-06,3.4025e-07,6.0045e-05,3.39407e-05,3.1878e-07,6.81229e-07,1.03718e-05,1.5678e-05,3.89533e-06,1.88682e-05,3.15141e-07,3.80842e-08,1.23458e-07,2.65034e-05,3.37057e-05,1.1089e-05,3.84591e-05,3.64635e-05,3.7316e-05,4.4405e-07,1.8688e-06,1.66409e-05,5.50548e-06,6.10672e-06,7.48532e-08,2.74412e-06,2.67605e-06,1.37317e-06,6.85157e-07,1.20699e-06,1.68147e-07,8.19048e-09,3.8261e-06
rs1558528,2.16015e-05,0.000566875,0.00167782,0.000131225,9.31428e-05,2.09984e-05,0.00131023,0.000456729,0.000499403,0.000743817,7.81273e-05,0.000793411,0.000340511,0.00278757,0.239679,0.00824412,0.297127,0.296877,0.00304251,0.00889034,0.00180973,0.203261,0.0106101,0.00288816,0.00951679,0.000828266,0.00159169,0.0106409,0.0104991,0.0399569,0.0398887,0.0398786,0.309577,0.073676,0.00111557,0.000928462,6.30219e-08,0.998095,8.06618e-06,0.993718,0.024302,1.39831e-05,8.54918e-07,4.49563e-07,0.994024,4.19241e-06,0.000243959,4.68422e-08,1.0,0.996173,7.19759e-06,0.996791,0.994302,0.993718,5.31876e-05,0.00240272,5.82736e-05,0.000111333,0.98726,5.03793e-05,6.5553e-05,5.18203e-05,1.25303e-05,8.7536e-05,0.00123288,0.96506,0.000561715,0.0013348,0.99605,0.990394,0.997364,0.00012279,5.04149e-06,1.02998e-05,0.99795,0.000251173,0.995033,0.000575722,0.000843306,0.695472,0.0847629,0.00100823,0.000689203,0.000174018,0.0211818,0.00475519,0.000499388,0.00108683,0.948398,0.943002,0.000563522,0.944185,0.908457,0.000603506,0.000217425,0.719833,0.00385844,0.00135275,0.000980337,0.00334918,0.00147132,0.00108517,0.233772,0.00123155,0.723785,0.00186723,0.00111391,0.0346507,0.032826,0.11261,0.00119634,0.0652157,0.00100189,0.0248956,0.000848325,0.00396104,5.92819e-06,0.0161271,0.0275782,0.00243889,0.000490776,0.000588309,1.46894e-05,0.000339327,0.000153066,0.00094815,0.00135992,0.00131133,0.00263987
rs4647269,2.65109e-05,0.000563594,0.00161986,0.00012565,9.55239e-05,1.22636e-05,0.00129271,0.000445033,0.000506025,0.000719748,8.19836e-05,0.000784284,0.000336829,0.00276363,0.238336,0.00818686,0.295952,0.295636,0.00300944,0.00878795,0.00179504,0.20262,0.0104944,0.00287645,0.00950563,0.000819318,0.00160872,0.010539,0.0103994,0.0398082,0.0397735,0.0397644,0.308668,0.0730963,0.00110264,0.000916463,6.41622e-08,0.996605,7.69567e-06,0.995584,0.0240221,1.37267e-05,9.60723e-07,3.86025e-07,0.992516,4.42941e-06,0.000242919,7.25033e-08,0.996173,1.0,7.57264e-06,0.9953,0.996172,0.995584,5.2735e-05,0.00239955,5.78622e-05,0.000124202,0.989091,4.92196e-05,6.52633e-05,5.14892e-05,1.29023e-05,8.69179e-05,0.00121916,0.967216,0.000558425,0.00132144,0.997936,0.99223,0.995871,0.000122012,5.32786e-06,1.07055e-05,0.996459,0.000257252,0.996907,0.000573552,0.000835218,0.693175,0.0843068,0.000998252,0.000678964,0.000171387,0.0209323,0.00473151,0.000496019,0.00107382,0.950207,0.941515,0.000555591,0.946,0.910031,0.000596583,0.000214646,0.719866,0.00382708,0.00132173,0.000899274,0.00331231,0.00147516,0.00105812,0.23293,0.00121693,0.723992,0.00185527,0.0011113,0.0345136,0.0326441,0.112016,0.00121493,0.0650102,0.00101771,0.0248639,0.000875947,0.00394559,1.20885e-05,0.0161647,0.0277609,0.00245185,0.000489843,0.000593166,1.97018e-05,0.000366417,0.000160069,0.000934735,0.00133462,0.00137942,0.0025624
rs267607799,3.64369e-06,3.06782e-07,4.58536e-05,1.27442e-06,6.28267e-06,1.41373e-07,3.69061e-05,5.65883e-07,3.29577e-05,7.90101e-07,4.86881e-06,1.11304e-05,1.25943e-05,1.4638e-06,2.57113e-05,3.26562e-06,3.24077e-05,3.13096e-05,1.45876e-06,1.67727e-06,4.0724e-06,2.20201e-05,2.28844e-06,1.14935e-09,5.17198e-07,9.15525e-06,6.07028e-06,5.50776e-07,1.63043e-06,6.80439e-06,6.55288e-06,9.67248e-06,6.10285e-06,4.023e-05,9.30363e-06,4.4227e-06,0.93902,7.281e-06,3.62827e-06,7.14595e-06,1.44799e-06,1.5122e-06,,0.941669,6.8856e-06,1.47661e-06,1.12579e-06,2.19398e-06,7.19759e-06,7.57264e-06,1.0,6.99004e-06,7.14229e-06,7.13922e-06,2.21256e-06,3.53331e-07,2.03204e-06,6.62598e-06,7.09953e-06,7.57522e-06,1.54872e-06,1.64591e-06,1.93463e-08,3.0322e-06,1.36032e-05,7.53745e-06,5.46495e-05,1.02391e-05,7.31964e-06,6.90133e-06,7.96947e-06,3.91633e-06,0.96838,7.74058e-08,7.31929e-06,5.34721e-06,7.29718e-06,0.000103175,4.09419e-05,7.07708e-08,3.44984e-06,1.14149e-05,4.31794e-06,6.55797e-06,4.39837e-07,1.34093e-06,1.48155e-05,1.06152e-05,5.5306e-06,5.4545e-06,2.79301e-05,5.75172e-06,1.06949e-05,4.24531e-05,2.59567e-07,4.92246e-06,7.30003e-08,6.23616e-06,3.64219e-06,4.56808e-07,4.47006e-05,5.09433e-08,3.2246e-06,2.86625e-07,2.17645e-05,1.619e-07,7.81934e-07,7.02247e-09,4.75949e-11,3.35519e-06,1.82757e-05,1.00264e-05,4.78253e-06,1.85235e-05,1.73742e-05,1.65761e-05,2.19843e-05,1.39334e-06,1.75314e-06,1.49315e-05,5.52055e-07,1.65305e-05,3.24137e-07,1.30747e-07,3.24928e-05,8.70931e-06,3.90998e-06,1.34439e-05,5.46577e-06
rs2286939,2.23545e-05,0.000565801,0.00167178,0.000125895,8.98936e-05,2.52157e-05,0.00131868,0.00044902,0.000516159,0.000760433,7.3124e-05,0.00077623,0.00034545,0.00273967,0.239948,0.00821212,0.29724,0.29691,0.00300633,0.00894044,0.00181631,0.202975,0.0106846,0.00289502,0.00948721,0.000837442,0.00160738,0.0107262,0.0105828,0.0401509,0.0400767,0.0400718,0.309315,0.0737906,0.00110849,0.000934766,1.31886e-08,0.997222,8.33868e-06,0.992856,0.0242859,1.4196e-05,1.1494e-06,4.95408e-07,0.99316,4.05335e-06,0.000246141,1.34469e-07,0.996791,0.9953,6.99004e-06,1.0,0.993438,0.992856,5.36294e-05,0.00240338,5.87234e-05,0.000112534,0.986404,5.13046e-05,6.59446e-05,5.21974e-05,1.3484e-05,8.8212e-05,0.00122587,0.964385,0.000567628,0.00135169,0.995183,0.989538,0.996493,0.000123679,4.87266e-06,1.12014e-05,0.997078,0.000265585,0.994169,0.000583008,0.00083597,0.695411,0.0849556,0.000995284,0.000694257,0.000175516,0.0211194,0.00478999,0.000492287,0.00107963,0.947626,0.942238,0.00056797,0.943419,0.907629,0.000607566,0.000204632,0.718767,0.00383337,0.00136187,0.000988287,0.00334401,0.0014841,0.00109205,0.233338,0.00125231,0.722705,0.0018709,0.00115285,0.0346042,0.032736,0.112809,0.00119528,0.0652331,0.00102464,0.0247932,0.000846064,0.00395214,8.09716e-06,0.0161452,0.0277096,0.0024313,0.000493506,0.000591103,2.15153e-05,0.000331541,0.00015225,0.000958374,0.00135869,0.00132667,0.0026092
rs3774338,1.98739e-05,0.000558734,0.00163431,0.000118496,9.81068e-05,2.03865e-05,0.00131229,0.000436346,0.00055702,0.000754965,8.40638e-05,0.000782597,0.000340585,0.00281093,0.239756,0.00827483,0.297036,0.296787,0.00292956,0.00876733,0.00183155,0.203034,0.010555,0.00289815,0.00957893,0.000828543,0.00159245,0.0105962,0.0104686,0.0401414,0.0400988,0.0400635,0.309856,0.0736168,0.00111603,0.000931635,1.60038e-07,0.99473,8.10952e-06,0.993862,0.0241561,1.40346e-05,6.73988e-07,4.5845e-07,0.990674,4.1691e-06,0.000245727,1.12406e-07,0.994302,0.996172,7.14229e-06,0.993438,1.0,0.993862,5.3315e-05,0.00242652,5.84055e-05,0.000124776,0.987695,5.05946e-05,6.56797e-05,5.19333e-05,1.19007e-05,8.77342e-05,0.00123247,0.965369,0.00056427,0.00134234,0.996197,0.990536,0.994,0.000121792,5.01327e-06,9.02538e-06,0.994586,0.000252083,0.995177,0.000579557,0.000817806,0.693235,0.084625,0.00100506,0.000678588,0.000174442,0.0210164,0.00468048,0.000476351,0.00108733,0.948524,0.939753,0.00056039,0.944311,0.908623,0.000604083,0.000216164,0.7192,0.00381113,0.00130995,0.000996318,0.00332073,0.00147163,0.00106978,0.23346,0.00124297,0.723151,0.00188499,0.00111966,0.0347491,0.0328469,0.112578,0.00121104,0.0652574,0.00103384,0.0249946,0.00087086,0.00388097,9.72292e-06,0.0162902,0.0276518,0.00248347,0.0004999,0.000586005,2.43853e-05,0.000335529,0.000154048,0.000960134,0.00134323,0.00133847,0.00262763
rs11129748,2.82441e-05,0.000556468,0.00168729,0.000133882,8.47332e-05,2.22083e-05,0.00133935,0.000462063,0.000521707,0.000768911,7.87175e-05,0.000785226,0.00032786,0.0027367,0.239061,0.00816662,0.296267,0.295942,0.00300883,0.00884348,0.00176268,0.202497,0.0106256,0.00284644,0.00944787,0.000831225,0.00162863,0.0106671,0.0105264,0.0402817,0.0402137,0.0402214,0.309763,0.0734577,0.00109948,0.00091408,2.2616e-08,0.994142,8.17002e-06,0.993424,0.0241621,1.32397e-05,1.09905e-06,4.65898e-07,0.990092,4.14105e-06,0.000244951,1.16713e-07,0.993718,0.995584,7.13922e-06,0.992856,0.993862,1.0,5.34007e-05,0.00242677,5.84873e-05,0.000124998,0.987253,5.00153e-05,6.57531e-05,5.20023e-05,1.33301e-05,8.78571e-05,0.00121739,0.965058,0.000562689,0.00134301,0.995611,0.989954,0.993415,0.000123181,4.98642e-06,1.10703e-05,0.994002,0.000263367,0.994594,0.000578976,0.000858833,0.693171,0.0845829,0.00100679,0.000693961,0.000173534,0.0209817,0.00470264,0.000490379,0.00107121,0.947952,0.939181,0.000543236,0.943737,0.908005,0.000604096,0.000206249,0.719094,0.0038075,0.00136573,0.000998831,0.00335159,0.00149461,0.001037,0.23342,0.00124862,0.723319,0.00188281,0.00113513,0.0346227,0.0327947,0.112903,0.00122316,0.065619,0.00103236,0.0248032,0.000870076,0.00391252,1.12579e-05,0.0162101,0.0277324,0.00244892,0.000507741,0.000603401,2.01858e-05,0.000330637,0.000160011,0.000953663,0.0013411,0.00131429,0.00263708
rs267607824,0.000314961,6.1721e-05,1.49487e-05,1.54915e-05,0.00099038,1.02843e-05,7.8026e-05,2.37752e-05,5.82485e-05,5.60092e-05,0.00205751,5.74699e-06,1.44063e-08,0.000381253,1.21295e-05,0.000504511,2.11486e-05,2.2352e-05,6.98858e-05,0.00036516,1.21712e-05,4.82106e-05,0.000304586,2.49869e-05,0.000243932,1.61894e-05,1.39863e-05,0.00031025,0.000313434,0.000365471,0.000366805,0.000366765,6.2122e-05,0.000747908,3.31521e-05,6.27583e-06,1.65253e-05,5.31197e-05,2.3709e-05,5.34554e-05,0.000212214,1.72867e-06,5.33691e-05,1.90476e-06,5.3951e-05,1.66589e-06,1.24668e-05,5.06823e-05,5.31876e-05,5.2735e-05,2.21256e-06,5.36294e-05,5.3315e-05,5.34007e-05,1.0,8.09859e-07,2.34513e-06,7.66352e-06,5.36377e-05,8.65959e-06,1.7705e-06,1.88159e-06,5.13316e-05,3.02511e-05,3.9218e-05,5.37316e-05,4.97809e-06,3.42235e-05,5.30541e-05,5.15193e-05,5.33262e-05,4.47706e-06,2.05851e-06,6.27025e-05,5.29885e-05,1.31947e-07,5.29882e-05,5.61174e-06,5.74442e-06,7.64154e-05,0.000304598,1.42704e-05,1.03311e-06,8.30736e-06,0.000158778,3.63623e-06,1.67813e-05,3.36672e-05,5.67427e-05,5.57886e-05,3.1628e-05,5.50998e-05,4.43168e-05,3.87455e-05,8.55066e-07,8.16333e-05,3.35967e-05,5.3791e-07,4.12974e-05,2.2382e-05,0.019481,5.14711e-05,1.098e-05,3.12923e-05,8.14545e-05,1.07945e-06,0.0144145,0.000498113,0.000447582,8.59307e-05,0.000426633,0.000137652,6.21558e-06,6.65203e-05,4.33246e-07,1.69072e-07,1.56582e-06,0.00066079,0.00045745,9.39203e-05,2.84912e-05,4.58156e-05,5.69941e-06,2.80468e-05,0.000359716,1.72282e-05,1.30925e-05,0.000136333,2.97436e-05
rs63750447,0.0110524,0.00217899,0.000238402,0.000618753,0.0156036,9.45039e-08,0.00144737,0.000877196,0.000398857,0.00404384,0.00237844,0.000419979,0.000319217,0.0115423,0.000845161,0.0187595,0.00109021,0.00106391,0.00237555,0.021051,0.00161158,0.000610856,0.0217657,0.00286008,0.0188159,0.000524496,0.00105703,0.0220475,0.0225265,0.0246821,0.0247561,0.0246191,0.000793159,0.0215385,0.000632401,0.000741763,1.86852e-06,0.00238044,1.90397e-05,0.00239817,0.0186024,2.0132e-05,2.77777e-06,5.24638e-06,0.00237442,1.85594e-05,7.83787e-05,2.13448e-05,0.00240272,0.00239955,3.53331e-07,0.00240338,0.00242652,0.00242677,8.09859e-07,1.0,2.78597e-06,0.00010784,0.00239371,2.99724e-05,1.02838e-05,1.34637e-05,4.10979e-07,0.000205373,0.000644096,0.00218236,0.00033655,0.00119471,0.00240623,0.00239537,0.00238797,1.65705e-05,2.12352e-06,5.19837e-06,0.00237921,0.000371099,0.00239083,0.000329654,0.000626647,0.00309308,0.0244565,0.00054672,0.000692176,0.00016829,0.0168002,0.00367553,0.00034444,0.000463007,0.00244983,0.00243146,0.000651185,0.00242009,0.00247325,0.000713164,0.000181768,0.00213064,0.00338688,0.000987435,0.000712969,0.00281517,0.00113066,0.000352191,0.000993816,0.000941542,0.00207717,0.636401,0.00143936,0.0286417,0.0290059,0.00106255,0.0243008,0.00126627,0.00057364,0.00265434,0.000827726,0.00171626,0.000482159,0.0351503,0.0184198,0.00185286,0.000387895,0.000299616,0.00134379,0.000830533,0.000338563,0.000782297,0.00330458,0.010009,0.00580738
rs63750760,0.000924192,5.49344e-05,1.37462e-05,7.05408e-05,0.000346233,8.5498e-05,0.00134611,7.28278e-05,5.19175e-06,0.000303745,0.000458305,3.24999e-06,2.56998e-05,0.000346731,7.48838e-05,0.000905472,6.9646e-05,7.03484e-05,4.68352e-06,0.000982998,6.95626e-06,6.73962e-05,0.0010299,5.83193e-05,0.00125966,1.23726e-05,2.10857e-05,0.00102059,0.000415726,0.000494816,0.000481196,0.000496259,5.66879e-05,0.00104285,2.14391e-07,1.60487e-05,4.44692e-06,5.82202e-05,3.74715e-06,5.85431e-05,0.000294483,1.57507e-06,2.22045e-06,1.73556e-06,5.90411e-05,1.53812e-06,8.06907e-05,2.3054e-06,5.82736e-05,5.78622e-05,2.03204e-06,5.87234e-05,5.84055e-05,5.84873e-05,2.34513e-06,2.78597e-06,1.0,6.98257e-06,5.87367e-05,4.54778e-06,1.63337e-06,1.7346e-06,2.28502e-06,3.21076e-06,1.46795e-07,6.02084e-05,9.68829e-07,4.45959e-05,5.81545e-05,5.89247e-05,5.84256e-05,4.04071e-06,1.87561e-06,1.98074e-06,5.80879e-05,2.69544e-05,5.8079e-05,8.01996e-07,1.35339e-05,4.53958e-05,0.000527067,1.02916e-05,1.59179e-05,5.23424e-06,0.000329968,0.000127034,1.37989e-05,1.62182e-07,6.17189e-05,6.19785e-05,1.48009e-06,6.00424e-05,6.4908e-05,1.29905e-06,3.68852e-07,3.48156e-05,8.60152e-05,9.07227e-06,3.57541e-05,3.93791e-05,4.20494e-06,7.48632e-06,1.62207e-06,2.66834e-06,3.55251e-05,1.38846e-06,5.17031e-05,0.00061503,0.000700353,9.93597e-06,0.000803672,3.97907e-05,5.87311e-05,0.00808185,1.07588e-05,1.38282e-05,4.36795e-05,0.000269298,0.00048009,0.00923815,4.25895e-05,1.80963e-05,1.71684e-05,5.52282e-05,3.42556e-05,3.75978e-06,0.000203615,0.0017161,0.000140461
rs62244263,2.91475e-06,8.47564e-05,1.61965e-06,0.000130462,8.12098e-06,2.21078e-05,3.70276e-07,0.000154829,0.000404124,8.58643e-06,2.6622e-05,5.17952e-05,2.71054e-06,0.00233114,4.91853e-05,0.0021959,3.05646e-05,3.18401e-05,0.000205426,0.00268129,4.30936e-05,8.24931e-05,0.00284692,0.000227547,0.00313987,8.15788e-05,1.36741e-05,0.00272808,0.00267662,0.0025254,0.00251394,0.00254142,4.00118e-05,0.00167874,4.47357e-05,1.24869e-05,2.82584e-08,0.000123134,2.07705e-05,0.000124052,0.00392299,5.14708e-06,6.03053e-06,5.67153e-06,0.000127646,4.99708e-06,2.29029e-06,7.53368e-06,0.000111333,0.000124202,6.62598e-06,0.000112534,0.000124776,0.000124998,7.66352e-06,0.00010784,6.98257e-06,1.0,0.000125584,5.44834e-06,5.33758e-06,5.66839e-06,7.44533e-06,1.09277e-06,6.10145e-05,0.000111681,5.0581e-05,6.95959e-06,0.000124074,0.000127363,0.000124778,1.32915e-05,6.12918e-06,6.45389e-06,0.000121716,1.49946e-05,0.000124982,5.20612e-05,5.13643e-05,0.000190885,0.00321383,4.08736e-05,0.000138902,1.16955e-05,0.00443959,0.000274254,1.95827e-05,6.30185e-05,0.000107036,0.000120343,1.76307e-05,0.000105864,0.000119037,7.93042e-06,2.76784e-06,0.000148713,0.000331831,5.11039e-05,0.000145386,1.66977e-05,1.35199e-05,1.91808e-05,6.28799e-05,9.60616e-06,0.000151318,0.000169476,2.09797e-05,0.000696807,0.000289855,3.08111e-05,2.80189e-05,3.44751e-07,0.000116575,8.11757e-05,0.000125804,0.000167227,3.60243e-05,0.000140656,4.57181e-05,7.18792e-05,0.000245151,3.95763e-06,8.39671e-05,3.50599e-05,2.7868e-05,2.08295e-05,0.000117011,0.000343813,0.000153519
rs9852810,3.58989e-05,0.000539756,0.00162209,0.00011599,7.54406e-05,2.54017e-05,0.00132394,0.000411503,0.000547565,0.000728638,6.82158e-05,0.000779882,0.000328611,0.00284951,0.239292,0.00824317,0.296222,0.295964,0.00300048,0.00888664,0.00178043,0.202063,0.0105921,0.00285261,0.00944682,0.000799047,0.00159522,0.0106198,0.0104915,0.0397821,0.0397384,0.0397015,0.304867,0.0727957,0.0011069,0.000918126,1.9871e-08,0.987672,7.32736e-06,0.986818,0.0239019,1.41488e-05,1.11613e-06,4.75299e-07,0.983774,4.12145e-06,0.000242585,5.62831e-08,0.98726,0.989091,7.09953e-06,0.986404,0.987695,0.987253,5.36377e-05,0.00239371,5.87367e-05,0.000125584,1.0,5.10641e-05,4.59465e-05,3.50519e-05,1.34142e-05,8.82322e-05,0.00125389,0.960333,0.000515824,0.00129569,0.989443,0.983501,0.986954,0.000123735,4.97115e-06,1.11411e-05,0.987532,0.00026218,0.98814,0.000512345,0.000775712,0.686607,0.0838131,0.001008,0.000652902,0.000174303,0.0207647,0.0046577,0.000491763,0.00112447,0.941863,0.933064,0.000551539,0.937609,0.902127,0.000587288,0.000193862,0.714128,0.00377794,0.00133726,0.000962573,0.00333708,0.00152028,0.00101958,0.232213,0.00118917,0.717924,0.00183301,0.00111573,0.0344884,0.0326385,0.111097,0.00119121,0.0643976,0.00103572,0.0247387,0.000884863,0.00379217,6.71074e-06,0.0162957,0.0273924,0.00252351,0.000491876,0.000630283,1.17655e-05,0.000347641,0.000150713,0.000895216,0.00130711,0.00133125,0.00261468
rs781755529,6.76499e-06,3.03003e-06,1.4073e-05,5.29751e-05,7.89246e-06,6.20268e-06,7.5284e-05,1.70601e-05,5.30583e-06,2.55116e-08,2.097e-05,6.10191e-06,3.69539e-08,1.76218e-06,2.58636e-05,4.24925e-06,1.75607e-05,1.23109e-05,1.26714e-05,4.66975e-07,4.15112e-05,9.59108e-06,3.82573e-06,2.85018e-06,1.10651e-05,4.34207e-06,9.84974e-06,3.73738e-06,3.91301e-06,4.50549e-07,6.65659e-07,1.24261e-06,7.25561e-06,5.8798e-06,6.52747e-07,4.88052e-07,1.64206e-05,6.82446e-05,5.70516e-05,4.93666e-05,5.18623e-06,5.74142e-06,8.19918e-06,6.40868e-06,5.1911e-05,5.5899e-06,4.59889e-06,8.46864e-06,5.03793e-05,4.92196e-05,7.57522e-06,5.13046e-05,5.05946e-05,5.00153e-05,8.65959e-06,2.99724e-05,4.54778e-06,5.44834e-06,5.10641e-05,1.0,6.03132e-06,6.29784e-06,8.43762e-06,3.5158e-07,1.9091e-06,4.25365e-05,1.85731e-06,7.89398e-07,4.9341e-05,5.17504e-05,5.05316e-05,1.50236e-05,6.9258e-06,7.31404e-06,4.99102e-05,1.24282e-06,4.99843e-05,1.33024e-06,5.62554e-06,4.66057e-05,5.79038e-06,7.49822e-06,1.73733e-05,2.78776e-05,1.05457e-08,8.73649e-06,9.76405e-06,1.04042e-05,3.28856e-05,3.32285e-05,6.07039e-06,3.2672e-05,3.43782e-05,2.34423e-06,6.99175e-07,2.69847e-05,6.62771e-06,4.51421e-08,1.25178e-05,3.48539e-06,5.05189e-05,1.75178e-06,3.30592e-05,3.51499e-05,2.82366e-05,4.89991e-06,1.32824e-08,6.2536e-06,4.39642e-06,1.6819e-05,1.99033e-05,3.5502e-05,3.84743e-07,6.4951e-07,6.58336e-06,1.31784e-05,3.3277e-06,5.9534e-06,7.27634e-06,2.09865e-06,9.34718e-06,5.36622e-06,6.96379e-06,1.51846e-05,1.41576e-05,0.000120523,0.000118846,1.69739e-05,5.88681e-06
rs63751468,0.000701252,3.66491e-05,5.43973e-06,0.0140393,0.000235469,5.74776e-05,3.42544e-06,0.00991729,6.09351e-05,8.40035e-05,4.43366e-05,4.86085e-06,1.98168e-05,0.000309354,5.15674e-05,0.000342656,4.76356e-05,4.81655e-05,5.19353e-05,0.000354401,1.03007e-05,5.15194e-05,0.000278701,1.28402e-05,0.000206746,2.38731e-08,6.45299e-05,0.000303499,0.000306039,0.000378605,0.000394941,0.000394949,1.97181e-05,0.000933512,3.73302e-06,2.91859e-06,3.3993e-06,6.5536e-05,2.8474e-06,6.58055e-05,0.000259665,1.20401e-06,1.69735e-06,1.32669e-06,6.62316e-05,1.17576e-06,8.69867e-06,1.76228e-06,6.5553e-05,6.52633e-05,1.54872e-06,6.59446e-05,6.56797e-05,6.57531e-05,1.7705e-06,1.02838e-05,1.63337e-06,5.33758e-06,4.59465e-05,6.03132e-06,1.0,0.883532,1.7467e-06,2.45435e-06,6.47946e-06,6.63787e-05,8.04262e-07,4.53051e-05,6.54628e-05,6.61132e-05,6.57162e-05,3.11824e-06,1.43374e-06,1.5141e-06,6.54103e-05,2.08009e-05,6.53828e-05,9.00841e-07,4.20763e-05,6.92699e-05,0.000409254,3.99102e-05,2.10833e-05,5.78601e-06,0.000226199,5.20832e-05,6.85686e-06,4.46155e-06,4.69763e-05,4.84546e-05,2.23515e-07,4.79383e-05,5.03942e-05,5.97298e-06,1.26679e-07,5.89125e-05,1.73339e-05,3.94114e-05,2.24193e-05,3.49952e-05,5.68411e-05,1.32224e-05,3.63795e-05,5.41234e-05,5.96734e-05,5.03331e-06,1.51602e-05,0.000481491,0.000456999,3.23608e-05,0.000502548,4.41025e-05,2.11935e-05,7.39765e-05,5.54629e-06,0.00788216,8.06799e-07,0.000348416,0.00041863,5.59348e-05,1.07314e-05,5.38948e-07,2.37225e-05,1.71685e-05,5.70949e-06,2.33488e-05,2.93835e-05,0.000250752,0.000160347
Affx-89014273,0.00067049,4.03002e-05,6.38778e-06,0.0135569,0.000216215,6.36912e-05,2.1795e-05,0.00954717,2.61994e-05,8.75999e-05,5.47014e-05,1.94824e-07,2.1045e-05,0.000354263,3.48981e-05,0.000419545,3.11998e-05,3.17096e-05,2.86715e-05,0.000430363,1.35164e-05,5.46947e-05,0.000324386,2.87078e-05,0.000261761,5.2193e-08,9.50586e-06,0.000350574,0.000353364,0.000431657,0.000448389,0.000448473,2.21338e-05,0.000912086,1.93654e-05,1.08052e-05,3.60998e-06,5.17815e-05,3.02833e-06,5.20504e-05,0.00026844,1.27863e-06,1.80255e-06,1.40887e-06,5.24658e-05,1.24863e-06,9.25443e-06,1.8715e-06,5.18203e-05,5.14892e-05,1.64591e-06,5.21974e-05,5.19333e-05,5.20023e-05,1.88159e-06,1.34637e-05,1.7346e-06,5.66839e-06,3.50519e-05,6.29784e-06,0.883532,1.0,1.85496e-06,2.59004e-06,2.40321e-05,5.22505e-05,1.26237e-06,4.95838e-05,5.17232e-05,3.52184e-05,5.19545e-05,3.3115e-06,1.5226e-06,1.60795e-06,5.16684e-05,2.20902e-05,5.1657e-05,1.38983e-06,4.46489e-05,7.8336e-05,0.00038119,4.23321e-05,2.35767e-05,9.702e-06,0.000231577,4.72041e-05,8.16225e-06,2.10428e-05,3.61222e-05,3.74644e-05,6.84382e-09,3.69682e-05,3.94053e-05,7.21995e-06,1.65683e-08,6.51959e-05,3.50583e-05,2.35595e-05,4.94514e-05,3.02775e-05,1.69843e-05,1.51049e-05,3.86168e-05,5.7502e-05,4.60497e-05,7.8623e-06,1.85212e-05,0.000482052,0.00043299,2.01901e-05,0.000531125,3.32061e-05,2.37166e-05,6.45186e-05,3.13331e-05,0.00751049,1.47817e-06,0.000308099,0.000379726,3.22269e-05,1.30202e-05,1.11995e-06,2.79853e-05,2.07214e-05,6.8957e-06,2.68662e-05,2.2698e-05,0.000210683,0.000148086
rs63751145,8.76665e-07,1.50112e-07,8.08449e-07,1.32009e-05,2.07549e-05,2.38985e-05,2.77019e-06,1.12201e-05,2.56723e-06,3.90098e-08,9.40096e-06,1.07312e-07,6.49866e-06,5.29808e-07,2.92401e-07,1.71602e-05,2.65812e-06,2.89571e-06,6.38764e-06,3.17319e-05,3.82509e-07,2.64344e-05,2.77247e-07,8.30294e-06,5.51569e-07,4.02831e-06,4.20014e-05,2.12244e-06,5.56428e-06,5.78853e-06,5.55652e-06,3.27757e-06,5.38173e-06,1.14465e-05,1.41782e-05,1.91112e-05,0.442285,1.31573e-05,2.44775e-05,1.26527e-05,1.57968e-06,1.68436e-06,0.721739,1.85598e-06,1.36402e-05,1.64485e-06,1.21692e-05,2.46536e-06,1.25303e-05,1.29023e-05,1.93463e-08,1.3484e-05,1.19007e-05,1.33301e-05,5.13316e-05,4.10979e-07,2.28502e-06,7.44533e-06,1.34142e-05,8.43762e-06,1.7467e-06,1.85496e-06,1.0,3.4119e-06,1.94514e-05,2.35095e-05,1.20746e-05,0.000133435,1.17653e-05,6.51448e-06,1.32678e-05,4.36229e-06,2.00575e-06,0.805795,1.30962e-05,5.47981e-06,1.31177e-05,3.69119e-05,3.42869e-05,3.06185e-05,2.07187e-05,2.9111e-06,3.75932e-05,8.05091e-06,4.06341e-06,2.17415e-05,1.58825e-05,1.58349e-05,1.5331e-05,1.54598e-05,4.42681e-06,3.65664e-05,4.18544e-06,1.4586e-05,5.34075e-06,8.8747e-06,1.30006e-05,6.22261e-06,5.96571e-07,6.10733e-06,6.37849e-06,1.21254e-06,7.62001e-06,1.06653e-06,9.26906e-06,2.88743e-07,2.29122e-05,8.7885e-08,7.07677e-07,5.99204e-05,5.03366e-06,3.92539e-08,3.95343e-05,4.95931e-05,7.99335e-06,6.63169e-08,3.76793e-07,1.10745e-06,1.58931e-06,4.62437e-07,3.41812e-06,6.31299e-06,7.12815e-07,2.65487e-06,2.03411e-06,6.21201e-06,3.70745e-06,9.83869e-06,1.26395e-05
rs199935667,0.000641784,0.000347719,1.11324e-05,2.39062e-07,0.000293098,7.30001e-05,2.75542e-05,7.68687e-06,3.61025e-05,0.000157282,0.0056311,2.06469e-06,1.85323e-07,0.000963547,5.82188e-05,0.000765829,5.23895e-05,5.33119e-05,5.42239e-05,0.00077213,2.94469e-05,3.39614e-05,0.000779834,0.00910254,0.000927874,3.4543e-05,1.2687e-06,0.000769889,0.000739215,0.00071147,0.000728814,0.000730504,9.62461e-06,0.000675169,3.29387e-05,2.36346e-05,6.65163e-06,8.74558e-05,5.70303e-06,8.79412e-05,0.00162835,2.36675e-06,3.33653e-06,2.60784e-06,8.86895e-05,2.31124e-06,5.98861e-07,3.44233e-06,8.7536e-05,8.69179e-05,3.0322e-06,8.8212e-05,8.77342e-05,8.78571e-05,3.02511e-05,0.000205373,3.21076e-06,1.09277e-06,8.82322e-05,3.5158e-07,2.45435e-06,2.59004e-06,3.4119e-06,1.0,3.49435e-05,9.04441e-05,1.25298e-05,0.000139427,8.73572e-05,8.84812e-05,8.77646e-05,9.72192e-06,2.78801e-06,2.97632e-06,8.7257e-05,4.08891e-05,8.72437e-05,1.33207e-05,2.10461e-06,0.000131328,0.000978898,5.78134e-07,4.0742e-05,1.13737e-05,0.00180489,7.46901e-05,1.29679e-05,3.31448e-05,9.27132e-05,9.31034e-05,1.54612e-05,0.000109923,9.95e-05,1.17485e-05,5.24279e-06,7.58621e-05,0.00902204,3.87785e-05,2.59719e-05,0.000114737,6.33933e-06,4.49586e-05,2.57714e-05,1.21888e-05,7.71152e-05,0.000118556,2.84214e-05,0.000416973,0.000451381,4.54371e-05,0.000761607,0.000120499,2.40303e-05,7.57343e-05,5.57193e-05,3.47064e-05,3.72822e-07,0.000656989,0.00138033,0.00908547,9.15696e-06,3.76643e-05,4.41069e-05,4.57243e-05,1.77061e-06,8.92102e-06,9.07511e-05,0.00169156,0.000133694
rs41562513,0.000373818,0.0889454,0.000229989,0.000214118,0.00276449,0.000491961,0.000360177,0.000323718,9.67004e-05,0.01939,0.000582026,0.000288992,0.000257697,0.0104848,0.000290506,0.0130933,0.000607501,0.000580719,0.00152139,0.0123983,0.000491013,0.000582009,0.0128925,0.00170076,0.0154685,0.00037381,0.0001349,0.0128414,0.0127323,0.0100662,0.0100864,0.0100707,0.000507221,0.0267413,0.866339,0.000412602,2.25353e-05,0.00122873,1.01853e-06,0.00121755,0.0103328,5.14868e-06,6.04067e-06,8.2707e-06,0.00121725,1.83385e-05,5.47527e-05,3.72949e-05,0.00123288,0.00121916,1.36032e-05,0.00122587,0.00123247,0.00121739,3.9218e-05,0.000644096,1.46795e-07,6.10145e-05,0.00125389,1.9091e-06,6.47946e-06,2.40321e-05,1.94514e-05,3.49435e-05,1.0,0.00119455,0.00014012,0.000525734,0.00124217,0.0012298,0.00124871,8.65621e-05,1.09142e-05,2.87669e-06,0.00124511,0.00024342,0.00125298,0.000125808,0.000437035,0.26819,0.0134204,0.000367465,0.000537849,2.23494e-05,0.00946128,0.00193628,0.000173086,0.831632,0.00128577,0.00125981,0.00024227,0.00124415,0.00128107,0.000246165,0.000652072,0.0011604,0.00129398,0.00055841,9.91459e-05,0.00101523,0.00046175,0.000235316,0.000354981,0.000115259,0.00116571,0.00084775,0.000553062,0.00964256,0.00998338,0.000198415,0.002158,0.000414916,0.000284661,0.00140121,0.000374973,0.000836246,1.96134e-09,0.0163931,0.00442183,0.000977772,0.000388143,0.000171017,1.76517e-06,0.000139853,0.000162909,9.78607e-05,0.000284223,0.00256554,0.0010367
rs3774335,3.65027e-05,0.000559224,0.00143901,0.000108447,8.1725e-05,7.52355e-06,0.00139028,0.000409135,0.00054598,0.000776053,4.60403e-05,0.000777029,0.000316116,0.00289336,0.231088,0.0081996,0.286705,0.286522,0.00281496,0.00819361,0.00176872,0.197388,0.00984784,0.00279492,0.00937833,0.000759042,0.00152243,0.00990341,0.00978175,0.0378227,0.037695,0.0377137,0.29792,0.0702304,0.00107482,0.000787037,4.14251e-07,0.965492,1.10134e-06,0.965203,0.0233823,3.9608e-05,4.90291e-06,4.4954e-07,0.961602,4.38853e-06,0.000249576,1.02042e-07,0.96506,0.967216,7.53745e-06,0.964385,0.965369,0.965058,5.37316e-05,0.00218236,6.02084e-05,0.000111681,0.960333,4.25365e-05,6.63787e-05,5.22505e-05,2.35095e-05,9.04441e-05,0.00119455,1.0,0.000503068,0.00122164,0.9677,0.961477,0.965024,0.000105606,5.28553e-06,2.12112e-05,0.965493,0.000245517,0.965938,0.000486927,0.000830444,0.668523,0.0800559,0.000986336,0.000702547,0.000127708,0.0203319,0.0045305,0.000443639,0.00104502,0.919598,0.911134,0.000546537,0.91623,0.880459,0.000545159,0.000208883,0.695388,0.00367995,0.00123332,0.000961768,0.0030426,0.00141241,0.00101921,0.222949,0.00114996,0.699274,0.00165172,0.00105549,0.0330148,0.0311749,0.108524,0.00108641,0.0630128,0.000922048,0.0233735,0.000779591,0.00371547,2.99589e-06,0.0156584,0.0259637,0.00239965,0.00050653,0.000576078,2.38734e-05,0.000377301,0.000167173,0.00083457,0.00127649,0.00122327,0.00256913
rs3774333,0.000111682,7.64901e-05,5.16408e-05,5.3875e-05,0.000526187,9.54798e-05,3.30705e-05,0.000116794,0.000110946,0.000726882,0.0082372,5.2006e-05,4.49933e-05,0.00231713,0.000164704,0.00271668,0.000146385,0.000151274,0.000499041,0.00427216,0.000292717,0.000176551,0.00409053,0.000451951,0.00366453,0.28094,0.00029291,0.00418324,0.00420471,0.00447391,0.00446716,0.00447375,0.000279069,0.0103795,9.34201e-05,0.000226559,5.13466e-05,0.000561042,1.73013e-05,0.000558402,0.0028716,5.68907e-07,4.21029e-05,7.31185e-05,0.000550167,4.37046e-07,0.000124069,4.87596e-06,0.000561715,0.000558425,5.46495e-05,0.000567628,0.00056427,0.000562689,4.97809e-06,0.00033655,9.68829e-07,5.0581e-05,0.000515824,1.85731e-06,8.04262e-07,1.26237e-06,1.20746e-05,1.25298e-05,0.00014012,0.000503068,1.0,9.88609e-05,0.000559228,0.000533434,0.000558352,2.08194e-05,6.21636e-05,1.97822e-05,0.000559693,4.31821e-05,0.000543905,0.924183,2.97112e-05,0.000718971,0.00396537,0.000108332,0.000137357,1.9509e-05,0.00263448,0.000622025,7.10786e-05,9.76009e-05,0.000597899,0.000601815,8.03471e-05,0.000594747,0.0019437,0.000102931,8.89772e-05,0.00229474,0.000502427,0.000228543,6.9431e-05,0.000800482,0.000126107,0.000140236,0.0119611,0.000139965,0.00230395,0.000198618,0.000229237,0.00578672,0.00575496,0.000250601,0.00167888,0.000267293,0.00011207,0.00172587,9.60553e-09,0.000563473,0.00124596,0.00095808,0.00336135,0.000410223,5.75273e-05,6.50539e-05,7.25387e-05,1.0065e-07,0.000110329,0.000108246,0.000520842,0.00548617,0.00274722
rs3774332,0.000111378,0.000518336,0.00343777,0.000510056,2.07846e-05,0.000419119,0.000416155,0.000762931,0.0012444,0.00145921,0.00798094,0.000912782,0.000243052,0.00714123,0.000128986,0.0189216,1.83093e-05,1.83833e-05,0.00150559,0.0197334,0.00127678,0.000317384,0.0216971,0.00222422,0.0224848,0.000480089,0.00135065,0.0254594,0.0256909,0.0266921,0.0266026,0.0263898,0.000216332,0.0154464,0.00047639,0.000533979,5.90909e-05,0.00131873,6.62957e-06,0.00133566,0.0156951,1.87486e-06,5.81275e-05,2.26059e-07,0.00133509,6.57567e-06,0.000141723,1.96213e-10,0.0013348,0.00132144,1.02391e-05,0.00135169,0.00134234,0.00134301,3.42235e-05,0.00119471,4.45959e-05,6.95959e-06,0.00129569,7.89398e-07,4.53051e-05,4.95838e-05,0.000133435,0.000139427,0.000525734,0.00122164,9.88609e-05,1.0,0.00133375,0.00134424,0.00133478,3.37465e-05,7.34846e-06,0.000151127,0.00132809,0.000343241,0.00133078,7.73791e-05,0.000558328,0.00191165,0.0505501,0.000729207,0.000459956,0.000121872,0.0139701,0.00312731,0.000368985,0.000454723,0.00135664,0.00136881,0.000818914,0.00134341,0.00135051,0.000262351,0.000385621,0.000671976,0.00233616,0.000669122,0.000470051,0.00251321,0.000838832,0.000506983,0.000499371,0.000829141,0.000721101,0.00140474,0.00137545,0.026029,0.0259154,0.000611873,0.0122385,0.000933271,0.000649182,0.194483,0.000577773,0.00170353,0.000329744,0.0156131,0.00904511,0.108737,0.000422921,0.000472139,0.000741879,0.00049972,0.000144978,0.000741614,0.000428596,0.0190215,0.0045802
rs4678925,2.30424e-05,0.00057889,0.00160155,0.000120567,9.21822e-05,2.00824e-05,0.00128811,0.000437585,0.000519362,0.000751772,8.10662e-05,0.000791685,0.000339247,0.00286519,0.240738,0.00837687,0.297923,0.297593,0.00299227,0.00877617,0.00180494,0.203891,0.010567,0.00291039,0.00962598,0.000825537,0.00160032,0.0106229,0.0104801,0.0401843,0.0401155,0.0401057,0.310025,0.0737332,0.00112647,0.000919334,1.25285e-07,0.99648,7.96995e-06,0.995756,0.0242921,1.39147e-05,8.29098e-07,4.32982e-07,0.992416,4.25039e-06,0.000244496,9.79521e-08,0.99605,0.997936,7.31964e-06,0.995183,0.996197,0.995611,5.30541e-05,0.00240623,5.81545e-05,0.000124074,0.989443,4.9341e-05,6.54628e-05,5.17232e-05,1.17653e-05,8.73572e-05,0.00124217,0.9677,0.000559228,0.00133375,1.0,0.992276,0.99575,0.000122562,5.11155e-06,9.56363e-06,0.996335,0.00025883,0.996926,0.000574409,0.000838435,0.694391,0.0845919,0.00100193,0.00067553,0.000173604,0.0211425,0.00473086,0.000487875,0.00109757,0.950185,0.941404,0.000558942,0.945973,0.910035,0.000599462,0.000215613,0.720188,0.0038498,0.00134507,0.000992525,0.00331366,0.00148429,0.00108261,0.233099,0.00123915,0.72415,0.00186285,0.0011321,0.034677,0.0328403,0.112768,0.00120638,0.0653569,0.00102685,0.0247719,0.000882347,0.00395666,1.03573e-05,0.0163044,0.027644,0.00246041,0.000488026,0.00059623,1.78622e-05,0.000328141,0.000153958,0.000944069,0.00131272,0.00131327,0.00266365
rs748766,2.40549e-05,0.000570137,0.00165549,0.000132576,9.60815e-05,2.27321e-05,0.00130577,0.000463535,0.000432057,0.000738524,7.10447e-05,0.000780442,0.000345587,0.0028894,0.238385,0.00838809,0.295327,0.295003,0.00300823,0.00848745,0.00183975,0.201829,0.0102827,0.00292617,0.00973873,0.000827511,0.00161336,0.0103233,0.0101833,0.0395876,0.0395455,0.0395374,0.308655,0.0732073,0.00111064,0.000887178,8.13791e-07,0.99081,8.00642e-06,0.989955,0.0244551,1.3459e-05,3.67435e-09,5.19086e-07,0.986924,3.96857e-06,0.000232363,7.55357e-08,0.990394,0.99223,6.90133e-06,0.989538,0.990536,0.989954,5.15193e-05,0.00239537,5.89247e-05,0.000127363,0.983501,5.17504e-05,6.61132e-05,3.52184e-05,6.51448e-06,8.84812e-05,0.0012298,0.961477,0.000533434,0.00134424,0.992276,1.0,0.990237,0.000124073,4.78675e-06,1.13071e-05,0.990669,0.00026739,0.991268,0.000548786,0.000828936,0.690635,0.0836155,0.0010212,0.000689359,0.000174947,0.0213234,0.00480077,0.00049828,0.00108194,0.944941,0.936462,0.000547486,0.940726,0.905262,0.000582859,0.000206677,0.716881,0.0038641,0.00130151,0.00100783,0.00328664,0.00147354,0.00109625,0.233013,0.0012297,0.720802,0.00189206,0.000931273,0.0348993,0.0330494,0.112692,0.0012151,0.0653816,0.00103222,0.0250206,0.000830611,0.00391981,5.68599e-06,0.0163587,0.0274359,0.00247744,0.000509233,0.000597128,2.0223e-05,0.000339963,0.000154193,0.000965466,0.00125894,0.00129574,0.00269615
rs9876116,2.19144e-05,0.000563087,0.0016789,0.000129211,8.20166e-05,2.1518e-05,0.00126778,0.000453964,0.000529608,0.000744971,7.63291e-05,0.00078142,0.000339488,0.00279203,0.23941,0.00828213,0.296493,0.296172,0.00299939,0.00881331,0.0018439,0.202026,0.0105443,0.00288813,0.00954946,0.000840146,0.00157824,0.0106009,0.0104757,0.0399537,0.0398859,0.0398762,0.308776,0.0734745,0.00113117,0.000928322,6.18668e-08,0.997798,8.08402e-06,0.993415,0.0242003,1.31931e-05,1.07664e-06,2.98866e-07,0.993723,4.18277e-06,0.000245744,1.08874e-07,0.997364,0.995871,7.96947e-06,0.996493,0.994,0.993415,5.33262e-05,0.00238797,5.84256e-05,0.000124778,0.986954,5.05316e-05,6.57162e-05,5.19545e-05,1.32678e-05,8.77646e-05,0.00124871,0.965024,0.000558352,0.00133478,0.99575,0.990237,1.0,0.000123108,5.67986e-06,1.10181e-05,0.998826,0.000260803,0.995901,0.000572423,0.000843917,0.695822,0.084897,0.000990691,0.000704177,0.000173303,0.0211274,0.00472176,0.000503868,0.00110069,0.949438,0.944033,0.000564229,0.945249,0.909528,0.000601853,0.000217091,0.720152,0.00382807,0.00133796,0.000989685,0.00338464,0.00147299,0.00108437,0.234267,0.00124412,0.724113,0.00185111,0.00114819,0.0344486,0.0326036,0.112272,0.0011779,0.0649875,0.00100081,0.0249577,0.00086968,0.00395762,6.04417e-06,0.0160975,0.0277304,0.00245846,0.000500796,0.000588954,1.82274e-05,0.00034107,0.000154037,0.000948111,0.00131919,0.00133251,0.00262951
rs63751684,2.50976e-05,1.06896e-05,8.62758e-06,4.48365e-05,0.000669851,4.55724e-05,0.00013807,6.49804e-08,5.94195e-05,0.000197619,5.99132e-05,3.84633e-05,2.56383e-05,0.000222249,1.95101e-05,0.000353455,3.74536e-05,3.77913e-05,1.66341e-05,0.000813666,2.5402e-05,2.5763e-05,0.000789934,3.56097e-05,0.000697991,3.58828e-05,3.57513e-05,0.000773381,0.000779796,0.00100133,0.00100406,0.00100414,8.07436e-05,0.00080173,7.45909e-05,1.49149e-05,8.48956e-06,0.000122699,6.83409e-06,0.000123333,0.000498068,3.00694e-06,4.23904e-06,3.29688e-06,0.000124312,2.93641e-06,2.16555e-05,4.35751e-06,0.00012279,0.000122012,3.91633e-06,0.000123679,0.000121792,0.000123181,4.47706e-06,1.65705e-05,4.04071e-06,1.32915e-05,0.000123735,1.50236e-05,3.11824e-06,3.3115e-06,4.36229e-06,9.72192e-06,8.65621e-05,0.000105606,2.08194e-05,3.37465e-05,0.000122562,0.000124073,0.000123108,1.0,3.5807e-06,3.7813e-06,0.000122432,5.19491e-05,0.000121145,2.18987e-05,4.45394e-06,0.000212885,0.00077726,4.91697e-05,1.55213e-05,2.20928e-08,0.000488721,7.46337e-05,2.44418e-05,5.55765e-05,0.000129557,0.000130079,4.84884e-05,0.000128762,0.000118264,9.28262e-06,3.24935e-05,7.43204e-05,7.98937e-05,2.35544e-05,8.13588e-06,0.0002204,6.96322e-05,4.0236e-06,1.30172e-05,5.03714e-07,7.57427e-05,3.77513e-05,5.8965e-05,0.000626312,0.000692337,4.81491e-05,0.000578435,5.14944e-05,0.000112166,0.000127079,8.49208e-06,3.32117e-05,3.0507e-06,0.000657293,0.000134398,0.000118399,6.85479e-06,1.80199e-05,3.88058e-05,0.000101487,8.41349e-06,2.95943e-05,4.78093e-05,6.52235e-05,0.000195893
rs587778954,1.97747e-05,9.11469e-14,2.15812e-05,4.14578e-07,3.65536e-06,1.46428e-06,6.76469e-05,2.33921e-08,2.46189e-05,1.03249e-08,5.87785e-06,8.76958e-06,1.56096e-05,5.46488e-07,3.40601e-05,4.9007e-06,4.15442e-05,4.03103e-05,2.46321e-06,1.50194e-06,1.99376e-06,2.85061e-05,1.0205e-06,3.97511e-06,2.29239e-06,1.25516e-05,1.30941e-05,5.0916e-08,6.06427e-07,4.90437e-06,4.71062e-06,7.47665e-06,8.72668e-06,2.8131e-05,7.17831e-06,6.8783e-06,0.404109,5.11607e-06,3.35228e-06,4.97655e-06,1.33665e-06,1.38257e-06,1.94908e-06,0.938822,4.77433e-06,1.35014e-06,1.62666e-06,2.02364e-06,5.04149e-06,5.32786e-06,0.96838,4.87266e-06,5.01327e-06,4.98642e-06,2.05851e-06,2.12352e-06,1.87561e-06,6.12918e-06,4.97115e-06,6.9258e-06,1.43374e-06,1.5226e-06,2.00575e-06,2.78801e-06,1.09142e-05,5.28553e-06,6.21636e-05,7.34846e-06,5.11155e-06,4.78675e-06,5.67986e-06,3.5807e-06,1.0,1.73866e-06,5.14746e-06,4.18417e-06,5.11418e-06,0.000115078,2.52744e-05,1.11917e-08,2.75299e-06,1.53221e-05,4.15734e-07,7.84922e-06,1.97249e-07,1.33159e-06,1.91103e-05,8.25217e-06,3.72417e-06,3.67122e-06,2.81805e-06,3.90785e-06,8.41668e-06,4.95179e-05,6.73721e-08,2.9273e-06,1.5291e-06,4.0399e-06,2.16689e-06,3.69411e-07,4.00382e-05,2.96736e-08,7.27188e-09,1.11316e-06,1.78271e-05,2.59894e-06,3.28247e-06,2.73106e-07,2.31058e-07,9.47913e-07,2.57649e-05,7.22102e-06,7.28728e-06,2.07847e-05,8.97788e-06,3.22507e-05,2.69692e-05,5.83977e-10,4.74679e-07,9.67731e-06,4.60153e-06,1.42931e-05,1.5382e-06,9.51735e-07,3.00692e-05,5.94722e-06,3.1134e-06,1.30898e-05,8.74053e-06
rs1800146,1.03188e-05,1.21258e-05,3.3687e-06,7.06476e-06,2.50361e-07,9.26413e-05,3.91127e-06,1.30657e-05,1.2578e-05,1.19653e-07,2.53012e-05,2.20884e-05,7.57133e-07,1.09819e-07,2.58998e-05,1.88441e-06,4.08006e-05,4.14037e-05,1.96537e-06,2.82562e-06,8.19702e-07,3.7198e-05,1.14899e-05,7.9638e-06,1.21281e-06,8.66207e-07,5.23124e-05,8.98034e-06,4.45401e-06,2.16506e-06,3.85188e-06,3.40661e-06,1.97781e-05,1.77938e-05,9.15502e-07,1.27108e-05,0.392755,1.09231e-05,3.13643e-05,1.04009e-05,5.11259e-06,1.46006e-06,0.681243,1.60883e-06,1.1344e-05,1.42582e-06,1.05671e-05,2.13707e-06,1.02998e-05,1.07055e-05,7.74058e-08,1.12014e-05,9.02538e-06,1.10703e-05,6.27025e-05,5.19837e-06,1.98074e-06,6.45389e-06,1.11411e-05,7.31404e-06,1.5141e-06,1.60795e-06,0.805795,2.97632e-06,2.87669e-06,2.12112e-05,1.97822e-05,0.000151127,9.56363e-06,1.13071e-05,1.10181e-05,3.7813e-06,1.73866e-06,1.0,1.08713e-05,1.07778e-05,1.089e-05,5.26809e-05,2.69327e-05,1.41759e-05,5.82508e-07,7.94158e-06,2.97496e-05,6.99768e-06,6.08359e-06,7.83413e-07,9.06812e-07,1.33386e-06,1.27763e-05,1.28833e-05,2.87743e-05,3.4451e-05,7.33333e-06,9.85836e-06,4.4202e-05,7.26068e-06,1.88163e-05,6.68599e-07,6.29883e-09,1.76314e-06,1.00556e-05,5.35725e-06,5.66786e-06,1.69299e-05,7.59339e-06,4.96388e-06,2.6335e-05,2.71526e-06,2.99562e-07,8.56854e-07,5.35142e-06,2.923e-05,4.6648e-06,4.81479e-06,3.63415e-05,3.06825e-07,6.35558e-06,1.18522e-06,1.15396e-05,2.07902e-07,6.56364e-06,3.09665e-06,4.31196e-06,1.06316e-05,4.46803e-07,8.06952e-06,1.17259e-08,9.12667e-06,4.32714e-06
rs2241031,2.34702e-05,0.000596542,0.00169288,0.000128682,8.96395e-05,2.1298e-05,0.00127142,0.000452176,0.000528553,0.000747974,7.80004e-05,0.000789135,0.00033954,0.00279386,0.239029,0.00827748,0.295897,0.295656,0.00299723,0.00873932,0.00182169,0.202063,0.0104687,0.00289964,0.00957715,0.0008261,0.00158701,0.0105262,0.0103843,0.0398592,0.039795,0.039777,0.310488,0.0736507,0.00112837,0.000924243,3.87193e-08,0.998386,7.46643e-06,0.993999,0.0243435,1.38781e-05,1.02739e-06,4.24508e-07,0.994307,4.2801e-06,0.000244155,9.3226e-08,0.99795,0.996459,7.31929e-06,0.997078,0.994586,0.994002,5.29885e-05,0.00237921,5.80879e-05,0.000121716,0.987532,4.99102e-05,6.54103e-05,5.16684e-05,1.30962e-05,8.7257e-05,0.00124511,0.965493,0.000559693,0.00132809,0.996335,0.990669,0.998826,0.000122432,5.14746e-06,1.08713e-05,1.0,0.000259028,0.996485,0.000576124,0.000866157,0.695991,0.0846379,0.000986001,0.000684945,0.000173375,0.0212552,0.00476026,0.000499651,0.00109908,0.949728,0.944324,0.000570084,0.945512,0.909657,0.000601755,0.000215157,0.720293,0.00383721,0.00134275,0.00100411,0.00334602,0.0014675,0.00108117,0.233609,0.00125301,0.724535,0.00184444,0.00114438,0.0346147,0.0327762,0.113145,0.0011959,0.0656333,0.00101388,0.024814,0.000857792,0.00392966,9.58379e-06,0.0161541,0.0275507,0.00242688,0.000496052,0.000584365,1.89091e-05,0.000334589,0.000155647,0.000944647,0.00137008,0.00131235,0.00264347
Affx-52244591,0.00282705,1.91751e-05,0.000131429,6.40432e-05,0.00499681,0.000253284,1.10671e-08,7.15742e-05,0.041904,0.000668946,0.000582613,0.000191174,8.02333e-05,0.00510859,0.00028534,0.00532921,0.000296808,0.000290231,0.000577119,0.00640673,0.000431456,0.000260432,0.0063904,0.000623027,0.00558041,0.000134815,0.000358885,0.00639875,0.00629296,0.00689927,0.00691663,0.00696682,3.87644e-05,0.00481461,0.000225467,0.000124755,1.50548e-08,0.000261744,1.06133e-05,0.000261997,0.00440555,2.00433e-05,7.59239e-09,3.04948e-06,0.00024775,1.50513e-06,3.90002e-05,2.37489e-05,0.000251173,0.000257252,5.34721e-06,0.000265585,0.000252083,0.000263367,1.31947e-07,0.000371099,2.69544e-05,1.49946e-05,0.00026218,1.24282e-06,2.08009e-05,2.20902e-05,5.47981e-06,4.08891e-05,0.00024342,0.000245517,4.31821e-05,0.000343241,0.00025883,0.00026739,0.000260803,5.19491e-05,4.18417e-06,1.07778e-05,0.000259028,1.0,0.000270947,3.71893e-05,0.00034492,0.000500423,0.00539081,0.000212406,0.000221161,7.05292e-05,0.00397772,0.000749374,2.94421e-06,0.000267124,0.000270423,0.000281369,0.000177104,0.000266433,0.000297094,4.30109e-05,3.54151e-05,0.0003156,0.000740046,0.000278035,8.70504e-05,0.103167,0.000367527,0.00012259,7.17306e-05,0.000301132,0.000323366,0.000417511,0.232034,0.0091502,0.00895909,0.000294155,0.00542327,0.000384431,0.000254831,0.000827075,6.23825e-05,0.000461093,0.000105771,0.00497663,0.00519188,0.000436191,0.000119495,0.00014838,0.000267116,0.000153054,0.000199869,6.8925e-05,0.000909244,0.00243692,0.00148678
rs1860968,2.14943e-05,0.000561517,0.00167041,0.00012405,9.54062e-05,1.88951e-05,0.00129173,0.000444217,0.000553861,0.00074452,8.89996e-05,0.000789482,0.000325545,0.00283455,0.239492,0.00832452,0.297034,0.296709,0.00298495,0.00872163,0.00183218,0.203175,0.0105063,0.00290041,0.00962767,0.000810662,0.00164713,0.0105632,0.0104078,0.0401344,0.0400657,0.0400571,0.310404,0.0738474,0.00113756,0.0008936,3.72428e-08,0.995459,7.94897e-06,0.994593,0.024307,1.3892e-05,1.0377e-06,4.30642e-07,0.991407,4.25253e-06,0.000244165,9.67904e-08,0.995033,0.996907,7.29718e-06,0.994169,0.995177,0.994594,5.29882e-05,0.00239083,5.8079e-05,0.000124982,0.98814,4.99843e-05,6.53828e-05,5.1657e-05,1.31177e-05,8.72437e-05,0.00125298,0.965938,0.000543905,0.00133078,0.996926,0.991268,0.995901,0.000121145,5.11418e-06,1.089e-05,0.996485,0.000270947,1.0,0.00055903,0.000841398,0.694791,0.084493,0.0010029,0.00067254,0.000172201,0.0212397,0.00476287,0.000500119,0.00110867,0.950383,0.941611,0.000558395,0.946176,0.910273,0.00059973,0.000213308,0.721121,0.00383776,0.00134648,0.00099115,0.00337349,0.00152987,0.00107752,0.23393,0.00122273,0.725084,0.0018434,0.00114226,0.0348395,0.0329634,0.112993,0.0011903,0.06559,0.00101341,0.0249653,0.000845045,0.00394325,1.02233e-05,0.0163314,0.027633,0.00249895,0.000496683,0.000623331,1.9846e-05,0.00034287,0.000148307,0.000931106,0.00135533,0.00134967,0.00262601
rs79751747,0.000129228,6.3035e-05,4.40301e-05,4.72472e-05,0.000572551,9.39493e-05,5.2173e-05,0.000111937,0.000107887,0.000623637,0.00751603,5.10488e-05,2.87323e-05,0.00228822,0.000157423,0.00255838,0.000149611,0.000154631,0.000451815,0.00402492,0.000259588,0.000189114,0.003797,0.000407047,0.00336571,0.264529,0.000329538,0.00387386,0.00387527,0.00416314,0.00419825,0.00420379,0.000292457,0.00980261,8.02741e-05,0.000189986,0.000118308,0.000576272,1.8281e-05,0.000574877,0.00271922,7.2824e-07,8.26801e-05,0.000132527,0.000565596,6.93239e-06,0.000126981,5.34292e-06,0.000575722,0.000573552,0.000103175,0.000583008,0.000579557,0.000578976,5.61174e-06,0.000329654,8.01996e-07,5.20612e-05,0.000512345,1.33024e-06,9.00841e-07,1.38983e-06,3.69119e-05,1.33207e-05,0.000125808,0.000486927,0.924183,7.73791e-05,0.000574409,0.000548786,0.000572423,2.18987e-05,0.000115078,5.26809e-05,0.000576124,3.71893e-05,0.00055903,1.0,1.84211e-05,0.000715577,0.00376086,9.3543e-05,0.000163098,9.53048e-06,0.00251276,0.000606078,6.58882e-05,4.65509e-05,0.00061413,0.000600623,8.94174e-05,0.000610677,0.00178979,8.25484e-05,7.37787e-05,0.00212344,0.000496742,0.000230566,6.00263e-05,0.000664077,0.000164206,0.000135043,0.0114518,0.000178009,0.00213174,0.000190274,0.000222272,0.00529129,0.00532909,0.000271994,0.00153695,0.000233602,8.87474e-05,0.00173955,2.47563e-06,0.000554278,0.00151092,0.000803212,0.00297146,0.000381583,5.09117e-05,8.34206e-05,7.18607e-05,4.75288e-07,8.83657e-05,0.00011124,0.000467072,0.00523091,0.00249205
rs148720085,0.000572249,0.000489758,0.000215534,0.000389991,0.00300592,1.45898e-05,0.000343951,0.000478362,0.000791197,0.013706,0.000456364,0.000286566,0.000240816,0.0210481,8.07135e-06,0.0203904,3.58446e-06,6.53944e-06,0.00109281,0.0226772,0.000360103,1.7722e-05,0.0255482,0.00117509,0.0262741,0.000168285,0.000404749,0.0257351,0.0253853,0.0235816,0.0236323,0.0235898,0.000276089,0.0126431,0.000384127,0.000589172,2.56536e-06,0.000856114,7.02463e-06,0.000831354,0.039239,5.58308e-06,3.27803e-05,1.36866e-05,0.000843295,1.66212e-05,4.21877e-05,1.72891e-07,0.000843306,0.000835218,4.09419e-05,0.00083597,0.000817806,0.000858833,5.74442e-06,0.000626647,1.35339e-05,5.13643e-05,0.000775712,5.62554e-06,4.20763e-05,4.46489e-05,3.42869e-05,2.10461e-06,0.000437035,0.000830444,2.97112e-05,0.000558328,0.000838435,0.000828936,0.000843917,4.45394e-06,2.52744e-05,2.69327e-05,0.000866157,0.00034492,0.000841398,1.84211e-05,1.0,0.00131616,0.0319368,0.000342951,0.000440983,8.95001e-06,0.0447272,0.00196922,8.65299e-05,0.000352831,0.000794912,0.000785851,0.000198613,0.000774026,0.000780502,0.000229986,3.43411e-05,0.000257856,0.00113123,0.000515658,0.000401355,0.00147907,0.000496122,0.000256873,1.83866e-05,0.00056977,0.000245905,0.000884348,0.00049583,0.00979616,0.0100028,0.000705699,0.00434187,0.000930992,0.000427691,0.000629104,0.000424208,0.000891398,5.31743e-05,0.0136208,0.0124786,0.000834495,1.33777e-06,0.000451988,0.00014959,0.000385615,0.0218942,0.000597387,0.0016476,0.0163322,0.022543
Affx-22255895,4.21323e-05,0.0205454,0.000712514,0.00031611,0.00136732,0.000258828,0.00170614,0.000792243,0.000610528,0.00999884,3.2044e-05,0.00111472,4.85917e-05,0.000122527,0.166289,0.000220873,0.203881,0.204006,0.00464834,0.0200688,0.00239154,0.137986,0.0225373,0.004778,0.000231681,0.00124151,0.0016528,0.0225669,0.0223081,0.0510362,0.0509879,0.0509622,0.215157,0.103852,0.233879,0.00136967,6.06395e-06,0.695537,3.12869e-06,0.693162,0.0360067,2.00912e-05,4.99199e-06,4.63701e-06,0.693248,1.68764e-05,0.00030306,9.49962e-06,0.695472,0.693175,7.07708e-08,0.695411,0.693235,0.693171,7.64154e-05,0.00309308,4.53958e-05,0.000190885,0.686607,4.66057e-05,6.92699e-05,7.8336e-05,3.06185e-05,0.000131328,0.26819,0.668523,0.000718971,0.00191165,0.694391,0.690635,0.695822,0.000212885,1.11917e-08,1.41759e-05,0.695991,0.000500423,0.694791,0.000715577,0.00131616,1.0,0.034095,0.00141488,0.00123554,0.000192617,0.0318561,0.00694419,0.000697939,0.224043,0.660834,0.657034,0.000832996,0.657807,0.631684,0.000877895,2.05381e-06,0.499399,0.00536387,0.000344958,0.00105851,0.00447638,0.00201726,0.00136463,0.162125,0.000605579,0.501183,0.00279344,0.00174511,0.0110718,0.0100012,0.0780554,1.54482e-05,0.0428363,0.00133548,0.0130967,0.000190126,0.00477236,8.40202e-06,0.00145877,0.010966,0.000629382,0.000897837,0.000793074,6.45871e-06,0.000488055,1.31354e-05,0.00103603,0.00169816,9.08289e-06,0.00381914
rs749072,0.000357563,0.0058041,0.00241765,0.00745335,0.00581322,2.3883e-05,0.000384073,0.00818362,0.001088,0.00083864,0.0010951,0.00864428,0.00459024,0.125364,0.023807,0.176848,0.0331037,0.032903,0.0128331,0.364439,0.011328,0.0214008,0.370434,0.0995301,0.301936,0.00864271,0.00828188,0.379275,0.388886,0.471089,0.470823,0.473763,0.0307429,0.154375,0.0115983,0.0101709,1.19657e-05,0.084546,9.55261e-05,0.0844924,0.601561,1.35202e-05,1.07144e-06,9.52866e-06,0.0842646,3.08541e-07,0.002854,0.000108149,0.0847629,0.0843068,3.44984e-06,0.0849556,0.084625,0.0845829,0.000304598,0.0244565,0.000527067,0.00321383,0.0838131,5.79038e-06,0.000409254,0.00038119,2.07187e-05,0.000978898,0.0134204,0.0800559,0.00396537,0.0505501,0.0845919,0.0836155,0.084897,0.00077726,2.75299e-06,5.82508e-07,0.0846379,0.00539081,0.084493,0.00376086,0.0319368,0.034095,1.0,0.0270454,0.0118712,0.00394848,0.68695,0.153035,0.00786079,0.0110336,0.0867836,0.0862038,0.0215203,0.085817,0.0805926,0.00640301,0.00627762,0.0658361,0.117654,0.0361548,0.0119271,0.0410532,0.014494,0.00964165,0.0197113,0.0142026,0.065694,0.0263317,0.0108129,0.0530069,0.0438243,0.00285008,4.80568e-06,7.81684e-06,0.0111014,0.0107027,0.0213296,0.0276787,0.00459251,0.00049883,0.0647972,0.0209707,0.00694152,0.00674461,0.0159266,0.00342002,6.36623e-07,0.00522025,0.0271886,0.0383886,0.0144017
rs150981123,0.00363646,0.000131477,7.11904e-05,0.00037572,0.000261643,0.000132409,0.000844972,0.000459213,0.000118422,0.00626025,0.000383866,0.0599501,0.000155138,0.0169055,0.000260913,0.0153612,0.000109695,9.12809e-05,0.000779123,0.0184326,0.000127094,0.00046631,0.0194586,0.00105633,0.0190177,0.000375539,0.00089225,0.0193502,0.0205669,0.0197952,0.019722,0.0205901,0.000458727,0.0121657,0.000385143,0.000250876,4.14046e-07,0.00100427,7.07345e-06,0.000994599,0.0357703,2.86779e-05,2.3243e-06,5.70025e-06,0.00100422,1.05419e-05,0.000132375,1.65012e-05,0.00100823,0.000998252,1.14149e-05,0.000995284,0.00100506,0.00100679,1.42704e-05,0.00054672,1.02916e-05,4.08736e-05,0.001008,7.49822e-06,3.99102e-05,4.23321e-05,2.9111e-06,5.78134e-07,0.000367465,0.000986336,0.000108332,0.000729207,0.00100193,0.0010212,0.000990691,4.91697e-05,1.53221e-05,7.94158e-06,0.000986001,0.000212406,0.0010029,9.3543e-05,0.000342951,0.00141488,0.0270454,1.0,0.000433455,1.66734e-05,0.0407741,0.00142798,0.000212084,0.000338183,0.00100293,0.0010184,0.000308953,0.00100834,0.000961082,0.000254077,7.63734e-05,0.000767298,0.00122073,0.000527397,0.000288721,0.00112281,0.000764936,0.000204206,0.000202536,0.000436565,0.000769752,0.000762879,0.000455636,0.0089802,0.0086228,0.000596579,0.0100833,0.000845993,0.000403081,0.00135618,0.000251729,0.000960022,0.000347242,0.00453864,0.000741894,0.000743066,0.000391194,0.000424823,0.000186974,0.205867,0.000151853,0.000498591,0.00216282,0.00380849,0.00211031
rs12487922,0.00106018,0.000277576,2.44443e-05,0.000408053,6.65757e-05,0.00354166,0.00153906,0.000660142,1.96087e-05,0.00131539,0.0026737,0.000595633,0.000166344,0.0100781,0.000576742,0.0122834,0.00064044,0.000628556,0.0010083,0.00877666,0.000924381,0.00142632,0.00854592,0.00148981,0.010463,0.046031,0.000451012,0.00457555,0.00461051,0.010118,0.0101856,0.0102715,0.000462089,0.029801,0.000477797,0.000333731,1.16205e-05,0.000672503,9.81998e-06,0.000677234,0.00949502,1.7722e-05,5.79335e-06,1.50207e-06,0.000675412,4.33092e-06,0.000109294,6.95883e-06,0.000689203,0.000678964,4.31794e-06,0.000694257,0.000678588,0.000693961,1.03311e-06,0.000692176,1.59179e-05,0.000138902,0.000652902,1.73733e-05,2.10833e-05,2.35767e-05,3.75932e-05,4.0742e-05,0.000537849,0.000702547,0.000137357,0.000459956,0.00067553,0.000689359,0.000704177,1.55213e-05,4.15734e-07,2.97496e-05,0.000684945,0.000221161,0.00067254,0.000163098,0.000440983,0.00123554,0.0118712,0.000433455,1.0,0.000109936,0.00896193,0.00173554,0.00024631,0.000475863,0.000686459,0.000688929,0.000398041,0.00067938,0.000703232,0.000120154,0.000151793,0.00049409,0.000333637,0.000469228,0.000343356,0.000251297,0.000460657,0.000363703,0.000202348,0.000317827,0.000506902,0.000817045,0.000812016,0.00253762,0.00671,0.000417629,0.00156865,0.00044726,0.000578004,0.0125472,0.000440733,0.00133091,0.000308973,0.00675335,1.86625e-06,0.000977458,0.000179256,0.000200597,0.00220996,0.000827401,0.0128512,0.000284428,9.85943e-06,0.000206244,0.00184864
rs139151890,0.000924132,1.70217e-05,1.14164e-05,7.37541e-05,0.00128602,0.00024361,4.39983e-05,5.25113e-05,0.000147635,0.000240914,1.25177e-07,8.12289e-05,2.73374e-05,0.00240344,0.000164949,0.00202989,0.00018901,0.000213565,5.26151e-05,0.00176207,0.000117432,0.000117033,0.00204049,0.000261735,0.00254198,1.29838e-05,5.58336e-05,0.00211475,0.00204521,0.00202342,0.00205341,0.001478,1.74519e-05,0.00147153,4.16736e-05,3.13894e-05,9.19363e-06,0.000173801,1.32758e-05,0.000157565,0.00537864,5.5795e-06,7.86569e-06,9.69797e-06,0.00017656,5.44864e-06,1.72845e-05,8.16661e-06,0.000174018,0.000171387,6.55797e-06,0.000175516,0.000174442,0.000173534,8.30736e-06,0.00016829,5.23424e-06,1.16955e-05,0.000174303,2.78776e-05,5.78601e-06,9.702e-06,8.05091e-06,1.13737e-05,2.23494e-05,0.000127708,1.9509e-05,0.000121872,0.000173604,0.000174947,0.000173303,2.20928e-08,7.84922e-06,6.99768e-06,0.000173375,7.05292e-05,0.000172201,9.53048e-06,8.95001e-06,0.000192617,0.00394848,1.66734e-05,0.000109936,1.0,0.00601282,0.000374929,6.92278e-06,1.14799e-05,0.000185604,0.000183998,5.08656e-05,0.000184184,0.000183894,1.22608e-06,4.76013e-06,0.000164181,0.000188143,1.07529e-05,7.79006e-05,0.000305684,4.34434e-05,2.71741e-05,5.64135e-05,8.55221e-06,0.000165913,0.000204636,0.000183314,0.00171808,0.00170459,0.000101243,0.00109385,6.88783e-05,4.35836e-05,0.000243334,0.000125497,2.62138e-05,3.12438e-05,0.00269369,0.00109813,0.00020017,2.03028e-05,1.73295e-05,0.000139118,4.26e-05,2.16272e-05,1.1314e-05,0.000307097,0.000380937,0.000311909
rs6550449,0.000524715,0.00350674,0.000112915,0.00592218,0.0073928,0.000248212,1.2134e-05,0.00570058,9.47369e-05,0.00112949,0.00516669,0.0151144,0.00318704,0.18843,0.00337035,0.191917,0.00344064,0.00349138,0.00791226,0.297948,0.00646081,0.0025032,0.293904,0.142238,0.326886,0.00582133,0.00841172,0.296969,0.306085,0.327356,0.327263,0.330224,0.00678264,0.249518,0.00809572,0.00698561,7.51223e-10,0.021205,1.22821e-05,0.0210954,0.887442,1.55327e-05,8.99696e-06,5.98527e-06,0.0212222,9.40699e-06,0.00199505,3.77351e-07,0.0211818,0.0209323,4.39837e-07,0.0211194,0.0210164,0.0209817,0.000158778,0.0168002,0.000329968,0.00443959,0.0207647,1.05457e-08,0.000226199,0.000231577,4.06341e-06,0.00180489,0.00946128,0.0203319,0.00263448,0.0139701,0.0211425,0.0213234,0.0211274,0.000488721,1.97249e-07,6.08359e-06,0.0212552,0.00397772,0.0212397,0.00251276,0.0447272,0.0318561,0.68695,0.0407741,0.00896193,0.00601282,1.0,0.220841,0.0057472,0.00770949,0.0222032,0.0219238,0.0312358,0.0221251,0.0223392,0.00444924,0.00949869,0.0180645,0.170385,0.0514062,0.0216187,0.028445,0.00970969,0.00637089,0.00495765,0.00978381,0.0181464,0.018877,0.00653216,0.15795,0.139067,0.0111466,0.0034704,0.0148044,0.00756685,0.0165746,0.0219834,0.0170174,0.00447957,0.0172708,0.0516197,0.000103962,0.0048969,0.00454814,0.0202935,0.00490481,2.36569e-06,0.00266053,0.0408247,0.019906,0.0312957
rs77133748,4.92376e-05,0.000966426,0.000836136,0.0011918,0.00211357,0.000566915,0.00369007,0.000652235,0.00654424,5.66571e-05,0.000845434,0.00165338,0.000893289,0.0658065,0.00172218,0.0678682,0.00176467,0.00180357,0.00432477,0.0774205,0.00247534,0.00220091,0.0832601,0.00656626,0.0958421,0.0014735,0.00190157,0.0837077,0.0900179,0.0975374,0.0974813,0.0977156,0.00133994,0.0569065,0.0017643,0.00163058,5.37885e-06,0.00474226,5.37686e-06,0.00475873,0.197286,1.91837e-07,3.68582e-05,2.31535e-10,0.00477477,5.74588e-06,0.000536794,1.0157e-06,0.00475519,0.00473151,1.34093e-06,0.00478999,0.00468048,0.00470264,3.63623e-06,0.00367553,0.000127034,0.000274254,0.0046577,8.73649e-06,5.20832e-05,4.72041e-05,2.17415e-05,7.46901e-05,0.00193628,0.0045305,0.000622025,0.00312731,0.00473086,0.00480077,0.00472176,7.46337e-05,1.33159e-06,7.83413e-07,0.00476026,0.000749374,0.00476287,0.000606078,0.00196922,0.00694419,0.153035,0.00142798,0.00173554,0.000374929,0.220841,1.0,0.00135609,0.00151966,0.00533819,0.00524985,0.00155538,0.00532377,0.00523892,0.00108687,0.000424255,0.00444898,0.00735566,0.235667,0.00182176,0.00438616,0.00194321,0.00157746,0.00136464,0.00223986,0.00446796,0.0037174,0.00286062,0.0646375,0.0651344,0.00246767,0.0054014,0.00241676,0.00222602,0.00663429,0.114803,0.00285118,0.000817851,0.0650317,0.0196982,0.00543238,0.00117734,0.000616534,0.00144045,0.000118907,0.000596805,0.00190498,0.0954777,0.00243693,4.91125e-06
rs140807935,0.00137926,8.47651e-05,0.000218442,7.40802e-05,0.00304224,0.000186762,0.00593809,0.000180188,0.00062938,0.00061992,0.00848257,0.000114994,7.51145e-06,0.000274341,0.000221273,0.000591551,0.000227118,0.000183699,0.000628005,0.00376246,0.000367193,0.000166556,0.00343866,0.00130997,0.00296491,0.0505336,4.18677e-05,0.00347649,0.00268127,0.00896015,0.00891233,0.00897816,0.000132962,0.0176152,0.000150281,0.000141823,7.05887e-06,0.000501213,5.27399e-07,0.000489833,0.00655518,2.7055e-05,1.50171e-05,2.44681e-05,0.000513153,5.33288e-06,7.83121e-05,2.50761e-05,0.000499388,0.000496019,1.48155e-05,0.000492287,0.000476351,0.000490379,1.67813e-05,0.00034444,1.37989e-05,1.95827e-05,0.000491763,9.76405e-06,6.85686e-06,8.16225e-06,1.58825e-05,1.29679e-05,0.000173086,0.000443639,7.10786e-05,0.000368985,0.000487875,0.00049828,0.000503868,2.44418e-05,1.91103e-05,9.06812e-07,0.000499651,2.94421e-06,0.000500119,6.58882e-05,8.65299e-05,0.000697939,0.00786079,0.000212084,0.00024631,6.92278e-06,0.0057472,0.00135609,1.0,0.000153783,0.000547674,0.000539493,0.000181836,0.000543753,0.000563827,0.000110122,7.40251e-05,0.000487174,0.00133217,0.000298376,0.000265271,0.01744,0.000245015,0.000108054,0.0001167,0.000284893,0.000513502,0.000502005,0.00021167,0.0110597,0.0104269,0.000227363,0.00205894,0.000971536,9.58558e-05,0.000853617,0.000326233,0.000319391,2.55081e-05,0.00545478,0.00464214,0.00085383,0.000185158,0.000165296,0.000364785,0.000517959,0.000199297,0.000207883,2.05571e-05,0.00181892,0.00200549
rs116949600,0.000493399,0.0989258,0.000218193,0.000146736,0.00391102,0.000404159,0.000117699,0.000205499,4.16958e-05,0.0218593,0.000904569,0.000181428,0.000324161,0.0101599,0.000336691,0.0135853,0.000648849,0.0006315,0.0012524,0.0142661,0.00044285,0.000522969,0.0156997,0.00135313,0.0187127,0.000307239,8.64029e-05,0.0156317,0.0155681,0.0137863,0.0138388,0.0137948,0.000483154,0.0219965,0.854422,0.00035161,1.65446e-05,0.0010817,1.16621e-05,0.001089,0.00839481,3.62667e-06,3.70909e-06,5.97342e-06,0.00106631,7.88689e-06,6.03048e-05,2.79143e-05,0.00108683,0.00107382,1.06152e-05,0.00107963,0.00108733,0.00107121,3.36672e-05,0.000463007,1.62182e-07,6.30185e-05,0.00112447,1.04042e-05,4.46155e-06,2.10428e-05,1.58349e-05,3.31448e-05,0.831632,0.00104502,9.76009e-05,0.000454723,0.00109757,0.00108194,0.00110069,5.55765e-05,8.25217e-06,1.33386e-06,0.00109908,0.000267124,0.00110867,4.65509e-05,0.000352831,0.224043,0.0110336,0.000338183,0.000475863,1.14799e-05,0.00770949,0.00151966,0.000153783,1.0,0.00113156,0.0011037,0.000225296,0.00113771,0.00116723,0.000261677,0.00076274,0.00103465,0.000914691,0.000775122,4.23911e-05,0.000896547,0.00040333,0.000243594,0.000301972,0.000221487,0.00103723,0.00058993,0.000726175,0.00917558,0.00935879,0.000633042,0.00169058,0.000597775,0.000198163,0.00114936,0.000281623,0.000551707,3.01861e-05,0.0150233,0.00494703,0.000771882,0.000368596,0.000118886,7.648e-05,0.000140387,0.000145262,3.43303e-05,0.000566948,0.00244526,0.000994707
rs6796640,3.79454e-06,0.000643484,0.00163976,0.000139358,0.000148793,4.44868e-05,0.00115324,0.000467366,0.00046265,0.000814158,5.29245e-05,0.000811054,0.000359433,0.00318177,0.225639,0.00834722,0.279602,0.279402,0.00131275,0.00771545,0.0018793,0.196183,0.00944919,0.0029606,0.00950926,0.000751368,0.00164819,0.00951117,0.00934952,0.0375218,0.0374373,0.0374239,0.301544,0.0733691,0.00114305,0.000641498,7.64926e-08,0.948713,1.03285e-05,0.947959,0.0233514,6.80419e-06,1.79148e-06,8.8722e-07,0.944912,9.83377e-06,0.000259579,2.25811e-07,0.948398,0.950207,5.5306e-06,0.947626,0.948524,0.947952,5.67427e-05,0.00244983,6.17189e-05,0.000107036,0.941863,3.28856e-05,4.69763e-05,3.61222e-05,1.5331e-05,9.27132e-05,0.00128577,0.919598,0.000597899,0.00135664,0.950185,0.944941,0.949438,0.000129557,3.72417e-06,1.27763e-05,0.949728,0.000270423,0.950383,0.00061413,0.000794912,0.660834,0.0867836,0.00100293,0.000686459,0.000185604,0.0222032,0.00533819,0.000547674,0.00113156,1.0,0.99058,0.000585078,0.995412,0.957385,0.000624306,0.000199283,0.768237,0.00395796,0.00129326,0.000961024,0.00351631,0.00156372,0.00113748,0.228392,0.00132314,0.772154,0.00193365,0.00112339,0.0373912,0.0355212,0.132517,0.000815692,0.0760937,0.00103705,0.0238543,0.000936054,0.00406804,1.11743e-05,0.0174478,0.0261532,0.00225709,0.000545875,0.000615435,8.10376e-06,2.5499e-06,0.000149442,0.0010268,0.00157312,0.00100429,0.0029565
rs7631605,4.60292e-06,0.000643635,0.00159152,0.000137937,0.000149991,5.22134e-05,0.00114678,0.000466387,0.000466951,0.000762953,3.99371e-05,0.000810412,0.000348561,0.00307012,0.223692,0.00818147,0.276992,0.276924,0.00131473,0.00779038,0.00185861,0.19517,0.00944567,0.0028808,0.0093169,0.000757893,0.00157958,0.00950682,0.00934391,0.0370109,0.0370158,0.0369,0.298857,0.0728231,0.00111654,0.000653376,8.89125e-08,0.943442,9.42102e-06,0.939343,0.0231039,1.00974e-06,1.8332e-06,9.13131e-07,0.939519,2.02227e-05,0.00026323,2.1122e-07,0.943002,0.941515,5.4545e-06,0.942238,0.939753,0.939181,5.57886e-05,0.00243146,6.19785e-05,0.000120343,0.933064,3.32285e-05,4.84546e-05,3.74644e-05,1.54598e-05,9.31034e-05,0.00125981,0.911134,0.000601815,0.00136881,0.941404,0.936462,0.944033,0.000130079,3.67122e-06,1.28833e-05,0.944324,0.000281369,0.941611,0.000600623,0.000785851,0.657034,0.0862038,0.0010184,0.000688929,0.000183998,0.0219238,0.00524985,0.000539493,0.0011037,0.99058,1.0,0.000600586,0.992827,0.954328,0.000612006,0.000185864,0.76648,0.00382823,0.00132816,0.000975924,0.00353194,0.00149224,0.00110744,0.226929,0.00127423,0.769962,0.00188341,0.00114055,0.0370895,0.0352313,0.132125,0.000777365,0.075943,0.000987677,0.023512,0.000873327,0.00406121,1.58494e-05,0.0172835,0.0260194,0.00222492,0.000581075,0.000604652,1.19633e-05,2.94711e-06,0.000149039,0.000973287,0.00163085,0.00100513,0.00287997
rs78197553,0.000559238,1.6943e-05,0.0013478,0.000222172,0.0022475,0.000114015,0.000805006,0.000376245,0.000397809,0.000189424,4.93662e-05,0.089539,8.9151e-05,5.04673e-05,0.000484799,0.00990124,0.000460602,0.000459675,0.00017654,0.0102078,0.000277754,0.000245798,0.0111814,0.00127716,0.0132634,9.01893e-05,0.000692695,0.0117802,0.0116376,0.0135102,0.0134629,0.0134181,0.000191939,0.00764364,0.000149529,0.000343708,2.23998e-05,0.000560854,1.10289e-06,0.000538375,0.0283435,1.48938e-05,3.83453e-05,4.38296e-05,0.000539718,2.05288e-06,6.38318e-05,4.11741e-06,0.000563522,0.000555591,2.79301e-05,0.00056797,0.00056039,0.000543236,3.1628e-05,0.000651185,1.48009e-06,1.76307e-05,0.000551539,6.07039e-06,2.23515e-07,6.84382e-09,4.42681e-06,1.54612e-05,0.00024227,0.000546537,8.03471e-05,0.000818914,0.000558942,0.000547486,0.000564229,4.84884e-05,2.81805e-06,2.87743e-05,0.000570084,0.000177104,0.000558395,8.94174e-05,0.000198613,0.000832996,0.0215203,0.000308953,0.000398041,5.08656e-05,0.0312358,0.00155538,0.000181836,0.000225296,0.000585078,0.000600586,1.0,0.000621822,0.00064099,0.000152237,0.239738,0.000541464,0.0014996,0.000432566,0.000338476,0.00141379,0.000530313,0.000267535,0.000134067,0.000371816,0.000557332,0.000796669,0.00143234,0.00708634,0.0079374,0.000474365,0.0125572,0.000785338,0.000295465,0.00120303,0.00033142,0.000593798,0.000266085,0.0115449,0.00508867,0.000607674,0.000110931,0.000110585,0.000535823,0.000124577,0.000216288,3.11094e-08,0.00178825,0.00901393,0.0172202
rs4678950,4.76658e-06,0.000644029,0.00156932,0.000134869,0.000145101,4.84611e-05,0.00115366,0.000458366,0.000440759,0.00078281,3.98191e-05,0.000812507,0.000357791,0.00317351,0.225412,0.0083233,0.279098,0.278954,0.00130347,0.00770059,0.00186417,0.196011,0.00938995,0.00294818,0.00950416,0.00075549,0.00158444,0.00943902,0.0092884,0.0371025,0.0370832,0.0370295,0.299154,0.0729027,0.0011346,0.000602002,3.0687e-06,0.944492,9.49742e-06,0.943744,0.0232544,6.63523e-06,1.21228e-05,8.16028e-07,0.940695,1.01245e-05,0.000275311,2.73841e-07,0.944185,0.946,5.75172e-06,0.943419,0.944311,0.943737,5.50998e-05,0.00242009,6.00424e-05,0.000105864,0.937609,3.2672e-05,4.79383e-05,3.69682e-05,3.65664e-05,0.000109923,0.00124415,0.91623,0.000594747,0.00134341,0.945973,0.940726,0.945249,0.000128762,3.90785e-06,3.4451e-05,0.945512,0.000266433,0.946176,0.000610677,0.000774026,0.657807,0.085817,0.00100834,0.00067938,0.000184184,0.0221251,0.00532377,0.000543753,0.00113771,0.995412,0.992827,0.000621822,1.0,0.960219,0.000642927,0.000208709,0.770365,0.00393114,0.0013564,0.000952897,0.00353317,0.0015184,0.00113245,0.227606,0.00129882,0.774308,0.00193189,0.00112365,0.0374776,0.0355995,0.132925,0.000834551,0.0763041,0.000999556,0.0236446,0.000891642,0.00411206,1.59932e-05,0.0175019,0.025835,0.00233046,0.000569874,0.000595538,1.04547e-05,2.68847e-06,0.000146792,0.00100319,0.00163944,0.00101552,0.00296499
rs1392748,1.27437e-06,0.000647708,0.00154082,0.000134748,0.000236829,1.17266e-05,0.0009585,0.000463254,0.000133723,0.000587163,1.55206e-05,0.000854018,0.000336402,0.00290837,0.216182,0.00792483,0.267829,0.267644,0.00136122,0.00655507,0.00190021,0.187544,0.0081335,0.0030328,0.0100461,4.90282e-05,0.00167645,0.00820417,0.00804991,0.0340133,0.0340211,0.033913,0.287509,0.0746091,0.00119339,0.000599223,2.65728e-06,0.908734,1.29773e-05,0.908037,0.0235214,8.46167e-06,2.7964e-07,1.51097e-08,0.905201,1.69208e-05,0.0003003,3.12675e-08,0.908457,0.910031,1.06949e-05,0.907629,0.908623,0.908005,4.43168e-05,0.00247325,6.4908e-05,0.000119037,0.902127,3.43782e-05,5.03942e-05,3.94053e-05,4.18544e-06,9.95e-05,0.00128107,0.880459,0.0019437,0.00135051,0.910035,0.905262,0.909528,0.000118264,8.41668e-06,7.33333e-06,0.909657,0.000297094,0.910273,0.00178979,0.000780502,0.631684,0.0805926,0.000961082,0.000703232,0.000183894,0.0223392,0.00523892,0.000563827,0.00116723,0.957385,0.954328,0.00064099,0.960219,1.0,0.000653814,0.000228022,0.793098,0.00400401,0.00140332,0.000686719,0.00373621,0.00156949,0.00120614,0.267813,0.00133602,0.796269,0.00193271,0.00119564,0.0387644,0.0368309,0.126336,0.00105725,0.071946,0.00111488,0.0299882,0.000872246,0.00409939,9.0465e-05,0.017933,0.0277313,0.00201623,0.0006172,0.000603039,8.28348e-06,2.65609e-07,8.52358e-05,0.00102998,0.00169966,0.00168165,0.00326723
rs141256074,0.00476056,0.000206032,0.000102852,2.34996e-05,0.00150942,7.92906e-05,0.000471451,0.000242554,0.000224425,0.00177929,0.000396079,7.46863e-05,0.000137583,0.00727742,0.000344467,0.00703392,0.000403117,0.000396157,0.000373014,0.00662437,0.000305153,0.000230995,0.00609063,0.000760048,0.00518583,1.07443e-06,0.000417405,0.00642091,0.00638577,0.00661879,0.00709645,0.00707442,0.000272927,0.00719739,0.000240335,0.000284474,1.97143e-06,0.000603416,5.76466e-06,0.000602608,0.00498133,1.60535e-07,1.75879e-06,6.02494e-05,0.000599537,5.01919e-06,2.99926e-05,2.62848e-06,0.000603506,0.000596583,4.24531e-05,0.000607566,0.000604083,0.000604096,3.87455e-05,0.000713164,1.29905e-06,7.93042e-06,0.000587288,2.34423e-06,5.97298e-06,7.21995e-06,1.4586e-05,1.17485e-05,0.000246165,0.000545159,0.000102931,0.000262351,0.000599462,0.000582859,0.000601853,9.28262e-06,4.95179e-05,9.85836e-06,0.000601755,4.30109e-05,0.00059973,8.25484e-05,0.000229986,0.000877895,0.00640301,0.000254077,0.000120154,1.22608e-06,0.00444924,0.00108687,0.000110122,0.000261677,0.000624306,0.000612006,0.000152237,0.000642927,0.000653814,1.0,8.09055e-05,0.000624342,0.00128886,0.000309866,0.000277562,0.000822463,0.00044285,0.000223519,0.00020174,0.000368041,0.000606427,0.000706412,0.00037259,0.00820931,0.00833607,0.000380293,0.00755456,0.000559604,0.00016318,0.000874825,0.000447404,0.000329985,0.000107338,0.0138478,0.00659716,0.000494597,5.19045e-05,0.000149222,0.000683041,0.000474312,7.84738e-05,4.02644e-05,0.00134935,0.0020994,0.00117635
rs79390582,0.000621417,4.85825e-05,0.00503357,4.87521e-05,0.000433034,2.08135e-05,3.04742e-06,6.78624e-05,0.000279532,0.00282141,0.000234585,0.0676768,3.0346e-07,0.000965877,0.000159038,0.00064334,0.000102747,9.40007e-05,0.000158081,0.000853217,0.000155789,6.50966e-05,0.000981597,0.000281144,0.00122818,8.15982e-07,0.00417863,0.00091981,0.000868835,0.00208946,0.00209272,0.00206569,6.78375e-05,0.002428,0.000825858,6.59708e-05,1.21768e-06,0.00021687,4.31418e-08,0.000215888,0.00848285,2.1105e-07,6.02755e-06,1.505e-09,0.000197255,2.13248e-05,2.49412e-05,1.8383e-05,0.000217425,0.000214646,2.59567e-07,0.000204632,0.000216164,0.000206249,8.55066e-07,0.000181768,3.68852e-07,2.76784e-06,0.000193862,6.99175e-07,1.26679e-07,1.65683e-08,5.34075e-06,5.24279e-06,0.000652072,0.000208883,8.89772e-05,0.000385621,0.000215613,0.000206677,0.000217091,3.24935e-05,6.73721e-08,4.4202e-05,0.000215157,3.54151e-05,0.000213308,7.37787e-05,3.43411e-05,2.05381e-06,0.00627762,7.63734e-05,0.000151793,4.76013e-06,0.00949869,0.000424255,7.40251e-05,0.00076274,0.000199283,0.000185864,0.239738,0.000208709,0.000228022,8.09055e-05,1.0,0.000194667,0.000331902,0.000126629,0.000126955,0.000381947,5.66976e-05,7.87072e-05,8.14312e-05,0.000119961,0.000199626,0.00019794,0.000147461,0.00502605,0.00514983,5.67895e-05,0.00457763,0.000184975,0.000223038,0.000628871,4.69393e-05,0.00017224,0.000154158,0.00641204,0.000856791,0.000377251,8.78372e-05,2.87941e-06,0.000181214,0.000168781,9.10395e-05,0.000140962,0.00069031,0.00259804,0.0057833
rs1040073,8.40847e-06,0.000555947,0.00133152,6.37378e-06,0.000337515,0.000419842,0.000782944,0.000191987,0.000121094,0.00100219,0.000672736,0.000749473,0.000395047,0.00128151,0.148834,0.00453054,0.18793,0.187763,0.00100733,0.00531851,0.00148565,0.174064,0.00669626,0.00237012,0.0062034,1.27864e-05,0.00152755,0.00671172,0.00661618,0.0289333,0.028971,0.0288399,0.222652,0.0590747,0.00108025,0.000562718,1.58964e-07,0.719306,3.09966e-05,0.719616,0.0189881,1.02829e-05,2.23804e-06,8.67909e-10,0.717245,7.45009e-06,0.000190973,3.63528e-06,0.719833,0.719866,4.92246e-06,0.718767,0.7192,0.719094,8.16333e-05,0.00213064,3.48156e-05,0.000148713,0.714128,2.69847e-05,5.89125e-05,6.51959e-05,8.8747e-06,7.58621e-05,0.0011604,0.695388,0.00229474,0.000671976,0.720188,0.716881,0.720152,7.43204e-05,2.9273e-06,7.26068e-06,0.720293,0.0003156,0.721121,0.00212344,0.000257856,0.499399,0.0658361,0.000767298,0.00049409,0.000164181,0.0180645,0.00444898,0.000487174,0.00103465,0.768237,0.76648,0.000541464,0.770365,0.793098,0.000624342,0.000194667,1.0,0.00363858,0.00115345,0.00083858,0.00409354,0.00145991,0.00104055,0.323106,0.00125583,0.99076,0.00240241,0.00161815,0.0476298,0.0459067,0.162528,0.00292578,0.0944496,0.00104151,0.0388153,0.00121077,0.00376824,0.000363277,0.027983,0.0282948,0.00272505,0.000593249,0.000555802,5.61509e-05,3.71728e-05,0.00015161,0.00130296,0.00466617,0.00125297,0.00295792
rs117333302,0.00636849,0.000439643,0.00028701,0.00117375,0.0155473,0.00117551,0.0150479,0.000714654,0.00177488,0.00445417,0.00108077,0.00126675,0.000105754,0.0709646,0.00220041,0.0601728,0.00261405,0.00255793,0.00171976,0.0666384,0.00189622,0.00153866,0.0721867,0.643147,0.084352,0.00100992,0.00250236,0.0720703,0.0733095,0.0756818,0.0764242,0.075706,0.00144261,0.04171,0.0010036,0.00132098,1.50971e-05,0.00384656,5.43249e-07,0.00384734,0.151322,5.30752e-05,6.14211e-05,6.00238e-06,0.00389806,1.17741e-05,0.000418592,7.96029e-06,0.00385844,0.00382708,7.30003e-08,0.00383337,0.00381113,0.0038075,3.35967e-05,0.00338688,8.60152e-05,0.000331831,0.00377794,6.62771e-06,1.73339e-05,3.50583e-05,1.30006e-05,0.00902204,0.00129398,0.00367995,0.000502427,0.00233616,0.0038498,0.0038641,0.00382807,7.98937e-05,1.5291e-06,1.88163e-05,0.00383721,0.000740046,0.00383776,0.000496742,0.00113123,0.00536387,0.117654,0.00122073,0.000333637,0.000188143,0.170385,0.00735566,0.00133217,0.000914691,0.00395796,0.00382823,0.0014996,0.00393114,0.00400401,0.00128886,0.000331902,0.00363858,1.0,0.00216815,0.00183898,0.00686268,0.00244985,0.00141007,0.00101765,0.00205728,0.00363365,0.00400208,0.00254874,0.0720194,0.0632935,0.00284494,0.0255813,0.00354475,0.00140016,0.00431819,0.0019888,0.00321564,0.00107618,0.0365561,0.0251779,0.0271007,0.00158308,0.00127617,0.101979,0.00250034,0.000544992,0.000537713,0.000299331,0.0235327,0.00688191
rs74517831,0.00185107,8.90883e-06,0.000186941,4.0434e-05,9.72008e-06,0.000819982,0.000276863,4.94099e-05,0.00363209,0.00103138,0.000263847,0.000438432,0.000210497,0.011108,0.00035433,0.0116041,0.000323472,0.000328827,0.00109236,0.0199993,0.00012906,0.000698624,0.0206093,0.00166583,0.0245003,0.000307622,0.0009366,0.0205847,0.0204579,0.0297146,0.0295833,0.0296446,0.000559513,0.0134806,0.000626221,0.000507525,1.56583e-05,0.00132063,4.11378e-06,0.00130757,0.0482264,1.55102e-06,7.87439e-05,2.01474e-06,0.00135533,1.01802e-05,9.54286e-05,3.4025e-07,0.00135275,0.00132173,6.23616e-06,0.00136187,0.00130995,0.00136573,5.3791e-07,0.000987435,9.07227e-06,5.11039e-05,0.00133726,4.51421e-08,3.94114e-05,2.35595e-05,6.22261e-06,3.87785e-05,0.00055841,0.00123332,0.000228543,0.000669122,0.00134507,0.00130151,0.00133796,2.35544e-05,4.0399e-06,6.68599e-07,0.00134275,0.000278035,0.00134648,0.000230566,0.000515658,0.000344958,0.0361548,0.000527397,0.000469228,1.07529e-05,0.0514062,0.235667,0.000298376,0.000775122,0.00129326,0.00132816,0.000432566,0.0013564,0.00140332,0.000309866,0.000126629,0.00115345,0.00216815,1.0,0.00051592,0.00247016,0.00070152,0.000489826,0.000382932,0.000398328,0.0011649,0.00129437,0.00115137,0.0197018,0.0202255,0.00087391,0.00671593,0.00105734,0.0008734,0.0019691,0.000802527,0.00142923,0.000354467,0.0101101,0.00123632,0.00169282,0.000570785,0.000483219,5.6494e-05,0.000510985,0.000257651,0.000528175,0.0447993,0.00612869,0.00304777
rs78021034,0.000309878,1.15628e-05,0.000202376,0.000206198,0.000561784,0.00137006,0.000448065,0.000396142,0.000587647,6.27596e-05,4.00725e-05,0.000403619,7.01864e-07,0.00724818,0.000449731,0.00856923,0.000536077,0.00052499,0.00113506,0.00573802,0.000518288,0.000362726,0.00766688,5.24215e-05,0.00650281,0.000239423,0.00038101,0.00779412,0.00777136,0.00877502,0.0087267,0.0086966,0.000273026,0.00303733,2.2633e-05,0.000336113,1.33358e-05,0.00100809,4.23501e-05,0.000998284,0.0188363,5.65222e-06,3.79567e-05,8.88959e-06,0.00100898,3.84416e-09,8.6041e-05,6.0045e-05,0.000980337,0.000899274,3.64219e-06,0.000988287,0.000996318,0.000998831,4.12974e-05,0.000712969,3.57541e-05,0.000145386,0.000962573,1.25178e-05,2.24193e-05,4.94514e-05,5.96571e-07,2.59719e-05,9.91459e-05,0.000961768,6.9431e-05,0.000470051,0.000992525,0.00100783,0.000989685,8.13588e-06,2.16689e-06,6.29883e-09,0.00100411,8.70504e-05,0.00099115,6.00263e-05,0.000401355,0.00105851,0.0119271,0.000288721,0.000343356,7.79006e-05,0.0216187,0.00182176,0.000265271,4.23911e-05,0.000961024,0.000975924,0.000338476,0.000952897,0.000686719,0.000277562,0.000126955,0.00083858,0.00183898,0.00051592,1.0,0.00136842,0.000409706,0.000169648,0.000304171,0.000496702,0.000843773,0.00113431,0.000736372,0.00389751,0.00406972,0.000328434,0.00779165,0.0003564,0.000293888,0.00138771,0.000617603,0.00118112,0.0058483,0.00279174,0.00138165,0.000553519,0.000310979,0.000142093,0.000410258,4.00186e-06,0.000140082,0.0185577,0.00079955,0.0054477,0.00820185
rs3774760,0.000352771,3.28475e-06,0.000341855,0.00100306,0.00106422,0.000824459,0.000294349,0.00155499,0.00135779,0.00290696,0.0077151,0.000755763,0.000508642,0.0218484,0.00105592,0.0262146,0.00117123,0.00115105,0.00222949,0.0258129,4.24222e-06,0.000551431,0.0256097,0.00614171,0.0224575,0.00976,0.00243614,0.0261585,0.0266625,0.0315096,0.0310146,0.0312095,0.000994227,0.0194316,0.000923351,0.178233,7.15778e-07,0.00333281,3.862e-05,0.00338353,0.031979,4.52927e-06,9.06176e-06,2.4248e-07,0.00331019,2.05605e-06,0.0400379,3.39407e-05,0.00334918,0.00331231,4.56808e-07,0.00334401,0.00332073,0.00335159,2.2382e-05,0.00281517,3.93791e-05,1.66977e-05,0.00333708,3.48539e-06,3.49952e-05,3.02775e-05,6.10733e-06,0.000114737,0.00101523,0.0030426,0.000800482,0.00251321,0.00331366,0.00328664,0.00338464,0.0002204,3.69411e-07,1.76314e-06,0.00334602,0.103167,0.00337349,0.000664077,0.00147907,0.00447638,0.0410532,0.00112281,0.000251297,0.000305684,0.028445,0.00438616,0.01744,0.000896547,0.00351631,0.00353194,0.00141379,0.00353317,0.00373621,0.000822463,0.000381947,0.00409354,0.00686268,0.00247016,0.00136842,1.0,0.00247979,0.00118279,0.00140719,0.00223711,0.00417677,0.00348404,0.0270324,0.0170931,0.0154988,0.00611368,0.00879378,0.0035344,0.00163616,0.00222337,1.85072e-06,0.00474984,0.0011617,0.00254642,0.0158074,0.00232233,0.000471239,0.000917653,0.000728394,0.00322994,0.000828763,0.00169428,0.00216366,0.0113828,0.00573531
rs139122189,0.00447875,1.25634e-05,6.93007e-06,0.000301876,0.00544175,0.00041592,0.000967679,0.000485626,0.0401495,0.00130003,0.000860763,0.000640779,0.000279829,0.0111198,0.000885244,0.0133472,0.000945383,0.000950975,0.00123102,0.0140524,0.000770391,0.000813127,0.0132985,0.000988428,0.0110032,8.5902e-05,0.652912,0.0132579,0.0134269,0.0149985,0.0151337,0.0150746,0.000697638,0.012889,0.000454011,0.000447191,4.52174e-05,0.00145336,6.4568e-09,0.00147686,0.010471,1.77909e-05,5.42828e-06,3.537e-05,0.00146338,5.76862e-06,4.8707e-05,3.1878e-07,0.00147132,0.00147516,4.47006e-05,0.0014841,0.00147163,0.00149461,0.019481,0.00113066,4.20494e-06,1.35199e-05,0.00152028,5.05189e-05,5.68411e-05,1.69843e-05,6.37849e-06,6.33933e-06,0.00046175,0.00141241,0.000126107,0.000838832,0.00148429,0.00147354,0.00147299,6.96322e-05,4.00382e-05,1.00556e-05,0.0014675,0.000367527,0.00152987,0.000164206,0.000496122,0.00201726,0.014494,0.000764936,0.000460657,4.34434e-05,0.00970969,0.00194321,0.000245015,0.00040333,0.00156372,0.00149224,0.000530313,0.0015184,0.00156949,0.00044285,5.66976e-05,0.00145991,0.00244985,0.00070152,0.000409706,0.00247979,1.0,0.000442109,0.00047501,0.000506971,0.00142597,0.0014067,0.000129919,0.0204779,0.0209207,0.000855035,0.0169044,0.000628256,0.000435761,0.00151148,0.000510161,0.00133505,0.000315769,0.0289889,0.0165418,0.000363855,0.000404621,0.406471,0.00080626,0.000989403,0.000100795,0.000926171,0.00264743,0.00573682,0.00472659
rs75378698,0.00430496,0.000460755,5.25334e-05,0.000267394,0.0016371,3.57887e-05,0.000716345,0.00041535,0.000357364,0.00132355,0.00054404,0.000406107,0.000299038,0.0082006,0.000499895,0.00961641,0.000468699,0.000481649,0.00112679,0.00918009,0.000357876,0.000275986,0.00870417,0.000803133,0.00753257,0.000206076,0.000319697,0.00878939,0.00890502,0.00954991,0.00954913,0.00950432,0.000255829,0.0185016,0.000253888,0.000287992,7.47345e-06,0.00108377,4.0073e-06,0.00108569,0.00713863,3.45209e-05,2.45757e-05,4.57176e-07,0.00110099,8.7984e-07,4.65828e-05,6.81229e-07,0.00108517,0.00105812,5.09433e-08,0.00109205,0.00106978,0.001037,5.14711e-05,0.000352191,7.48632e-06,1.91808e-05,0.00101958,1.75178e-06,1.32224e-05,1.51049e-05,1.21254e-06,4.49586e-05,0.000235316,0.00101921,0.000140236,0.000506983,0.00108261,0.00109625,0.00108437,4.0236e-06,2.96736e-08,5.35725e-06,0.00108117,0.00012259,0.00107752,0.000135043,0.000256873,0.00136463,0.00964165,0.000204206,0.000363703,2.71741e-05,0.00637089,0.00157746,0.000108054,0.000243594,0.00113748,0.00110744,0.000267535,0.00113245,0.00120614,0.000223519,7.87072e-05,0.00104055,0.00141007,0.000489826,0.000169648,0.00118279,0.000442109,1.0,0.000341779,0.000420317,0.00105842,0.000656472,0.000788178,0.0141851,0.0150681,0.000589294,0.000263349,0.217225,0.000263251,0.00128963,0.000397748,0.000830487,0.000256033,0.00857166,0.00167263,0.00086953,0.000522354,0.000261902,0.000169192,0.000367374,8.40231e-05,0.000416773,0.0016475,0.0027601,0.00121761
rs143356176,0.00048902,3.02587e-05,0.000801799,0.000421492,0.00176896,8.46948e-05,0.000182936,0.000110226,4.7318e-05,0.000292509,0.000708951,0.00020491,0.00012103,0.004052,0.0113921,0.00324556,0.0188658,0.0188172,0.000481655,0.00437124,0.000222413,0.000529249,0.00499526,0.000848801,0.000415391,0.000676993,0.000517086,0.00503904,0.0049675,0.00463948,0.00471146,0.00475711,0.00014226,0.0204437,0.000351467,0.000275119,1.79828e-05,0.233635,1.9462e-05,0.233684,0.0056906,1.24919e-05,9.01828e-06,3.50474e-07,0.232712,1.03856e-06,0.000111532,1.03718e-05,0.233772,0.23293,3.2246e-06,0.233338,0.23346,0.23342,1.098e-05,0.000993816,1.62207e-06,6.28799e-05,0.232213,3.30592e-05,3.63795e-05,3.86168e-05,7.62001e-06,2.57714e-05,0.000354981,0.222949,0.0119611,0.000499371,0.233099,0.233013,0.234267,1.30172e-05,7.27188e-09,5.66786e-06,0.233609,7.17306e-05,0.23393,0.0114518,1.83866e-05,0.162125,0.0197113,0.000202536,0.000202348,5.64135e-05,0.00495765,0.00136464,0.0001167,0.000301972,0.228392,0.226929,0.000134067,0.227606,0.267813,0.00020174,8.14312e-05,0.323106,0.00101765,0.000382932,0.000304171,0.00140719,0.00047501,0.000341779,1.0,0.000438034,0.320429,0.000807493,0.000707691,0.0152473,0.0143341,0.000353509,0.0108251,0.000639204,0.000442105,0.145319,0.000240314,0.00100935,0.000198106,0.00997089,0.0111082,0.00513191,0.000234289,0.000186974,0.000323959,0.000229755,9.85932e-05,0.000345358,0.0016672,0.00965888,0.00272333
rs151279080,0.00325902,0.000246678,8.43746e-05,0.000347,0.000106271,0.000666226,0.00199238,2.55043e-05,4.76697e-08,0.00151778,0.000453667,0.000141266,0.000154473,0.0178343,0.000478841,0.0156437,0.000593074,0.000604455,0.000445453,0.0161014,0.000825447,0.000463837,0.0170208,0.00182175,0.0199719,0.000466717,0.000552427,0.016777,0.0168045,0.016461,0.0163996,0.0167229,0.000389128,0.00804231,0.000185394,0.000413888,9.0231e-06,0.00122461,1.06495e-05,0.00123185,0.0315365,1.11138e-05,8.62485e-06,2.97701e-06,0.00121679,1.43874e-06,0.000146509,1.5678e-05,0.00123155,0.00121693,2.86625e-07,0.00125231,0.00124297,0.00124862,3.12923e-05,0.000941542,2.66834e-06,9.60616e-06,0.00118917,3.51499e-05,5.41234e-05,5.7502e-05,1.06653e-06,1.21888e-05,0.000115259,0.00114996,0.000139965,0.000829141,0.00123915,0.0012297,0.00124412,5.03714e-07,1.11316e-06,1.69299e-05,0.00125301,0.000301132,0.00122273,0.000178009,0.00056977,0.000605579,0.0142026,0.000436565,0.000317827,8.55221e-06,0.00978381,0.00223986,0.000284893,0.000221487,0.00132314,0.00127423,0.000371816,0.00129882,0.00133602,0.000368041,0.000119961,0.00125583,0.00205728,0.000398328,0.000496702,0.00223711,0.000506971,0.000420317,0.000438034,1.0,0.00126899,0.00136713,0.000650958,0.0218765,0.0208671,0.00090573,0.00407541,0.00116815,0.000510393,0.00146798,0.000609556,3.42719e-05,0.000151179,0.0115972,0.0100103,0.000997721,0.000453664,0.000227613,0.00039259,0.000528734,7.37814e-06,0.186158,0.000152727,0.014736,0.0277737
rs34829161,1.62887e-05,0.000583096,0.0013731,7.55087e-06,0.000376268,0.000417895,0.000794851,0.000200593,5.9971e-05,0.000948575,0.00049022,0.000754148,0.000376684,0.00132477,0.147093,0.00463679,0.186417,0.18592,0.00101116,0.00503484,0.00148008,0.172266,0.00635751,0.00241081,0.00639447,1.3409e-05,0.00150032,0.00637074,0.0062781,0.0288234,0.0289051,0.0287521,0.228432,0.0591894,0.0010833,0.000578219,1.30621e-06,0.723268,3.26923e-05,0.723313,0.0190946,1.0629e-05,2.44042e-06,1.56616e-06,0.720916,1.67759e-05,0.000195836,3.89533e-06,0.723785,0.723992,2.17645e-05,0.722705,0.723151,0.723319,8.14545e-05,0.00207717,3.55251e-05,0.000151318,0.717924,2.82366e-05,5.96734e-05,4.60497e-05,9.26906e-06,7.71152e-05,0.00116571,0.699274,0.00230395,0.000721101,0.72415,0.720802,0.724113,7.57427e-05,1.78271e-05,7.59339e-06,0.724535,0.000323366,0.725084,0.00213174,0.000245905,0.501183,0.065694,0.000769752,0.000506902,0.000165913,0.0181464,0.00446796,0.000513502,0.00103723,0.772154,0.769962,0.000557332,0.774308,0.796269,0.000606427,0.000199626,0.99076,0.00363365,0.0011649,0.000843773,0.00417677,0.00142597,0.00105842,0.320429,0.00126899,1.0,0.00237625,0.00166725,0.0475977,0.0458629,0.167149,0.00303734,0.0967969,0.00101493,0.0382196,0.00117573,0.00381818,0.000363542,0.0278115,0.0284547,0.00262975,0.000607855,0.000544419,4.67843e-05,4.52426e-05,0.000137521,0.00132033,0.00461347,0.00116895,0.00303396
rs145418900,0.00686662,0.00195775,0.000245456,0.0002329,0.0114003,0.000785819,0.00174809,0.000420262,0.000651376,0.00219199,0.00151063,0.000684124,0.000124317,0.0116824,0.000702704,0.0215828,0.000907056,0.000882856,0.0023296,0.0255065,0.00198652,0.000382794,0.0249303,0.00333002,0.0221801,0.000471606,0.00148409,0.0256096,0.0262078,0.0276222,0.0276662,0.0275517,0.00102447,0.0247604,0.000802072,0.000961072,3.68102e-06,0.00184727,2.04042e-05,0.00187628,0.0210631,1.09208e-05,9.35746e-08,6.52505e-06,0.00182317,2.02826e-05,8.58e-05,1.88682e-05,0.00186723,0.00185527,1.619e-07,0.0018709,0.00188499,0.00188281,1.07945e-06,0.636401,1.38846e-06,0.000169476,0.00183301,4.89991e-06,5.03331e-06,7.8623e-06,2.88743e-07,0.000118556,0.00084775,0.00165172,0.000198618,0.00140474,0.00186285,0.00189206,0.00185111,3.77513e-05,2.59894e-06,4.96388e-06,0.00184444,0.000417511,0.0018434,0.000190274,0.000884348,0.00279344,0.0263317,0.000762879,0.000817045,0.000204636,0.018877,0.0037174,0.000502005,0.00058993,0.00193365,0.00188341,0.000796669,0.00193189,0.00193271,0.000706412,0.00019794,0.00240241,0.00400208,0.00129437,0.00113431,0.00348404,0.0014067,0.000656472,0.000807493,0.00136713,0.00237625,1.0,0.00176378,0.0360678,0.0367185,0.00147226,0.0281696,0.0018731,0.000683059,0.00345522,0.00127508,0.000431438,0.000622594,0.0491395,0.0243713,0.0025583,0.000395486,0.000179987,0.00158403,0.00132484,0.000234015,0.00116791,0.00272467,0.0116348,0.00726208
rs147329086,0.00520179,0.0001712,0.000260056,0.00751397,0.00877392,0.00738707,0.000740612,0.00557753,0.0084301,0.00408866,0.000862886,0.000490673,0.0494164,0.00101929,0.000625344,0.000688898,0.000567219,0.000577415,0.00150636,0.000554124,0.0298037,0.000363693,0.000433945,0.00176819,0.000151788,0.000449463,0.00102656,0.000442518,0.000436364,0.000698279,0.000699267,0.000716416,0.000284666,9.41768e-05,0.000670978,0.000470274,1.84604e-05,0.00113824,5.39374e-08,0.00115385,0.00741197,4.69625e-08,2.62772e-05,4.05015e-06,0.00109759,1.19713e-05,7.83035e-05,3.15141e-07,0.00111391,0.0011113,7.81934e-07,0.00115285,0.00111966,0.00113513,0.0144145,0.00143936,5.17031e-05,2.09797e-05,0.00111573,1.32824e-08,1.51602e-05,1.85212e-05,2.29122e-05,2.84214e-05,0.000553062,0.00105549,0.000229237,0.00137545,0.0011321,0.000931273,0.00114819,5.8965e-05,3.28247e-06,2.6335e-05,0.00114438,0.232034,0.00114226,0.000222272,0.00049583,0.00174511,0.0108129,0.000455636,0.000812016,0.000183314,0.00653216,0.00286062,0.00021167,0.000726175,0.00112339,0.00114055,0.00143234,0.00112365,0.00119564,0.00037259,0.000147461,0.00161815,0.00254874,0.00115137,0.000736372,0.0270324,0.000129919,0.000788178,0.000707691,0.000650958,0.00166725,0.00176378,1.0,0.0353497,0.0328058,0.00119969,0.00328253,0.00175677,0.0008141,0.00315136,0.00043314,0.00199951,0.000578005,0.0126049,0.00795613,0.00151664,0.000543231,0.000588677,0.00141848,0.000170088,0.000557712,0.00836895,0.00153357,0.00260033,0.00061742
rs197729,0.00190671,0.000274131,4.93518e-06,8.46796e-05,4.87749e-08,3.3386e-05,8.21985e-06,0.000351567,7.50385e-05,4.11694e-06,0.0113632,0.00438813,0.000170231,0.00821908,0.00658391,0.00388562,0.00706329,0.0071038,0.0235412,0.0165876,0.0140349,0.00719498,0.0165206,0.0422504,0.0262485,0.00997864,0.0135937,0.0182327,0.0188377,0.0116378,0.0118302,0.01165,0.0153519,0.183151,0.00916837,0.00668603,1.01529e-05,0.0345466,4.24881e-06,0.0349717,0.117368,4.26075e-06,5.07326e-06,5.09434e-07,0.0345398,1.07041e-05,0.00383652,3.80842e-08,0.0346507,0.0345136,7.02247e-09,0.0346042,0.0347491,0.0346227,0.000498113,0.0286417,0.00061503,0.000696807,0.0344884,6.2536e-06,0.000481491,0.000482052,8.7885e-08,0.000416973,0.00964256,0.0330148,0.00578672,0.026029,0.034677,0.0348993,0.0344486,0.000626312,2.73106e-07,2.71526e-06,0.0346147,0.0091502,0.0348395,0.00529129,0.00979616,0.0110718,0.0530069,0.0089802,0.00253762,0.00171808,0.15795,0.0646375,0.0110597,0.00917558,0.0373912,0.0370895,0.00708634,0.0374776,0.0387644,0.00820931,0.00502605,0.0476298,0.0720194,0.0197018,0.00389751,0.0170931,0.0204779,0.0141851,0.0152473,0.0218765,0.0475977,0.0360678,0.0353497,1.0,0.905882,0.0315778,0.119149,0.0394436,0.021389,0.0621423,0.016694,0.0619092,0.014701,0.393416,0.0370504,0.00724923,0.0141271,0.0114479,0.00599088,0.0170499,0.000837611,0.00488328,0.0410884,0.00594234,0.0322587
rs149815,0.00176124,0.00019828,1.47514e-05,3.57616e-05,1.11884e-05,0.000185109,5.79866e-06,0.000532006,0.000114398,0.000377382,0.0110906,0.00398487,0.00016351,0.00633232,0.00632459,0.00335438,0.00663474,0.00668564,0.0225898,0.0139859,0.0175174,0.00689759,0.0144301,0.0357737,0.0232797,0.00978331,0.0137291,0.0159723,0.0156347,0.00943661,0.0095931,0.00946845,0.0146527,0.164202,0.00946541,0.00506079,5.19286e-06,0.032705,8.48257e-06,0.0331115,0.102113,1.09784e-05,3.73452e-07,1.62961e-06,0.0326697,1.55396e-05,0.00367447,1.23458e-07,0.032826,0.0326441,4.75949e-11,0.032736,0.0328469,0.0327947,0.000447582,0.0290059,0.000700353,0.000289855,0.0326385,4.39642e-06,0.000456999,0.00043299,7.07677e-07,0.000451381,0.00998338,0.0311749,0.00575496,0.0259154,0.0328403,0.0330494,0.0326036,0.000692337,2.31058e-07,2.99562e-07,0.0327762,0.00895909,0.0329634,0.00532909,0.0100028,0.0100012,0.0438243,0.0086228,0.00671,0.00170459,0.139067,0.0651344,0.0104269,0.00935879,0.0355212,0.0352313,0.0079374,0.0355995,0.0368309,0.00833607,0.00514983,0.0459067,0.0632935,0.0202255,0.00406972,0.0154988,0.0209207,0.0150681,0.0143341,0.0208671,0.0458629,0.0367185,0.0328058,0.905882,1.0,0.0345379,0.108644,0.0418495,0.0212055,0.0456786,0.0172143,0.0602846,0.014559,0.402426,0.0321139,0.000991567,0.0139742,0.0117122,0.00344613,0.0164567,0.000849052,0.00452315,0.029658,0.00984474,0.0299356
rs197770,6.01367e-05,0.000102857,0.000553769,0.000420448,5.9851e-07,1.56323e-05,4.55691e-06,0.000701198,1.17902e-05,0.00106566,0.0012456,0.000375767,0.000168433,0.00415371,0.00286172,0.0085494,0.00453022,0.00444446,0.00399402,0.00303718,0.00118875,0.00757123,0.00285377,0.00165434,0.00618066,0.000208877,0.000870208,0.00291053,0.00297049,0.00192459,0.00189933,0.00181917,0.293699,0.0328468,0.000613019,0.000222831,3.67175e-06,0.112374,6.5948e-06,0.112905,0.0123073,3.53428e-06,2.28707e-05,8.55157e-06,0.112233,4.22607e-05,3.10797e-05,2.65034e-05,0.11261,0.112016,3.35519e-06,0.112809,0.112578,0.112903,8.59307e-05,0.00106255,9.93597e-06,3.08111e-05,0.111097,1.6819e-05,3.23608e-05,2.01901e-05,5.99204e-05,4.54371e-05,0.000198415,0.108524,0.000250601,0.000611873,0.112768,0.112692,0.112272,4.81491e-05,9.47913e-07,8.56854e-07,0.113145,0.000294155,0.112993,0.000271994,0.000705699,0.0780554,0.00285008,0.000596579,0.000417629,0.000101243,0.0111466,0.00246767,0.000227363,0.000633042,0.132517,0.132125,0.000474365,0.132925,0.126336,0.000380293,5.67895e-05,0.162528,0.00284494,0.00087391,0.000328434,0.00611368,0.000855035,0.000589294,0.000353509,0.00090573,0.167149,0.00147226,0.00119969,0.0315778,0.0345379,1.0,0.00126751,0.522954,0.000600147,0.00204993,3.51631e-06,0.00278959,0.000525239,0.014086,0.0147952,0.00148836,0.0004981,0.000401508,0.000497694,0.00050663,0.000336358,0.00122971,0.00180941,0.00249457,0.00100703
rs267527,0.000892577,0.000107339,0.000195501,0.00022489,0.000222793,0.000195835,0.000290406,0.000182773,0.00211892,0.00478025,0.000424009,0.00479512,0.00540873,0.000897698,0.000925629,0.00531605,0.00135879,0.00136137,0.0215146,0.000767001,8.0862e-05,0.00219638,0.00178289,0.0172236,0.000951856,0.00253592,0.00696628,0.00212984,0.00233284,0.000375814,0.000417666,0.000371978,0.00128652,0.0111576,0.00169284,0.00803034,1.56012e-05,0.00117765,5.2237e-06,0.00124931,0.00498437,1.71246e-05,5.11769e-07,2.40927e-05,0.00121621,5.39341e-06,0.000895249,3.37057e-05,0.00119634,0.00121493,1.82757e-05,0.00119528,0.00121104,0.00122316,0.000426633,0.0243008,0.000803672,2.80189e-05,0.00119121,1.99033e-05,0.000502548,0.000531125,5.03366e-06,0.000761607,0.002158,0.00108641,0.00167888,0.0122385,0.00120638,0.0012151,0.0011779,0.000578435,2.57649e-05,5.35142e-06,0.0011959,0.00542327,0.0011903,0.00153695,0.00434187,1.54482e-05,4.80568e-06,0.0100833,0.00156865,0.00109385,0.0034704,0.0054014,0.00205894,0.00169058,0.000815692,0.000777365,0.0125572,0.000834551,0.00105725,0.00755456,0.00457763,0.00292578,0.0255813,0.00671593,0.00779165,0.00879378,0.0169044,0.000263349,0.0108251,0.00407541,0.00303734,0.0281696,0.00328253,0.119149,0.108644,0.00126751,1.0,0.00133626,0.023345,0.081347,0.00217899,0.0684792,0.0117038,0.0517584,0.0344997,0.011665,0.0126565,0.00844385,0.00748379,0.0165901,0.00389348,0.00666236,0.0182475,2.06908e-05,0.00496573
rs189897,0.00145973,0.000370095,0.000325253,0.000698777,0.000381721,0.000120637,9.6808e-05,0.00113028,0.00017794,7.54641e-06,7.64094e-05,0.000826051,0.000189019,0.00945865,0.000738559,0.0156404,0.00144395,0.00136948,0.0012122,0.00907098,0.00129179,0.00314671,0.00887085,0.00236855,0.0119268,0.00025544,0.000845051,0.00901021,0.00911447,0.000287089,0.000293306,0.000308017,0.188364,0.0440518,0.000581402,5.05341e-06,1.55452e-06,0.065127,1.06434e-05,0.0653288,0.016557,4.71953e-06,1.97273e-06,8.02638e-07,0.064937,1.66283e-05,4.74076e-05,1.1089e-05,0.0652157,0.0650102,1.00264e-05,0.0652331,0.0652574,0.065619,0.000137652,0.00126627,3.97907e-05,3.44751e-07,0.0643976,3.5502e-05,4.41025e-05,3.32061e-05,3.92539e-08,0.000120499,0.000414916,0.0630128,0.000267293,0.000933271,0.0653569,0.0653816,0.0649875,5.14944e-05,7.22102e-06,2.923e-05,0.0656333,0.000384431,0.06559,0.000233602,0.000930992,0.0428363,7.81684e-06,0.000845993,0.00044726,6.88783e-05,0.0148044,0.00241676,0.000971536,0.000597775,0.0760937,0.075943,0.000785338,0.0763041,0.071946,0.000559604,0.000184975,0.0944496,0.00354475,0.00105734,0.0003564,0.0035344,0.000628256,0.217225,0.000639204,0.00116815,0.0967969,0.0018731,0.00175677,0.0394436,0.0418495,0.522954,0.00133626,1.0,0.000920454,0.00378982,0.00132006,0.00375835,0.000791038,0.0327885,0.0134597,0.00283672,0.000885016,0.000693719,7.36473e-05,7.68265e-05,1.11709e-05,0.00165138,0.00585736,0.00878827,0.0038137
rs186793243,0.00222758,0.000290843,6.3982e-05,3.82829e-05,0.000378445,0.000455142,8.36639e-05,0.000181473,1.66753e-05,0.000611827,0.00034244,0.000357588,0.000140496,0.00579294,0.000330012,0.00406474,0.000334178,0.000329083,0.00119942,0.00724671,0.000700457,0.000101209,0.00689388,0.000265056,0.0059776,0.000273837,0.00050444,0.00697258,0.00702535,0.00841009,0.00857183,0.00851197,0.000305262,0.00609276,0.000230887,0.000316634,4.67724e-05,0.00101451,2.83103e-05,0.00103127,0.00844468,5.00174e-06,4.35606e-05,1.14313e-05,0.0010283,4.23977e-05,9.39753e-05,3.84591e-05,0.00100189,0.00101771,4.78253e-06,0.00102464,0.00103384,0.00103236,6.21558e-06,0.00057364,5.87311e-05,0.000116575,0.00103572,3.84743e-07,2.11935e-05,2.37166e-05,3.95343e-05,2.40303e-05,0.000284661,0.000922048,0.00011207,0.000649182,0.00102685,0.00103222,0.00100081,0.000112166,7.28728e-06,4.6648e-06,0.00101388,0.000254831,0.00101341,8.87474e-05,0.000427691,0.00133548,0.0111014,0.000403081,0.000578004,4.35836e-05,0.00756685,0.00222602,9.58558e-05,0.000198163,0.00103705,0.000987677,0.000295465,0.000999556,0.00111488,0.00016318,0.000223038,0.00104151,0.00140016,0.0008734,0.000293888,0.00163616,0.000435761,0.000263251,0.000442105,0.000510393,0.00101493,0.000683059,0.0008141,0.021389,0.0212055,0.000600147,0.023345,0.000920454,1.0,0.0015779,0.000557701,0.00113727,0.000267472,0.0139716,0.012445,0.0012652,0.000316674,0.000338265,0.000702564,0.000873603,0.000207635,0.000581746,0.00122587,0.00407322,0.00415522
rs144852530,0.000957515,0.000394224,0.000585019,0.000206836,0.00122746,0.000172959,0.000325308,0.000644001,1.61092e-06,0.000263212,0.00255148,0.00152192,0.00060019,0.00888628,0.000258863,0.000327844,0.00103504,0.00101535,0.00293521,0.00211869,0.00244715,0.000971406,0.000568259,0.0047042,0.000131315,0.00014942,1.81921e-05,0.000536223,0.000257542,0.00125338,0.00127985,0.00126835,5.51477e-05,0.00174533,0.00127406,0.000751894,6.86359e-06,0.0250033,6.0487e-05,0.0250166,0.0188595,2.21081e-06,1.9855e-05,1.32648e-05,0.0246879,1.72165e-06,0.000203798,3.64635e-05,0.0248956,0.0248639,1.85235e-05,0.0247932,0.0249946,0.0248032,6.65203e-05,0.00265434,0.00808185,8.11757e-05,0.0247387,6.4951e-07,7.39765e-05,6.45186e-05,4.95931e-05,7.57343e-05,0.00140121,0.0233735,0.00172587,0.194483,0.0247719,0.0250206,0.0249577,0.000127079,2.07847e-05,4.81479e-06,0.024814,0.000827075,0.0249653,0.00173955,0.000629104,0.0130967,0.0107027,0.00135618,0.0125472,0.000243334,0.0165746,0.00663429,0.000853617,0.00114936,0.0238543,0.023512,0.00120303,0.0236446,0.0299882,0.000874825,0.000628871,0.0388153,0.00431819,0.0019691,0.00138771,0.00222337,0.00151148,0.00128963,0.145319,0.00146798,0.0382196,0.00345522,0.00315136,0.0621423,0.0456786,0.00204993,0.081347,0.00378982,0.0015779,1.0,0.00157908,0.00479266,0.00105464,0.0508146,4.11017e-05,0.234201,0.00103065,0.00098275,1.26333e-05,0.00261681,0.0187047,0.00149587,0.00539639,0.0842516,0.000829765
rs147575138,0.00424137,0.000362745,3.03413e-05,0.000202494,0.000108968,0.00693381,0.000633098,0.000361305,0.000213919,4.74169e-05,6.407e-05,0.000132446,7.02705e-06,0.00671983,0.00294754,0.00833283,0.00339429,0.0034214,0.000922945,0.0152549,0.000146429,0.000280333,0.0170421,0.00171921,0.0122745,0.00011211,0.000552563,0.0167891,0.0168297,0.0164159,0.0165383,0.0164818,0.000565271,0.00400135,0.000309292,9.42429e-05,3.16828e-05,0.000867799,3.57972e-05,0.000815593,0.0193052,7.16952e-06,2.26518e-05,3.13437e-05,0.000839293,2.39644e-05,0.000124366,3.7316e-05,0.000848325,0.000875947,1.73742e-05,0.000846064,0.00087086,0.000870076,4.33246e-07,0.000827726,1.07588e-05,0.000125804,0.000884863,6.58336e-06,5.54629e-06,3.13331e-05,7.99335e-06,5.57193e-05,0.000374973,0.000779591,9.60553e-09,0.000577773,0.000882347,0.000830611,0.00086968,8.49208e-06,8.97788e-06,3.63415e-05,0.000857792,6.23825e-05,0.000845045,2.47563e-06,0.000424208,0.000190126,0.0213296,0.000251729,0.000440733,0.000125497,0.0219834,0.114803,0.000326233,0.000281623,0.000936054,0.000873327,0.00033142,0.000891642,0.000872246,0.000447404,4.69393e-05,0.00121077,0.0019888,0.000802527,0.000617603,1.85072e-06,0.000510161,0.000397748,0.000240314,0.000609556,0.00117573,0.00127508,0.00043314,0.016694,0.0172143,3.51631e-06,0.00217899,0.00132006,0.000557701,0.00157908,1.0,0.00145651,0.000331193,0.0353939,0.0281324,0.00163216,0.0005014,0.000299444,0.00106806,0.000686377,0.000238756,0.000229329,0.111468,0.00718363,0.00436647
rs17036426,0.00107961,0.0010941,4.85946e-05,0.0103621,0.00112563,7.61969e-05,5.08216e-05,0.00614418,7.06141e-05,0.000720294,0.00279557,0.000183171,0.000411739,0.0132699,0.00116006,0.0198325,0.00131261,0.00130076,0.124915,0.0210281,0.0018722,0.00133401,0.0192079,0.00233953,0.0159671,0.00137714,0.00123097,0.0197746,0.0198512,0.0220385,0.0223265,0.0223053,0.00147079,0.0470991,0.000470239,0.00118711,4.41706e-06,0.00397534,1.5652e-06,0.00388094,0.0157838,3.77643e-05,1.39313e-06,2.4164e-05,0.00388767,8.11075e-06,0.000116205,4.4405e-07,0.00396104,0.00394559,1.65761e-05,0.00395214,0.00388097,0.00391252,1.69072e-07,0.00171626,1.38282e-05,0.000167227,0.00379217,1.31784e-05,0.00788216,0.00751049,6.63169e-08,3.47064e-05,0.000836246,0.00371547,0.000563473,0.00170353,0.00395666,0.00391981,0.00395762,3.32117e-05,3.22507e-05,3.06825e-07,0.00392966,0.000461093,0.00394325,0.000554278,0.000891398,0.00477236,0.0276787,0.000960022,0.00133091,2.62138e-05,0.0170174,0.00285118,0.000319391,0.000551707,0.00406804,0.00406121,0.000593798,0.00411206,0.00409939,0.000329985,0.00017224,0.00376824,0.00321564,0.00142923,0.00118112,0.00474984,0.00133505,0.000830487,0.00100935,3.42719e-05,0.00381818,0.000431438,0.00199951,0.0619092,0.0602846,0.00278959,0.0684792,0.00375835,0.00113727,0.00479266,0.00145651,1.0,0.000757593,0.0408701,0.0411651,0.0026477,0.00123261,0.000734919,0.00183251,0.00108111,0.000633763,0.000977165,0.00546078,0.017957,0.0120364
rs117388634,3.85334e-05,2.10529e-05,9.57705e-05,7.22836e-05,0.00100218,0.000759604,0.000773431,0.000128895,0.000724474,0.000220628,0.000894309,0.000264443,0.000126586,2.04751e-05,6.37218e-06,0.000114289,7.08266e-06,5.14115e-06,0.000921858,0.0040336,0.000157783,7.3225e-05,0.00357734,0.00107991,0.00376858,0.000175997,0.000386824,0.00418687,0.00413673,0.005068,0.00502197,0.00501203,0.000849986,0.0156229,7.72719e-05,0.000191262,5.45542e-06,7.36926e-06,4.70248e-06,1.03327e-05,0.00488678,3.21738e-06,2.06645e-07,1.34532e-06,8.55008e-06,9.46265e-06,2.50317e-05,1.8688e-06,5.92819e-06,1.20885e-05,2.19843e-05,8.09716e-06,9.72292e-06,1.12579e-05,1.56582e-06,0.000482159,4.36795e-05,3.60243e-05,6.71074e-06,3.3277e-06,8.06799e-07,1.47817e-06,3.76793e-07,3.72822e-07,1.96134e-09,2.99589e-06,0.00124596,0.000329744,1.03573e-05,5.68599e-06,6.04417e-06,3.0507e-06,2.69692e-05,6.35558e-06,9.58379e-06,0.000105771,1.02233e-05,0.00151092,5.31743e-05,8.40202e-06,0.00459251,0.000347242,0.000308973,3.12438e-05,0.00447957,0.000817851,2.55081e-05,3.01861e-05,1.11743e-05,1.58494e-05,0.000266085,1.59932e-05,9.0465e-05,0.000107338,0.000154158,0.000363277,0.00107618,0.000354467,0.0058483,0.0011617,0.000315769,0.000256033,0.000198106,0.000151179,0.000363542,0.000622594,0.000578005,0.014701,0.014559,0.000525239,0.0117038,0.000791038,0.000267472,0.00105464,0.000331193,0.000757593,1.0,0.0200654,0.0134133,0.000426281,0.000450458,0.000214438,0.000579438,0.000395725,0.000814202,0.000263297,0.00201898,0.00368266,0.00122906
rs197754,0.000494883,0.00159892,0.000985699,0.00228767,0.00143573,0.000582879,0.00241632,0.00320873,0.00235648,0.000163274,0.00383393,0.00643281,6.14197e-06,0.000209392,0.00347729,0.000124778,0.00376337,0.00378341,0.0179398,0.00120441,0.000262022,0.00529475,0.00207739,0.0255792,0.004798,0.00277565,0.0206782,0.00178646,0.00191057,0.000101862,0.000101507,0.000104127,0.00730284,0.0518438,0.0150114,0.00197071,7.05201e-06,0.0161537,1.01286e-06,0.0163713,0.00915029,1.05142e-06,1.87551e-06,2.39734e-06,0.0160859,1.48934e-05,0.00189294,1.66409e-05,0.0161271,0.0161647,1.39334e-06,0.0161452,0.0162902,0.0162101,0.00066079,0.0351503,0.000269298,0.000140656,0.0162957,5.9534e-06,0.000348416,0.000308099,1.10745e-06,0.000656989,0.0163931,0.0156584,0.00095808,0.0156131,0.0163044,0.0163587,0.0160975,0.000657293,5.83977e-10,1.18522e-06,0.0161541,0.00497663,0.0163314,0.000803212,0.0136208,0.00145877,0.00049883,0.00453864,0.00675335,0.00269369,0.0172708,0.0650317,0.00545478,0.0150233,0.0174478,0.0172835,0.0115449,0.0175019,0.017933,0.0138478,0.00641204,0.027983,0.0365561,0.0101101,0.00279174,0.00254642,0.0289889,0.00857166,0.00997089,0.0115972,0.0278115,0.0491395,0.0126049,0.393416,0.402426,0.014086,0.0517584,0.0327885,0.0139716,0.0508146,0.0353939,0.0408701,0.0200654,1.0,0.0250686,0.0333442,0.0231554,0.0199006,0.015318,0.0104252,1.777e-06,0.0047718,0.0340596,0.000225679,0.0191141
rs2019749,0.00283046,0.0014653,0.000791499,0.000559125,9.62778e-05,0.00119558,0.000709264,0.00150221,0.000124837,0.000413995,0.000385838,0.00243343,0.00301228,0.0123253,0.00361953,0.00820577,0.00402177,0.00394261,0.00307867,0.022408,0.00267715,0.00224693,0.0209063,0.0160899,0.0152504,0.000192877,0.00920613,0.0211169,0.023015,0.034032,0.0338907,0.0338444,0.0152078,1.38106e-05,0.00470169,0.000531731,3.75185e-05,0.0275828,2.4343e-05,0.0276048,0.0613467,7.57531e-07,2.55332e-05,5.77905e-06,0.0274336,6.50618e-06,0.000812898,5.50548e-06,0.0275782,0.0277609,1.75314e-06,0.0277096,0.0276518,0.0277324,0.00045745,0.0184198,0.00048009,4.57181e-05,0.0273924,7.27634e-06,0.00041863,0.000379726,1.58931e-06,0.00138033,0.00442183,0.0259637,0.00336135,0.00904511,0.027644,0.0274359,0.0277304,0.000134398,4.74679e-07,1.15396e-05,0.0275507,0.00519188,0.027633,0.00297146,0.0124786,0.010966,0.0647972,0.000741894,1.86625e-06,0.00109813,0.0516197,0.0196982,0.00464214,0.00494703,0.0261532,0.0260194,0.00508867,0.025835,0.0277313,0.00659716,0.000856791,0.0282948,0.0251779,0.00123632,0.00138165,0.0158074,0.0165418,0.00167263,0.0111082,0.0100103,0.0284547,0.0243713,0.00795613,0.0370504,0.0321139,0.0147952,0.0344997,0.0134597,0.012445,4.11017e-05,0.0281324,0.0411651,0.0134133,0.0250686,1.0,5.61297e-05,0.0203248,0.0150901,0.0191786,0.0101959,0.00570802,0.0235975,0.00579183,0.155188,0.162904
rs2507941,0.000410694,0.000269167,1.04278e-05,0.000153506,0.00137171,0.00059025,0.000202109,0.000385969,3.31906e-07,0.00248115,0.00312301,0.00120302,0.00011644,1.07536e-05,0.0028685,0.00974646,0.00473967,0.00479956,0.00139959,0.0165421,0.00186512,0.000572611,0.0150379,0.0226084,0.00972754,0.0011986,0.000383639,0.0147936,0.0131948,0.0124777,0.0126511,0.0126012,0.000810141,0.00253989,0.000846913,0.000541653,6.51973e-07,0.00247412,9.21737e-07,0.00244928,3.72895e-08,2.50347e-05,4.46447e-06,1.13054e-05,0.00241941,2.00992e-05,0.000173983,6.10672e-06,0.00243889,0.00245185,1.49315e-05,0.0024313,0.00248347,0.00244892,9.39203e-05,0.00185286,0.00923815,7.18792e-05,0.00252351,2.09865e-06,5.59348e-05,3.22269e-05,4.62437e-07,0.00908547,0.000977772,0.00239965,0.000410223,0.108737,0.00246041,0.00247744,0.00245846,0.000118399,9.67731e-06,2.07902e-07,0.00242688,0.000436191,0.00249895,0.000381583,0.000834495,0.000629382,0.0209707,0.000743066,0.000977458,0.00020017,0.000103962,0.00543238,0.00085383,0.000771882,0.00225709,0.00222492,0.000607674,0.00233046,0.00201623,0.000494597,0.000377251,0.00272505,0.0271007,0.00169282,0.000553519,0.00232233,0.000363855,0.00086953,0.00513191,0.000997721,0.00262975,0.0025583,0.00151664,0.00724923,0.000991567,0.00148836,0.011665,0.00283672,0.0012652,0.234201,0.00163216,0.0026477,0.000426281,0.0333442,5.61297e-05,1.0,0.00129928,0.00102183,0.00213037,0.00248251,0.000966618,0.00169387,0.0106807,0.183928,0.0119038
rs75131249,3.16448e-05,0.000299948,0.00592437,5.22302e-07,6.77026e-05,0.000196779,0.000686684,5.68394e-05,0.000222793,0.00869704,0.000131501,0.00012326,0.0210794,0.00622553,1.38354e-07,0.00784957,7.0691e-06,4.01498e-06,0.000461927,0.00689633,0.000736735,2.30513e-05,0.00669131,0.000971248,0.00705906,0.000171361,0.000439989,0.00680989,0.00675263,0.0071165,0.00715912,0.00719195,0.000142861,0.0134184,0.000352682,5.61363e-05,1.1956e-06,0.000495089,1.27276e-05,0.000490169,0.00560531,2.45358e-05,2.98539e-06,2.63162e-06,0.000512336,8.0851e-06,0.000149805,7.48532e-08,0.000490776,0.000489843,5.52055e-07,0.000493506,0.0004999,0.000507741,2.84912e-05,0.000387895,4.25895e-05,0.000245151,0.000491876,9.34718e-06,1.07314e-05,1.30202e-05,3.41812e-06,9.15696e-06,0.000388143,0.00050653,5.75273e-05,0.000422921,0.000488026,0.000509233,0.000500796,6.85479e-06,4.60153e-06,6.56364e-06,0.000496052,0.000119495,0.000496683,5.09117e-05,1.33777e-06,0.000897837,0.00694152,0.000391194,0.000179256,2.03028e-05,0.0048969,0.00117734,0.000185158,0.000368596,0.000545875,0.000581075,0.000110931,0.000569874,0.0006172,5.19045e-05,8.78372e-05,0.000593249,0.00158308,0.000570785,0.000310979,0.000471239,0.000404621,0.000522354,0.000234289,0.000453664,0.000607855,0.000395486,0.000543231,0.0141271,0.0139742,0.0004981,0.0126565,0.000885016,0.000316674,0.00103065,0.0005014,0.00123261,0.000450458,0.0231554,0.0203248,0.00129928,1.0,0.000413005,0.000909828,0.000798816,0.000414189,0.000452231,0.00283473,0.0576056,0.0950966
rs117102710,0.0022024,0.00025533,0.000152307,0.000239921,0.00546907,0.000676179,0.000316577,0.000343656,0.0443478,0.000680898,0.000837267,0.00018654,0.000114267,0.00525027,0.000423487,0.00639153,0.000386985,0.000396538,0.000570457,0.00615931,0.000227649,0.000274484,0.00493629,0.000535979,0.00406773,1.76222e-07,0.289217,0.00492791,0.00497696,0.0059006,0.00598228,0.00604947,0.000247015,0.00632602,0.000170397,7.41623e-05,2.36202e-05,0.000587955,1.31741e-05,0.000567285,0.00493034,4.23957e-06,6.52536e-08,1.1923e-05,0.00059647,1.54901e-07,1.29379e-05,2.74412e-06,0.000588309,0.000593166,1.65305e-05,0.000591103,0.000586005,0.000603401,4.58156e-05,0.000299616,1.80963e-05,3.95763e-06,0.000630283,5.36622e-06,5.38948e-07,1.11995e-06,6.31299e-06,3.76643e-05,0.000171017,0.000576078,6.50539e-05,0.000472139,0.00059623,0.000597128,0.000588954,1.80199e-05,1.42931e-05,3.09665e-06,0.000584365,0.00014838,0.000623331,8.34206e-05,0.000451988,0.000793074,0.00674461,0.000424823,0.000200597,1.73295e-05,0.00454814,0.000616534,0.000165296,0.000118886,0.000615435,0.000604652,0.000110585,0.000595538,0.000603039,0.000149222,2.87941e-06,0.000555802,0.00127617,0.000483219,0.000142093,0.000917653,0.406471,0.000261902,0.000186974,0.000227613,0.000544419,0.000179987,0.000588677,0.0114479,0.0117122,0.000401508,0.00844385,0.000693719,0.000338265,0.00098275,0.000299444,0.000734919,0.000214438,0.0199006,0.0150901,0.00102183,0.000413005,1.0,0.000593075,0.000434672,8.1635e-05,0.000397469,0.00190807,0.00518073,0.00314484
rs75700588,0.000639164,6.8707e-06,0.000215661,0.000176927,0.00218969,0.000237649,3.28747e-05,0.000279803,1.96149e-05,0.00156692,2.38681e-05,0.000511511,0.000134476,0.00388442,0.00019348,0.00205438,0.000339975,0.000349231,6.282e-05,0.00530365,0.000346749,0.000872597,0.0033183,0.0552994,0.00264717,0.000233506,0.000744864,0.00559937,0.00592019,0.00640101,0.00632522,0.00627242,0.00154762,0.0015174,6.9384e-05,0.000324181,2.90187e-06,1.85705e-05,3.87382e-05,2.11053e-05,0.0177046,6.0648e-05,1.99486e-05,3.69241e-07,2.02801e-05,7.41621e-08,0.000133835,2.67605e-06,1.46894e-05,1.97018e-05,3.24137e-07,2.15153e-05,2.43853e-05,2.01858e-05,5.69941e-06,0.00134379,1.71684e-05,8.39671e-05,1.17655e-05,6.96379e-06,2.37225e-05,2.79853e-05,7.12815e-07,4.41069e-05,1.76517e-06,2.38734e-05,7.25387e-05,0.000741879,1.78622e-05,2.0223e-05,1.82274e-05,3.88058e-05,1.5382e-06,4.31196e-06,1.89091e-05,0.000267116,1.9846e-05,7.18607e-05,0.00014959,6.45871e-06,0.0159266,0.000186974,0.00220996,0.000139118,0.0202935,0.00144045,0.000364785,7.648e-05,8.10376e-06,1.19633e-05,0.000535823,1.04547e-05,8.28348e-06,0.000683041,0.000181214,5.61509e-05,0.101979,5.6494e-05,0.000410258,0.000728394,0.00080626,0.000169192,0.000323959,0.00039259,4.67843e-05,0.00158403,0.00141848,0.00599088,0.00344613,0.000497694,0.00748379,7.36473e-05,0.000702564,1.26333e-05,0.00106806,0.00183251,0.000579438,0.015318,0.0191786,0.00213037,0.000909828,0.000593075,1.0,0.00153145,0.000493947,0.00101293,0.00604189,0.107642,0.173062
rs118028740,7.79129e-05,7.64458e-05,7.77387e-05,0.000315017,5.00351e-05,9.91648e-05,8.33137e-05,0.000561417,0.000317639,0.00312704,4.22199e-06,0.0047513,7.13734e-05,0.00369349,0.00162717,0.00284604,0.000459681,0.000451215,9.59158e-05,0.00685973,0.000809681,4.75149e-07,0.00670916,0.000996391,0.00566559,0.000161999,0.000929334,0.00620914,0.00659414,0.00615086,0.00613625,0.00618582,2.78003e-06,0.00164365,0.000114894,8.68565e-05,3.13015e-06,0.000331425,4.68998e-07,0.000317051,0.00524008,7.68458e-06,4.7762e-06,4.33648e-08,0.000346046,0.000124808,0.000208809,1.37317e-06,0.000339327,0.000366417,1.30747e-07,0.000331541,0.000335529,0.000330637,2.80468e-05,0.000830533,5.52282e-05,3.50599e-05,0.000347641,1.51846e-05,1.71685e-05,2.07214e-05,2.65487e-06,4.57243e-05,0.000139853,0.000377301,1.0065e-07,0.00049972,0.000328141,0.000339963,0.00034107,0.000101487,9.51735e-07,1.06316e-05,0.000334589,0.000153054,0.00034287,4.75288e-07,0.000385615,0.000488055,0.00342002,0.205867,0.000827401,4.26e-05,0.00490481,0.000118907,0.000517959,0.000140387,2.5499e-06,2.94711e-06,0.000124577,2.68847e-06,2.65609e-07,0.000474312,0.000168781,3.71728e-05,0.00250034,0.000510985,4.00186e-06,0.00322994,0.000989403,0.000367374,0.000229755,0.000528734,4.52426e-05,0.00132484,0.000170088,0.0170499,0.0164567,0.00050663,0.0165901,7.68265e-05,0.000873603,0.00261681,0.000686377,0.00108111,0.000395725,0.0104252,0.0101959,0.00248251,0.000798816,0.000434672,0.00153145,1.0,0.000475918,0.000944899,0.00582754,0.0131881,0.00785491
rs11429458,0.000583972,0.000145647,2.29268e-05,0.000329407,0.0018831,0.000319004,5.89298e-05,0.000289934,0.000122849,0.000330477,0.000161169,0.000149823,4.30124e-05,4.25529e-07,0.000151725,1.80006e-05,0.000115044,0.000114,0.000578675,0.000220511,0.000131423,4.43037e-05,0.00014211,0.000519775,9.16072e-05,0.000121427,0.000191458,0.000258586,0.000282917,0.000393949,0.000420754,0.000422676,0.00168318,0.00199439,0.000120186,0.000193058,4.58927e-05,0.000154918,2.23482e-06,0.000162306,4.45508e-05,5.02081e-06,1.31233e-05,2.78234e-05,0.00014845,4.69896e-07,4.43584e-06,6.85157e-07,0.000153066,0.000160069,3.24928e-05,0.00015225,0.000154048,0.000160011,0.000359716,0.000338563,3.42556e-05,2.7868e-05,0.000150713,1.41576e-05,5.70949e-06,6.8957e-06,2.03411e-06,1.77061e-06,0.000162909,0.000167173,0.000110329,0.000144978,0.000153958,0.000154193,0.000154037,8.41349e-06,3.00692e-05,4.46803e-07,0.000155647,0.000199869,0.000148307,8.83657e-05,0.0218942,1.31354e-05,6.36623e-07,0.000151853,0.0128512,2.16272e-05,2.36569e-06,0.000596805,0.000199297,0.000145262,0.000149442,0.000149039,0.000216288,0.000146792,8.52358e-05,7.84738e-05,9.10395e-05,0.00015161,0.000544992,0.000257651,0.000140082,0.000828763,0.000100795,8.40231e-05,9.85932e-05,7.37814e-06,0.000137521,0.000234015,0.000557712,0.000837611,0.000849052,0.000336358,0.00389348,1.11709e-05,0.000207635,0.0187047,0.000238756,0.000633763,0.000814202,1.777e-06,0.00570802,0.000966618,0.000414189,8.1635e-05,0.000493947,0.000475918,1.0,0.000342977,0.00196571,0.0305668,0.051318
rs3733139,0.00226463,1.18278e-06,8.1381e-05,0.00435107,5.2423e-05,0.000667659,0.000849219,0.00888927,0.00023278,0.000225527,0.000190339,0.000126105,0.0257205,0.000516774,0.000559939,0.000125877,0.000579378,0.000594201,4.84934e-05,0.00195853,0.000815516,0.000359185,0.000117714,0.000108682,0.000395773,0.000309445,0.000635726,5.23775e-07,8.21479e-09,1.95726e-05,1.81927e-05,1.50653e-05,0.000251518,0.000220759,6.30295e-05,0.000607988,1.79171e-05,0.000945146,1.08374e-05,0.000950294,0.0050626,8.10787e-06,5.09188e-06,3.39785e-06,0.000939673,7.06958e-06,0.000159856,1.20699e-06,0.00094815,0.000934735,8.70931e-06,0.000958374,0.000960134,0.000953663,1.72282e-05,0.000782297,3.75978e-06,2.08295e-05,0.000895216,0.000120523,2.33488e-05,2.68662e-05,6.21201e-06,8.92102e-06,9.78607e-05,0.00083457,0.000108246,0.000741614,0.000944069,0.000965466,0.000948111,2.95943e-05,5.94722e-06,8.06952e-06,0.000944647,6.8925e-05,0.000931106,0.00011124,0.000597387,0.00103603,0.00522025,0.000498591,0.000284428,1.1314e-05,0.00266053,0.00190498,0.000207883,3.43303e-05,0.0010268,0.000973287,3.11094e-08,0.00100319,0.00102998,4.02644e-05,0.000140962,0.00130296,0.000537713,0.000528175,0.0185577,0.00169428,0.000926171,0.000416773,0.000345358,0.186158,0.00132033,0.00116791,0.00836895,0.00488328,0.00452315,0.00122971,0.00666236,0.00165138,0.000581746,0.00149587,0.000229329,0.000977165,0.000263297,0.0047718,0.0235975,0.00169387,0.000452231,0.000397469,0.00101293,0.000944899,0.000342977,1.0,0.00461408,0.0777492,0.126094
rs166507,0.000504461,0.000806342,6.1924e-05,0.000713948,0.0020767,0.00122851,0.000392479,0.000296893,6.40816e-05,0.000102605,0.000493131,0.00194301,0.00031343,0.0115324,8.45264e-06,0.00931944,2.35078e-07,2.07735e-07,0.00431716,0.00746685,0.00073531,0.00143568,0.0125999,6.23614e-05,0.0130126,0.000952646,0.00197623,0.0134184,0.015395,0.0138994,0.0139246,0.0138682,0.00178003,0.00814367,0.000192041,0.000246978,4.34675e-06,0.00134556,3.50218e-06,0.00135464,0.0375015,5.46757e-05,1.12127e-06,1.79146e-05,0.00138582,1.14203e-06,0.000252207,1.68147e-07,0.00135992,0.00133462,3.90998e-06,0.00135869,0.00134323,0.0013411,1.30925e-05,0.00330458,0.000203615,0.000117011,0.00130711,0.000118846,2.93835e-05,2.2698e-05,3.70745e-06,9.07511e-05,0.000284223,0.00127649,0.000520842,0.000428596,0.00131272,0.00125894,0.00131919,4.78093e-05,3.1134e-06,1.17259e-08,0.00137008,0.000909244,0.00135533,0.000467072,0.0016476,0.00169816,0.0271886,0.00216282,9.85943e-06,0.000307097,0.0408247,0.0954777,2.05571e-05,0.000566948,0.00157312,0.00163085,0.00178825,0.00163944,0.00169966,0.00134935,0.00069031,0.00466617,0.000299331,0.0447993,0.00079955,0.00216366,0.00264743,0.0016475,0.0016672,0.000152727,0.00461347,0.00272467,0.00153357,0.0410884,0.029658,0.00180941,0.0182475,0.00585736,0.00122587,0.00539639,0.111468,0.00546078,0.00201898,0.0340596,0.00579183,0.0106807,0.00283473,0.00190807,0.00604189,0.00582754,0.00196571,0.00461408,1.0,0.0581627,0.0365911
rs267567,0.00189783,0.000862088,0.000737752,0.000297891,1.06005e-05,7.41223e-05,0.00140748,0.000181693,0.000428972,0.0020367,3.7459e-05,0.00038167,0.00859515,0.00437178,1.06472e-05,0.0121502,0.000274523,0.000270619,0.00632758,0.0283923,0.00493977,2.05251e-05,0.0195392,0.015708,0.0181487,3.40857e-06,0.00178201,0.0203618,0.0194647,0.0156881,0.0159942,0.0160126,8.31705e-06,0.000787998,0.00262801,0.00183097,2.49443e-05,0.00133554,8.44919e-06,0.00131212,0.0295816,1.70982e-05,5.11438e-06,2.38411e-05,0.00133159,2.79193e-05,0.00103195,8.19048e-09,0.00131133,0.00137942,1.34439e-05,0.00132667,0.00133847,0.00131429,0.000136333,0.010009,0.0017161,0.000343813,0.00133125,1.69739e-05,0.000250752,0.000210683,9.83869e-06,0.00169156,0.00256554,0.00122327,0.00548617,0.0190215,0.00131327,0.00129574,0.00133251,6.52235e-05,1.30898e-05,9.12667e-06,0.00131235,0.00243692,0.00134967,0.00523091,0.0163322,9.08289e-06,0.0383886,0.00380849,0.000206244,0.000380937,0.019906,0.00243693,0.00181892,0.00244526,0.00100429,0.00100513,0.00901393,0.00101552,0.00168165,0.0020994,0.00259804,0.00125297,0.0235327,0.00612869,0.0054477,0.0113828,0.00573682,0.0027601,0.00965888,0.014736,0.00116895,0.0116348,0.00260033,0.00594234,0.00984474,0.00249457,2.06908e-05,0.00878827,0.00407322,0.0842516,0.00718363,0.017957,0.00368266,0.000225679,0.155188,0.183928,0.0576056,0.00518073,0.107642,0.0131881,0.0305668,0.0777492,0.0581627,1.0,0.612831
rs267552,0.00464757,0.000241449,0.000878557,0.000290139,0.000438666,0.000252886,0.00155812,0.000418029,0.000515738,0.00619808,0.00128355,0.00262136,0.0137275,0.00551412,0.000767884,0.00423379,0.000508999,0.000525556,0.003171,0.0123813,0.00276861,8.96117e-05,0.00644685,0.00365964,0.0078573,5.59881e-05,0.0029319,0.00699091,0.00712985,0.00603215,0.00619135,0.00618214,1.14365e-05,0.00125468,0.00101946,0.000819921,3.4891e-05,0.00262874,1.4906e-07,0.00265143,0.0486222,3.18836e-06,1.74378e-05,1.69772e-05,0.00257847,5.27606e-06,0.000644893,3.8261e-06,0.00263987,0.0025624,5.46577e-06,0.0026092,0.00262763,0.00263708,2.97436e-05,0.00580738,0.000140461,0.000153519,0.00261468,5.88681e-06,0.000160347,0.000148086,1.26395e-05,0.000133694,0.0010367,0.00256913,0.00274722,0.0045802,0.00266365,0.00269615,0.00262951,0.000195893,8.74053e-06,4.32714e-06,0.00264347,0.00148678,0.00262601,0.00249205,0.022543,0.00381914,0.0144017,0.00211031,0.00184864,0.000311909,0.0312957,4.91125e-06,0.00200549,0.000994707,0.0029565,0.00287997,0.0172202,0.00296499,0.00326723,0.00117635,0.0057833,0.00295792,0.00688191,0.00304777,0.00820185,0.00573531,0.00472659,0.00121761,0.00272333,0.0277737,0.00303396,0.00726208,0.00061742,0.0322587,0.0299356,0.00100703,0.00496573,0.0038137,0.00415522,0.000829765,0.00436647,0.0120364,0.00122906,0.0191141,0.162904,0.0119038,0.0950966,0.00314484,0.173062,0.00785491,0.051318,0.126094,0.0365911,0.612831,1.0
