,rs118128980,rs1801176,rs161630,rs144702208,rs56011240,rs80356484,rs76156285,rs692198,rs74765359,rs2292539,rs140792716,rs323496,rs144049207,rs2271539,Affx-13889739,rs8076790,Affx-13889750,Affx-64150088,rs429464,rs382571,rs141333671,rs117852003,rs9911630,rs78416118,rs139894156,rs116889906,rs7223952,rs12516,rs8176318,rs80359883,rs80358092,rs80357012,rs55633264,rs886040916,Affx-472946087,Affx-291670948,rs8176273,rs886040275,rs80357743,rs3092994,rs8176237,rs8176235,rs80357623,rs4986854,Affx-13890652,Affx-472941166,rs886040243,rs74877299,rs878853293,Affx-86889408,rs273900734,rs1060915,rs273900728,rs3950989,rs2070833,rs886040163,Affx-82098107,Affx-86889417,rs397509086,rs587782824,rs16942,rs80357272,rs886040118,rs397509054,rs4986852,Affx-13890987,rs879255315,rs80357502,rs80357377,rs886040067,Affx-13890999,rs80356892,rs80356951,Affx-289863301,rs273899686,Affx-517017855,rs397508961,rs80356948,Affx-472941715,Affx-206990168,rs16940,rs273898682,Affx-149263730,rs1799949,rs80356895,rs80356889,rs80357933,rs587782251,Affx-478828102,rs397508868,rs80357722,rs886039949,rs80359874,Affx-82097405,rs273903794,rs886040333,rs80357719,rs397509327,Affx-64150641,rs80357965,rs397509322,rs80357090,rs80357758,Affx-472941919,rs34765977,rs886040224,Affx-289953741,Affx-82097345,rs799912,Affx-82097683,rs8176100,Affx-92046649,Affx-36119231,Affx-149264245,rs11657835,rs4793213,rs76584039,rs182096891,rs117976394,rs75035108,rs777667512,rs17599948,rs143174187,rs17139350,rs773007719,rs147921525,rs79555595,rs79838937,rs148520542,Affx-13893989,rs3803867,rs16940410,rs75531813,rs12946015,Affx-13894423,Affx-13894438,rs75958943,rs72833109,rs72833110,rs139661540,rs7208829,rs9916834,rs11868915,rs117691817,rs75094181,rs7214914,rs149226081
rs118128980,1.0,1.47489e-05,1.62918e-05,0.000162293,0.00126869,2.41426e-05,0.000279155,0.0180857,0.00281055,0.00160166,0.000330969,0.0015847,0.000141618,0.000855847,0.00164816,0.0016653,0.00166769,1.31931e-06,0.000836229,0.000920699,3.06715e-05,4.43259e-05,0.000690024,0.000271947,0.000172215,0.000176574,0.000720548,0.000638757,0.000704527,9.0126e-06,5.9033e-05,1.33319e-05,7.90919e-05,8.60638e-07,6.99906e-07,1.08612e-05,0.000719052,3.09297e-06,3.61532e-05,0.000703015,0.000841524,0.000714195,3.67973e-07,1.03915e-05,0.000700185,5.92619e-06,9.32397e-06,0.000361352,1.82869e-06,4.02897e-05,0.000727951,0.000731518,1.45357e-05,0.000708089,0.00257352,0.00019939,1.33796e-07,1.0721e-06,2.80825e-05,5.60936e-08,0.000733822,8.71333e-05,9.66665e-07,1.16358e-06,3.74754e-06,0.000735417,1.76207e-09,1.8552e-07,1.18602e-05,3.11686e-06,0.000720091,0.000412586,3.98006e-06,2.97616e-06,3.40154e-08,9.06323e-06,1.04031e-08,4.02e-06,0.0007345,0.000733187,0.000725135,3.4349e-06,1.74603e-07,0.000720164,1.58902e-05,1.30283e-05,9.21615e-08,1.23587e-05,2.14465e-05,1.99471e-05,7.81267e-07,2.02006e-06,1.45375e-06,2.21906e-05,7.94481e-06,2.45664e-06,5.35603e-07,7.44429e-06,2.99706e-05,4.70751e-07,7.63892e-06,4.25471e-05,2.69155e-06,1.84789e-06,1.26871e-05,2.0447e-05,1.05581e-05,1.08224e-06,0.000726886,6.69364e-06,0.000126389,0.000967843,1.97349e-06,1.38584e-06,0.000704437,0.000701352,5.22292e-05,3.20343e-05,0.000217194,8.38267e-05,2.51208e-07,0.000989504,1.24921e-05,0.000734696,2.18193e-06,0.000167735,0.000993552,2.37347e-05,0.000501259,0.00402008,0.000304235,0.00194455,0.000218282,7.09053e-05,0.0128286,0.000892496,0.000107963,8.28078e-05,8.65664e-05,6.81225e-05,0.00184466,0.00896127,0.00258593,2.13827e-07,0.000172652,0.000812105,1.47369e-06
rs1801176,1.47489e-05,1.0,1.16462e-05,1.22246e-05,0.00873228,3.79962e-06,3.70739e-06,0.00137495,1.64711e-05,9.83639e-05,3.19503e-05,0.000103218,9.69251e-07,0.000500408,9.70864e-05,0.000101733,8.91051e-05,1.97683e-06,1.10979e-05,2.99099e-05,2.80379e-05,1.21974e-05,0.000684478,2.1126e-05,2.52034e-05,6.52821e-05,0.000416709,0.000444419,0.000409076,2.43663e-06,1.3999e-05,2.83553e-06,9.02426e-06,6.0312e-06,3.79587e-06,4.81042e-05,0.000405479,7.12635e-06,2.88133e-06,0.000416888,0.000118335,0.000392829,3.09063e-06,4.05492e-06,0.000401852,3.17247e-06,3.97376e-06,7.4786e-06,2.70321e-06,4.73314e-05,0.000413264,0.000404632,3.00175e-06,0.000409959,5.49503e-05,2.05827e-06,2.38154e-06,2.7219e-06,5.94187e-06,2.32776e-06,0.000412036,2.49777e-06,9.39593e-06,2.80308e-06,5.6325e-06,0.000411956,2.20617e-06,5.86342e-06,1.97237e-06,3.13053e-06,0.000419699,2.3973e-05,1.88656e-06,3.53344e-06,2.14746e-06,2.44285e-06,2.23518e-06,5.83275e-06,0.000422145,0.000411838,0.000414859,1.01742e-06,2.15412e-06,0.000389227,3.06981e-06,2.82581e-06,2.3527e-06,2.77077e-06,5.17865e-06,5.02756e-06,2.65692e-06,4.65924e-05,2.79201e-06,9.56524e-07,2.323e-06,2.61553e-06,3.0166e-06,3.70547e-06,2.09822e-05,2.5295e-06,2.71731e-05,1.50706e-05,3.03115e-06,2.70612e-06,2.79448e-06,3.09107e-05,2.56234e-06,2.70837e-06,0.000413219,3.62874e-06,1.15809e-05,2.4743e-05,6.78454e-06,3.87991e-06,0.00039921,0.000417111,1.34606e-06,0.000557396,1.69433e-05,1.18976e-05,3.08659e-06,1.93034e-06,0.026524,0.00010203,2.94306e-06,2.25958e-05,1.74433e-06,6.85635e-05,1.44963e-05,0.000421385,1.37627e-05,0.000151095,5.64583e-05,7.55112e-05,0.000120182,7.71915e-05,1.26909e-05,8.27195e-05,9.27314e-05,3.71154e-06,6.98397e-05,0.000126856,0.000104238,0.011954,1.92946e-05,0.00108824,2.58079e-05
rs161630,1.62918e-05,1.16462e-05,1.0,3.42344e-05,0.000377529,3.25262e-05,7.44605e-05,0.00194342,0.000662364,0.000475731,8.47045e-05,0.000454385,6.19826e-06,0.000187509,0.000371186,0.000414054,0.000419038,1.6555e-05,0.00115552,0.00170871,8.46785e-05,4.03041e-05,0.000958072,5.49516e-05,0.000107005,0.000180628,0.000991345,0.000895585,0.000984018,7.70513e-05,9.41135e-05,7.3754e-06,6.46073e-06,1.79332e-07,9.73261e-06,7.67338e-06,0.00097641,3.28568e-05,5.59272e-06,0.000970786,0.000263986,0.000926782,4.98741e-06,1.04784e-05,0.000949596,8.1322e-06,3.03994e-05,2.45621e-05,6.83214e-06,7.27241e-06,0.0009161,0.00096202,5.51601e-06,0.000965479,0.000825636,1.38338e-05,9.74207e-06,6.94192e-06,1.50249e-05,1.05668e-05,0.000949491,6.45457e-06,9.90208e-05,5.98348e-06,5.52458e-05,0.000952304,5.59639e-06,0.000109438,1.53033e-05,4.70021e-06,0.000950787,4.27894e-05,0.000110063,2.59545e-06,9.14186e-05,0.000199209,1.11336e-05,1.5034e-05,0.00094605,0.000950179,0.000947695,7.70329e-06,5.44675e-06,0.000962479,7.90841e-06,6.11989e-06,1.01212e-05,6.04549e-05,1.33061e-05,1.29157e-05,7.9508e-06,7.05479e-06,6.18623e-06,4.69275e-05,7.94246e-05,7.53396e-06,5.32427e-06,2.28826e-06,6.68303e-07,8.35417e-06,3.37176e-05,0.000647736,5.18473e-05,6.87693e-06,7.20259e-06,2.85315e-06,7.87923e-06,6.99881e-06,0.000971293,2.23433e-06,2.62501e-05,1.97706e-05,1.7412e-05,1.88018e-06,0.000941771,0.000939307,1.05754e-06,4.53576e-05,4.01344e-05,9.14819e-05,4.39698e-06,0.00120229,2.38384e-05,0.000104655,7.60529e-06,1.0288e-05,0.0011809,3.04018e-05,0.000260944,0.000118139,2.48541e-05,0.000371401,7.12866e-05,1.03325e-06,8.58691e-05,0.000119469,1.3561e-05,1.57573e-05,1.78344e-05,2.21984e-05,0.000281213,1.70727e-07,0.000420577,4.67574e-05,4.65825e-05,0.000213559,4.85173e-05
rs144702208,0.000162293,1.22246e-05,3.42344e-05,1.0,0.00228328,2.58107e-07,0.000256954,0.0277944,0.00471456,0.00259101,0.000253603,0.00258298,0.00022738,0.00878989,0.00283743,0.0027052,0.00272899,0.000346136,0.000601875,0.000304563,5.68877e-08,0.000423643,0.00642431,0.00072665,0.000313384,0.000840512,0.00632398,0.00670043,0.00625259,1.6653e-06,8.06519e-05,1.40436e-05,8.04783e-05,3.19359e-07,2.56215e-07,6.92742e-06,0.00633257,2.886e-05,1.44583e-05,0.00628536,0.00127321,0.00638412,1.85758e-07,1.15619e-06,0.00639995,6.16078e-07,6.20638e-07,2.00676e-05,1.67483e-07,3.3164e-07,0.00634268,0.00638024,4.47451e-08,0.00629916,0.00370838,3.52459e-06,1.17102e-05,5.91786e-06,4.5854e-05,4.59732e-05,0.0063493,2.51882e-05,9.80954e-07,8.78664e-09,8.2184e-07,0.00635774,3.79277e-06,8.28641e-06,2.93597e-06,3.30083e-07,0.00635439,0.000529733,1.93209e-06,1.07523e-05,1.87045e-05,8.3432e-06,1.28844e-07,2.98977e-05,0.00632876,0.006328,0.00637411,3.06391e-06,1.725e-05,0.00634854,9.18575e-06,8.18773e-09,4.64958e-05,3.00839e-05,3.56021e-05,3.32425e-05,6.99797e-06,5.94419e-06,3.00775e-06,0.000147043,2.2032e-05,4.3256e-07,2.47921e-06,3.66045e-06,8.54925e-05,8.32765e-07,1.3007e-07,5.33823e-05,4.69562e-05,1.66327e-07,1.31718e-05,3.49386e-06,1.03147e-05,1.65911e-07,0.00630189,9.83661e-05,2.78639e-06,1.46058e-06,6.04969e-05,3.68162e-05,0.00641129,0.0063662,9.66133e-05,0.000372003,0.00013002,0.000133708,6.10438e-05,0.000707956,0.318471,0.000574491,3.33446e-05,0.000299904,0.000697212,0.000159022,0.000615978,0.00485275,7.10617e-05,0.00282849,1.40981e-06,0.000882751,0.000479462,0.000884395,0.000568841,0.000750206,0.000720595,0.000435729,0.00238466,0.000757846,0.00297914,0.0267982,0.00930808,0.0037938,0.000136463
rs56011240,0.00126869,0.00873228,0.000377529,0.00228328,1.0,0.00817601,0.0015549,0.118185,0.00610672,0.00259849,8.19824e-06,0.00268832,0.000362032,0.0350165,0.0022337,0.00287544,0.00287791,0.000930171,1.96703e-05,0.000278969,0.00213318,0.000575636,0.0548335,9.93783e-05,0.00104547,0.00138154,0.0513238,0.0484913,0.0504614,1.43078e-05,0.000252068,2.65926e-05,0.000828675,0.000209009,7.68004e-07,7.12232e-06,0.0513252,8.24843e-06,7.73525e-06,0.0510814,0.104606,0.0506704,5.99922e-07,0.000106246,0.0508026,6.52662e-06,2.08988e-06,0.00300052,1.35862e-06,3.47575e-07,0.0515207,0.0514094,7.30122e-08,0.051281,0.0098506,7.03337e-06,1.40432e-07,2.65955e-06,0.0112122,3.72681e-08,0.0515423,2.92765e-05,1.21644e-08,1.81449e-06,2.39252e-05,0.0514985,2.47856e-06,2.67769e-06,5.09317e-06,2.28327e-06,0.0514714,0.000640882,0.000117576,4.75239e-07,2.79419e-05,1.52002e-05,1.37375e-06,0.00482073,0.051733,0.0514905,0.0513676,0.000257884,2.68785e-06,0.0513925,9.53135e-05,1.94578e-07,1.85272e-07,1.37865e-08,0.000163851,0.000152001,1.31423e-05,2.63667e-07,8.81263e-08,0.00041908,5.84386e-08,1.2096e-06,2.01759e-07,0.00712444,0.00014393,1.8122e-06,8.35183e-06,0.00016093,1.32303e-08,4.36197e-06,1.55309e-05,6.59491e-05,2.27279e-05,1.20769e-05,0.0514677,6.88438e-06,0.0703939,0.00310949,0.000105567,7.02797e-09,0.0513717,0.0513529,1.74742e-05,0.0023104,0.00167521,0.00103705,0.000113018,1.77106e-05,0.000101837,0.00711092,4.19813e-05,0.000300168,1.93406e-05,0.00255683,0.0133774,0.0537631,0.000381328,0.000153073,0.0018432,0.00484198,0.00190668,0.00200611,0.000706312,0.00419116,0.00423098,0.000755088,5.82707e-05,0.000480862,3.41502e-06,0.00120096,0.000288567,0.00763536,0.000315805
rs80356484,2.41426e-05,3.79962e-06,3.25262e-05,2.58107e-07,0.00817601,1.0,2.41006e-05,0.00111771,0.000168436,0.000150636,2.17154e-05,0.000136994,6.74967e-05,0.00090575,0.000154815,0.000147832,0.000146763,4.49345e-05,0.000140406,0.000165246,3.46317e-06,6.41109e-05,0.00102274,7.20933e-08,3.47065e-05,0.000168688,0.00106654,0.00101728,0.00105256,2.01267e-06,9.29004e-06,2.40618e-06,2.60182e-05,5.05993e-06,3.53663e-05,2.21354e-06,0.00106677,1.123e-05,2.42921e-06,0.00106679,0.00649062,0.00105763,2.5217e-06,3.41864e-06,0.00106044,4.59534e-05,3.39805e-06,1.42406e-06,2.27903e-06,2.23634e-06,0.0010739,0.00106948,2.44918e-06,0.00108257,0.0001643,1.71048e-06,2.00784e-06,2.27722e-06,4.84805e-06,1.96249e-06,0.00107166,2.10583e-06,1.36694e-05,2.37871e-06,4.73727e-06,0.00107253,1.85999e-06,4.94335e-06,1.53863e-06,2.5711e-06,0.00107313,4.75447e-06,1.60589e-06,2.97898e-06,1.81054e-06,2.05952e-06,1.90922e-06,1.62374e-05,0.00107207,0.00107662,0.00107012,2.72856e-06,1.78801e-06,0.00108101,4.84292e-05,2.38239e-06,7.07559e-05,2.31792e-06,4.35706e-06,4.26351e-06,2.18218e-06,2.25585e-06,2.3539e-06,1.54073e-05,1.95854e-06,2.20511e-06,2.47745e-06,0.781923,3.64577e-06,2.13258e-06,3.55526e-05,1.23514e-07,2.53603e-06,2.28149e-06,2.35598e-06,2.95248e-06,2.18513e-06,2.26578e-06,0.00107651,3.05933e-06,1.67264e-05,2.18798e-07,9.04453e-05,3.16569e-06,0.00103974,0.001066,9.67575e-05,0.000107566,8.81501e-06,1.46711e-05,2.60225e-06,0.000163274,6.80621e-09,0.000178676,5.19746e-05,1.34476e-05,0.000162056,1.85092e-05,7.59063e-06,0.00176914,2.34132e-05,8.81072e-05,1.66721e-07,0.00103103,0.000120229,7.35933e-05,2.25327e-05,0.001026,0.000989899,1.19807e-05,5.18203e-05,9.16606e-05,0.00018297,7.5784e-07,2.24002e-06,0.000132637,5.09961e-05
rs76156285,0.000279155,3.70739e-06,7.44605e-05,0.000256954,0.0015549,2.41006e-05,1.0,0.0177572,0.00339262,0.0344716,0.000159592,0.034097,0.000172331,0.00818582,0.0317328,0.0328731,0.0326605,0.000214962,0.0447753,0.0399578,1.0089e-05,0.000218205,0.00415575,0.000243475,0.000283505,0.00082578,0.00426029,0.0040762,0.0042174,8.75439e-06,6.87208e-05,1.20233e-05,4.46128e-05,1.01631e-06,7.81441e-06,8.03443e-05,0.00429194,1.0436e-05,3.18952e-05,0.00424068,0.000790153,0.00414639,5.74509e-05,2.67998e-05,0.00419767,3.65821e-06,2.42545e-05,2.50911e-05,7.38898e-05,3.33371e-05,0.00431946,0.0042792,0.000104345,0.00422972,0.00361269,1.02046e-05,5.39966e-05,1.89439e-06,4.76001e-05,2.48811e-05,0.00428912,3.5876e-07,6.61484e-06,6.67766e-05,3.68361e-06,0.00429414,7.40333e-06,0.00020523,0.000142398,5.45785e-05,0.00425861,0.000186744,2.40939e-05,0.000207309,4.04479e-08,9.3438e-05,6.08873e-05,4.79043e-05,0.0043045,0.00429461,0.00433081,6.2026e-05,5.57769e-06,0.00421157,3.88116e-05,0.000165954,8.17296e-06,3.61125e-05,4.03926e-05,3.85924e-05,8.21632e-05,3.95859e-05,6.84198e-05,8.7262e-05,0.000163189,8.00639e-05,6.05322e-05,7.39536e-06,1.24625e-05,8.62271e-05,1.12582e-05,0.000113298,2.63523e-06,7.39267e-05,1.26388e-05,5.65504e-08,3.25566e-05,1.44228e-05,0.00423816,3.30548e-05,0.000252514,0.000484733,1.96084e-06,5.55016e-05,0.00420697,0.00423946,2.02623e-05,0.000370747,0.000294318,0.000298965,2.72952e-07,0.0384584,0.000108406,0.00032992,3.6948e-05,6.10635e-05,0.03812,0.0043937,0.000561209,0.00280535,0.000217314,0.00910123,0.000261202,2.36043e-06,0.000205631,0.00134438,0.000225433,1.27894e-06,1.53684e-07,5.48028e-05,0.0109824,0.000286895,0.00627052,0.00041591,0.000473138,0.00281996,0.000214361
rs692198,0.0180857,0.00137495,0.00194342,0.0277944,0.118185,0.00111771,0.0177572,1.0,0.0303751,0.0083879,0.0156606,0.00882897,0.00731765,0.0304983,0.00812155,0.0100054,0.00996594,0.00526537,0.00299505,0.000755379,0.000721084,0.00268871,0.058384,0.00202696,0.0159587,0.0198489,0.0586227,0.0529852,0.058116,1.40203e-05,4.98052e-05,0.000863807,0.000309521,0.000728988,4.03472e-06,8.01598e-06,0.0582982,2.59837e-05,9.07822e-06,0.0581168,0.0194471,0.0582031,1.70725e-05,9.70386e-05,0.0575733,3.76651e-06,9.4388e-07,0.00430312,1.31795e-05,2.58806e-06,0.0584922,0.0584108,1.97985e-05,0.0580178,0.0254294,1.99775e-05,2.53324e-08,1.90533e-06,0.00144789,2.05634e-05,0.058525,0.000198632,5.38775e-06,4.51848e-06,8.45456e-05,0.0584936,5.09315e-06,5.23462e-07,4.71863e-05,1.54163e-05,0.0584368,0.00123882,4.3036e-06,1.27528e-06,4.74073e-06,3.1257e-07,3.11112e-06,8.19614e-05,0.0587237,0.058358,0.058283,0.00147903,1.53762e-05,0.0581465,0.000639918,3.5188e-07,1.04532e-05,1.49572e-06,0.000838106,0.000880997,1.17174e-05,1.40443e-05,1.94768e-05,0.00519141,7.31001e-07,1.57345e-05,4.88053e-06,0.00112813,0.000790675,1.86702e-05,8.2949e-05,0.00126859,4.88325e-06,9.48055e-06,0.00010617,0.000970648,5.59779e-06,3.8662e-06,0.0582478,1.199e-05,0.0102976,0.00686924,0.000668359,3.61868e-05,0.058922,0.058617,0.000756406,0.0150563,0.0151679,0.0017618,0.000467815,0.000201734,0.0112051,0.00119124,0.000508665,0.000311012,0.000200959,0.00945993,0.0216982,0.0628026,0.00557285,0.0122648,0.00279486,0.00234118,0.0147006,0.000281467,0.00120079,0.00103778,0.00100522,0.00242616,0.00464359,0.00323429,0.003056,1.71823e-06,0.000576997,0.00189018,0.000404421
rs74765359,0.00281055,1.64711e-05,0.000662364,0.00471456,0.00610672,0.000168436,0.00339262,0.0303751,1.0,0.0507555,0.00468058,0.0510618,0.0056827,0.218223,0.0541032,0.052586,0.052462,0.00449672,0.0255846,0.0276734,0.000104656,0.00555101,0.109091,0.0051189,0.00511904,0.239554,0.115311,0.119799,0.114746,2.61554e-05,0.00206884,0.000198918,0.0119126,0.000587658,7.57755e-07,2.54951e-05,0.115404,9.79883e-06,5.95785e-06,0.115656,0.0204067,0.115488,1.48314e-05,0.00308473,0.115701,1.6709e-05,4.08989e-06,0.011081,4.0018e-06,1.06567e-08,0.114943,0.114824,5.81138e-06,0.114391,0.578352,2.1097e-05,2.97285e-05,6.35939e-06,0.000550726,1.50885e-07,0.114906,0.00202716,5.17755e-07,1.54728e-06,1.3024e-07,0.114883,6.58378e-07,1.47525e-05,1.65915e-05,1.82054e-06,0.114902,0.0706395,2.20465e-05,6.0836e-05,1.18758e-05,5.44573e-06,1.28126e-05,0.00034831,0.114488,0.114481,0.11486,0.000655691,2.63764e-08,0.114389,0.000120808,3.52571e-06,8.76649e-05,3.77107e-05,0.000328321,0.000314697,1.27075e-06,6.07144e-08,9.06246e-07,0.0013942,4.46935e-05,3.11637e-06,4.33327e-06,0.000173039,0.00028177,4.83819e-06,8.76727e-08,0.000513036,8.59899e-06,1.82873e-06,0.000153499,0.000266221,3.36334e-05,2.37786e-06,0.114553,3.91131e-05,0.0035603,0.0105392,0.00475732,2.73289e-06,0.114721,0.114503,0.00910176,0.0820109,0.00375589,0.0488323,9.57169e-05,0.0269396,0.00366897,0.0252883,0.000136207,0.00452312,0.0262173,0.00882111,0.00123959,0.0624653,0.00178474,0.0175208,0.000257731,0.00727663,0.0157178,0.151585,0.00348437,0.00681527,0.00686815,0.00229028,0.00547733,0.00445325,0.00144992,0.0156263,0.00091162,0.010454,0.000366696
rs2292539,0.00160166,9.83639e-05,0.000475731,0.00259101,0.00259849,0.000150636,0.0344716,0.0083879,0.0507555,1.0,0.00336338,0.981671,0.105743,0.206663,0.925692,0.951701,0.952239,0.0034461,0.400105,0.319198,0.00182857,0.000337047,0.00156862,0.00335052,0.00268757,0.0129088,0.00190068,0.0013904,0.00172378,5.44506e-06,0.00148198,0.000131922,0.00119246,0.000150398,1.28423e-05,6.49026e-05,0.00190857,2.71324e-06,9.91722e-06,0.00192546,0.0134643,0.00174332,5.58581e-05,9.15149e-05,0.00185918,5.75148e-06,2.06649e-05,0.00859192,6.40409e-05,5.10397e-06,0.00195677,0.00193756,3.58527e-05,0.00195586,0.0515744,3.6719e-07,6.18186e-05,2.73061e-05,0.000165758,2.64603e-06,0.00194283,0.000279894,1.46436e-05,5.95239e-05,2.83204e-06,0.00193368,2.32537e-06,3.72922e-05,1.04996e-05,3.03678e-05,0.00194164,0.00467103,1.86098e-05,9.79031e-07,2.4676e-06,9.79315e-07,4.22471e-05,0.000127267,0.0019435,0.00194302,0.00194242,0.000274931,4.41669e-05,0.00195068,0.000136855,1.45384e-06,5.92533e-05,1.6912e-05,0.000271807,0.000290209,2.4095e-05,3.51722e-05,6.37445e-05,0.000770934,3.93805e-06,5.25698e-05,3.28815e-05,0.000153617,0.000187581,7.87273e-05,8.40288e-05,0.000361299,1.96895e-06,1.11331e-05,1.23113e-05,0.000113171,1.93865e-06,2.65077e-05,0.00192387,4.95068e-06,0.00257156,0.00553742,0.000381351,6.8876e-05,0.00183944,0.00182787,0.000804234,0.00423496,0.00287875,0.00357005,0.000111193,0.197372,0.00324362,0.0109666,0.000181035,0.00225763,0.196735,0.120758,0.00899568,0.0442817,0.00191703,2.03312e-06,0.00584217,0.00241991,0.00422899,0.000652878,0.000309156,0.00137566,0.00136416,0.000786418,0.000836842,0.000497951,0.00825436,0.00124784,0.000571677,0.00697514,0.00180277
rs140792716,0.000330969,3.19503e-05,8.47045e-05,0.000253603,8.19824e-06,2.17154e-05,0.000159592,0.0156606,0.00468058,0.00336338,1.0,0.0033668,0.00043596,0.0212983,0.00339767,0.00336053,0.00336015,0.000436333,0.0015133,0.00161028,9.98019e-05,0.000317787,0.0179711,0.000343522,0.000193617,0.00138786,0.0182959,0.0178652,0.0183366,1.87297e-05,0.000162122,9.01748e-06,0.00733029,1.0864e-05,5.91692e-05,1.42386e-05,0.0183003,2.10744e-07,2.51255e-05,0.0183254,0.00152796,0.0183065,2.90938e-07,4.4794e-05,0.0183577,2.83862e-06,4.17193e-06,0.00097485,2.01611e-06,2.55235e-07,0.0183293,0.0176365,5.89673e-07,0.0176278,0.00216957,1.25173e-05,6.14972e-06,4.68595e-05,8.7981e-06,1.64906e-05,0.0177009,1.96087e-05,8.30114e-07,9.75591e-06,3.90551e-06,0.0176571,8.89844e-06,3.41307e-08,1.49143e-05,1.56878e-07,0.0176961,0.000560906,5.41657e-07,2.68513e-07,2.13596e-06,4.34003e-06,7.70759e-06,3.33967e-05,0.0177299,0.0177284,0.0177004,6.88401e-05,1.35346e-06,0.0177361,1.18578e-05,8.3236e-06,6.16019e-06,5.17551e-07,6.30135e-05,6.05784e-05,2.16138e-07,2.26737e-06,1.38555e-06,4.96517e-05,3.28437e-06,2.80718e-06,7.15906e-06,2.0033e-05,1.4021e-05,1.65052e-05,1.9829e-05,0.000117157,1.92152e-06,2.02207e-06,7.15683e-07,5.45559e-06,2.10157e-05,2.28115e-05,0.0175619,6.48399e-06,2.61863e-06,0.00057617,4.56418e-05,1.353e-06,0.0183215,0.0183427,3.11316e-05,0.000353376,0.000404994,0.000368607,1.18612e-05,0.00160576,0.00035176,0.00113185,1.00501e-05,0.000390395,0.00158613,0.000705982,0.000860842,0.0274678,0.000211889,0.00176902,0.000259504,0.00557969,0.0616203,0.000259514,0.000235115,0.00548724,0.00553974,2.32375e-05,0.000760762,0.0262171,0.000975359,0.00047344,6.53916e-06,0.00123755,7.83622e-07
rs323496,0.0015847,0.000103218,0.000454385,0.00258298,0.00268832,0.000136994,0.034097,0.00882897,0.0510618,0.981671,0.0033668,1.0,0.105713,0.210742,0.940987,0.967226,0.967908,0.00352918,0.398606,0.31766,0.0018899,0.000365032,0.00139431,0.00328883,0.00273261,0.0131117,0.00170538,0.00123434,0.00154935,5.85006e-06,0.00150569,0.000133551,0.00116458,0.000153196,1.8878e-05,6.30081e-05,0.00172616,2.20758e-06,7.24801e-06,0.00173305,0.0135346,0.00162143,5.4043e-05,9.33292e-05,0.00167318,5.21093e-06,2.136e-05,0.0086872,6.21752e-05,1.12292e-05,0.00176283,0.00175114,3.44639e-05,0.00176197,0.0519893,1.36736e-07,6.0083e-05,2.81924e-05,0.000182834,6.50093e-06,0.00175003,0.000281587,1.2328e-05,5.77045e-05,2.37452e-06,0.00174883,5.60838e-07,3.34087e-05,1.64748e-05,2.90771e-05,0.00174486,0.00467226,3.95633e-06,4.54981e-07,2.19151e-06,2.15391e-06,4.08879e-05,0.000132718,0.00175719,0.00176087,0.00175189,0.00025704,4.22341e-05,0.00176692,0.000146001,2.29892e-06,6.03362e-05,2.54652e-05,0.000274867,0.000293255,3.1314e-05,3.38569e-05,6.18413e-05,0.000780685,6.10594e-06,5.09303e-05,3.15688e-05,0.000139279,0.00019365,7.66734e-05,8.56724e-05,0.000368273,2.25798e-06,1.04395e-05,1.29487e-05,0.00011495,1.11405e-06,4.01614e-05,0.00173231,4.43379e-06,0.00256178,0.00560447,0.000389204,6.66203e-05,0.0016622,0.00170895,0.000801525,0.00424284,0.0029486,0.00356243,0.000112817,0.196016,0.00323747,0.0121095,0.000182838,0.00229784,0.195323,0.13399,0.00905561,0.0444533,0.00189578,7.40956e-09,0.00597462,0.00270261,0.00426022,0.000669583,0.000342906,0.00156197,0.00155078,0.000792129,0.000872738,0.000503746,0.0079465,0.00127702,0.000561102,0.00717368,0.00190003
rs144049207,0.000141618,9.69251e-07,6.19826e-06,0.00022738,0.000362032,6.74967e-05,0.000172331,0.00731765,0.0056827,0.105743,0.00043596,0.105713,1.0,0.0224423,0.100257,0.102421,0.102318,0.000398664,0.217765,0.153418,0.000164258,0.000449012,0.0182869,0.000408714,0.000246462,0.0015402,0.018748,0.018271,0.0187683,4.86483e-06,9.52058e-05,2.60437e-05,9.55611e-05,8.00654e-05,3.17377e-05,3.17348e-07,0.0187534,3.43038e-06,2.6513e-05,0.0186628,0.00156155,0.0186367,5.61666e-06,3.16787e-06,0.0186922,5.54226e-05,3.39409e-06,0.000998789,2.87891e-05,3.13857e-07,0.0187434,0.0187819,1.08842e-05,0.0186651,0.00208983,1.79535e-06,3.72351e-09,1.86251e-06,6.87785e-08,1.76743e-05,0.0188188,4.40815e-05,9.07451e-06,9.03249e-07,2.89461e-06,0.0188026,1.57975e-05,1.03271e-05,1.2219e-05,4.89162e-06,0.0187858,0.000657779,2.62367e-06,1.85745e-05,5.28008e-07,1.94868e-05,3.40279e-06,1.02514e-06,0.0188203,0.0188799,0.0188192,1.09551e-05,3.72135e-05,0.0188309,5.45531e-05,2.55993e-05,1.79954e-05,8.67154e-06,6.5292e-05,6.27683e-05,7.06467e-06,1.8352e-06,9.29153e-06,3.30725e-05,4.55828e-08,3.00304e-07,6.43616e-06,4.09976e-05,5.07122e-05,1.10549e-07,2.05885e-05,8.48347e-05,5.51793e-06,7.92829e-06,4.93382e-05,3.67351e-05,3.36729e-05,7.92037e-06,0.0187856,8.39887e-07,0.000276497,0.000716083,3.13549e-05,4.79041e-06,0.0183385,0.0187093,6.69772e-05,0.000465003,0.000297817,0.000568393,1.22167e-05,0.136926,0.00040338,0.00229584,1.73176e-06,0.000279199,0.135092,0.000524111,0.00124581,0.00710127,0.000315111,0.0031581,0.00109399,0.0204523,0.0019719,0.00201582,0.000394241,0.02083,0.020826,0.000113507,0.00273558,0.000571923,0.00397704,0.000323892,0.000141942,0.00292285,0.000262461
rs2271539,0.000855847,0.000500408,0.000187509,0.00878989,0.0350165,0.00090575,0.00818582,0.0304983,0.218223,0.206663,0.0212983,0.210742,0.0224423,1.0,0.212056,0.217109,0.216923,0.016658,0.0923799,0.0705115,0.00602686,0.0113092,0.449367,0.0234447,0.01089,0.0608276,0.437364,0.419134,0.435577,2.93614e-05,0.00924899,0.000646554,0.00184951,0.00193583,9.77914e-06,5.72857e-05,0.436801,7.45708e-06,5.75203e-06,0.434914,0.0900669,0.433019,9.99614e-06,0.000717464,0.434361,1.76829e-08,3.87085e-06,0.0114784,1.42356e-05,1.32359e-05,0.43727,0.43697,2.08225e-06,0.436099,0.218294,1.76745e-05,5.525e-05,3.77071e-05,0.001602,4.31924e-06,0.437035,0.000662034,2.5532e-06,1.54157e-05,2.9559e-05,0.437124,5.87123e-06,2.83497e-05,1.59307e-05,2.86641e-06,0.436538,0.0201724,4.4522e-06,2.73434e-05,3.02728e-06,8.05743e-06,4.57852e-05,0.00108906,0.436315,0.436411,0.437057,0.00221889,1.22123e-05,0.436289,0.000497706,3.15012e-06,1.44304e-05,5.05227e-05,0.000937332,0.000952862,1.80342e-05,1.39503e-05,1.11995e-05,0.00278812,4.63839e-05,2.27957e-05,2.23274e-06,0.000976532,0.0011195,2.77168e-05,6.62456e-05,0.00224873,1.71567e-05,8.5497e-09,1.80421e-05,0.000600807,3.45716e-08,5.23647e-06,0.436598,5.89283e-06,0.0152765,0.0229658,0.00147079,5.1e-06,0.434651,0.434944,0.00373302,0.0198682,0.0139794,0.0108848,0.000359205,0.0397722,0.00984638,0.0702953,0.000506853,0.0176669,0.0393817,0.0262532,0.0302978,0.314791,0.0082871,0.0358202,0.0280837,2.24956e-06,0.0620443,0.0342817,0.00578398,0.000287567,0.000277628,0.00267666,0.0149738,0.036922,0.00190417,0.00843863,0.00270719,0.0137165,0.00976025
Affx-13889739,0.00164816,9.70864e-05,0.000371186,0.00283743,0.0022337,0.000154815,0.0317328,0.00812155,0.0541032,0.925692,0.00339767,0.940987,0.100257,0.212056,1.0,0.967511,0.966899,0.00375733,0.422988,0.338911,0.00193271,0.000495051,0.00241828,0.00340937,5.04703e-05,0.0139758,0.00259295,0.00200537,0.00240579,1.01373e-05,0.00151339,0.000114126,0.00114408,0.000162008,1.57926e-05,5.15369e-05,0.00262008,1.05408e-05,1.23257e-05,0.00261964,0.0133226,0.00248177,4.22618e-05,9.72013e-05,0.00255701,1.7005e-06,1.52125e-05,0.00902402,5.05377e-05,6.68832e-06,0.00267144,0.00265815,2.56777e-05,0.00266924,0.0537024,5.75615e-08,3.89316e-05,4.36069e-05,0.000176819,2.7163e-06,0.00265116,0.000295877,2.80383e-05,5.69366e-05,9.82868e-06,0.00265527,5.49032e-06,3.71866e-05,1.24517e-05,2.79116e-05,0.00264015,0.00492406,8.48228e-06,1.18952e-07,2.35488e-06,2.01328e-06,5.4936e-05,0.000143633,0.00265542,0.00266472,0.00265304,0.000265658,4.13558e-05,0.00266038,0.000161482,7.59308e-07,3.53369e-05,3.08942e-05,0.000264874,0.000281464,3.18497e-05,1.86733e-05,4.99849e-05,2.9654e-06,2.62151e-06,4.08904e-05,2.31799e-05,0.00015713,0.000220981,6.40578e-05,3.82663e-05,0.000338494,2.73726e-06,6.46176e-06,1.32302e-05,0.000102167,1.22257e-07,2.33105e-05,0.00264233,6.68649e-06,0.00267892,0.00582458,0.000404562,6.07904e-05,0.00253921,0.00259102,0.000865227,0.00462352,0.00316669,0.00382349,0.000111795,0.213155,0.00345215,0.0134714,0.000178547,0.00237095,0.212583,0.126041,0.00900017,0.045177,0.00183877,0.00120032,0.00627963,0.00154039,0.00446838,0.00101341,0.000420128,0.000736828,0.000729398,0.000926827,0.000824244,0.000681294,0.0125203,0.00148444,0.000692169,0.00818102,0.00197763
rs8076790,0.0016653,0.000101733,0.000414054,0.0027052,0.00287544,0.000147832,0.0328731,0.0100054,0.052586,0.951701,0.00336053,0.967226,0.102421,0.217109,0.967511,1.0,0.997231,0.00368648,0.435729,0.35048,0.00190982,0.000507854,0.0025829,0.00334045,0.00280318,0.0136063,0.0030024,0.00235339,0.00278375,8.14193e-06,0.00154783,0.000125137,0.0011304,0.00016826,1.7812e-05,5.45528e-05,0.00301587,5.32466e-06,8.72239e-06,0.0030321,0.0140142,0.00286739,4.57412e-05,9.07336e-05,0.00294272,3.82976e-06,1.59559e-05,0.00879938,5.37021e-05,5.00879e-06,0.00308034,0.00305409,2.81494e-05,0.00307953,0.0537133,9.41858e-09,5.22035e-05,3.06538e-05,0.000169916,7.50507e-06,0.00306075,0.000291599,1.42028e-05,4.9445e-05,6.10171e-06,0.0030513,4.10354e-06,2.5169e-05,1.30323e-05,3.07269e-05,0.00304484,0.00476189,1.4576e-05,1.46497e-08,3.62047e-06,9.96876e-07,4.53278e-05,0.000131323,0.00306229,0.00306734,0.00305595,0.000245069,3.81617e-05,0.00306033,0.000155628,3.15682e-06,5.35035e-05,2.03604e-05,0.000251209,0.000267896,2.83665e-05,2.79132e-05,5.3294e-05,0.000804486,5.12611e-06,4.34894e-05,2.55448e-05,0.000150301,0.000228666,6.73516e-05,5.07338e-05,0.000356998,1.60626e-06,7.38974e-06,1.64073e-05,9.62332e-05,3.31088e-07,2.52743e-05,0.00304186,4.81901e-06,0.00255953,0.00573299,0.000391983,5.62993e-05,0.00292455,0.00299153,0.000824786,0.00442479,0.00306391,0.00372677,0.000121646,0.221699,0.00336866,0.0130676,0.000172926,0.00236573,0.221094,0.131165,0.00944938,0.0459035,0.00202129,0.000435193,0.00620761,0.00195186,0.0044166,0.000840764,0.000469332,0.00101806,0.00101196,0.000862861,0.000829373,0.000637043,0.0111453,0.00141603,0.000623593,0.00804312,0.00202153
Affx-13889750,0.00166769,8.91051e-05,0.000419038,0.00272899,0.00287791,0.000146763,0.0326605,0.00996594,0.052462,0.952239,0.00336015,0.967908,0.102318,0.216923,0.966899,0.997231,1.0,0.00366917,0.435839,0.350114,0.00189794,0.000486651,0.00251322,0.00338368,0.00280635,0.0136086,0.00292356,0.00229142,0.00271027,7.90834e-06,0.00154613,0.000120601,0.00112155,0.000166735,1.73669e-05,5.53755e-05,0.00294233,3.61596e-06,9.69694e-06,0.00295471,0.014059,0.00279385,4.64977e-05,8.97935e-05,0.00287004,3.22093e-06,1.48367e-05,0.00876438,5.45268e-05,8.8223e-06,0.00300201,0.00297627,2.8721e-05,0.00300076,0.0535675,1.90411e-08,5.29684e-05,3.92915e-05,0.000168465,8.5722e-06,0.0029828,0.000285909,8.8952e-06,5.02472e-05,6.46957e-06,0.0029734,3.93636e-06,2.59392e-05,1.33587e-05,3.13365e-05,0.00297235,0.00476471,1.4289e-05,3.10663e-08,1.82515e-06,1.09263e-06,4.60218e-05,0.000129971,0.00298359,0.00298901,0.00297718,0.000242609,3.7711e-05,0.00298275,0.000154659,3.78115e-06,5.29543e-05,2.08486e-05,0.000253445,0.000270226,2.61303e-05,2.84975e-05,5.4127e-05,0.000820112,4.1994e-06,4.42114e-05,2.609e-05,0.000149218,0.000227289,6.82266e-05,5.00283e-05,0.000372443,3.01475e-06,7.6714e-06,1.6044e-05,9.53592e-05,5.17993e-07,2.85076e-05,0.0029647,5.0792e-06,0.00257428,0.00568885,0.000389781,6.0701e-05,0.00285821,0.00291752,0.000832125,0.0044489,0.00302769,0.00372502,0.000120757,0.22075,0.00338545,0.0129763,0.000171955,0.00238241,0.220142,0.1314,0.00938553,0.0460524,0.00200885,0.000414992,0.00617676,0.00192632,0.0044606,0.000823339,0.000449782,0.000996537,0.00099326,0.00089516,0.000865935,0.00061892,0.0111335,0.00142093,0.000624764,0.00805858,0.0020132
Affx-64150088,1.31931e-06,1.97683e-06,1.6555e-05,0.000346136,0.000930171,4.49345e-05,0.000214962,0.00526537,0.00449672,0.0034461,0.000436333,0.00352918,0.000398664,0.016658,0.00375733,0.00368648,0.00366917,1.0,0.00169921,0.00173454,0.000277241,0.366583,0.000790669,0.000435715,0.000387253,0.00160747,0.000727917,0.000822391,0.000736609,5.9831e-06,0.000223658,6.13747e-06,0.000274392,6.16772e-05,2.41351e-06,1.4043e-06,0.000744883,0.000266082,1.00846e-05,0.000734846,0.000908743,0.000756763,3.94754e-06,4.90474e-05,0.000753188,2.106e-06,1.96161e-06,0.000901333,8.55907e-06,8.33386e-07,0.000746782,0.000725916,9.74267e-08,0.000732706,0.00393984,9.67991e-06,5.35956e-08,8.71335e-07,3.89806e-05,5.15004e-06,0.000724389,2.1542e-05,4.78524e-08,3.79219e-07,1.79424e-06,0.000737677,7.23487e-08,4.5753e-06,3.6223e-05,3.32302e-06,0.00073034,0.000674606,9.8798e-07,1.09419e-06,7.203e-05,3.95581e-06,8.39519e-09,5.81793e-05,0.000732141,0.000726272,0.000725735,3.27383e-06,2.50699e-06,0.000733285,3.20917e-05,2.41837e-05,4.25626e-09,7.13883e-07,6.65223e-06,5.48497e-06,1.42728e-06,1.04262e-06,7.06581e-06,0.000186245,3.48958e-06,8.24274e-06,4.67336e-06,4.33431e-05,7.94449e-05,3.92546e-07,0.00463135,4.03091e-05,0.000113318,8.60744e-06,4.85306e-07,7.57623e-06,4.88821e-07,8.59046e-06,0.000717045,2.21952e-05,8.41213e-06,0.000503752,2.15899e-05,5.83356e-09,0.000704915,0.000720928,6.48291e-05,0.000594926,0.000491925,0.000131795,3.20637e-05,0.00771514,0.000362357,0.0602593,1.23861e-05,0.000151647,0.00781226,0.000496197,0.000991798,0.00708709,0.000244735,0.00438537,0.00100279,7.79671e-06,0.00166131,0.00095774,0.203954,0.00020566,0.000205636,8.00826e-05,0.00361672,0.00183206,0.0115249,7.85255e-05,0.000301758,0.00348754,0.25376
rs429464,0.000836229,1.10979e-05,0.00115552,0.000601875,1.96703e-05,0.000140406,0.0447753,0.00299505,0.0255846,0.400105,0.0015133,0.398606,0.217765,0.0923799,0.422988,0.435729,0.435839,0.00169921,1.0,0.823715,0.000883485,7.67016e-05,0.0820757,0.00173937,0.00119273,0.006282,0.0836924,0.0797707,0.0821097,6.59431e-06,0.000729905,7.55161e-05,0.000585103,0.000121487,2.01563e-06,8.38287e-05,0.0838161,3.48139e-05,3.0056e-06,0.083656,0.00532889,0.0831307,8.92136e-05,4.31317e-05,0.0834585,3.94409e-05,1.2885e-05,0.00375679,0.000135457,4.72318e-05,0.0840545,0.0838757,3.84668e-05,0.0840664,0.0234333,3.14638e-06,0.000119011,3.59077e-06,4.61112e-05,1.03831e-05,0.0840609,0.000162313,1.1993e-05,9.94683e-05,2.0106e-05,0.0840469,3.52382e-05,4.15471e-05,3.63559e-05,6.53379e-05,0.0840485,0.00240683,6.09653e-07,7.93081e-07,5.64002e-06,1.50474e-05,7.16036e-05,0.000109684,0.0841483,0.0841355,0.0839292,0.000147004,2.9944e-05,0.0839628,9.07236e-05,2.09642e-06,5.06059e-06,8.73941e-06,0.00013693,0.000127672,5.01394e-05,9.53831e-05,0.000120947,0.000281566,1.23742e-05,8.35381e-05,7.81381e-05,9.55968e-05,0.000175405,0.000117793,1.31301e-05,0.000145863,2.26389e-06,5.58829e-05,4.12269e-05,1.25721e-05,5.22273e-08,3.1207e-05,0.0839775,1.00835e-05,0.0012909,0.00259769,0.000189541,8.85839e-05,0.0831271,0.0836267,0.000411352,0.0018473,0.00139967,0.00168787,5.73094e-05,0.515194,0.00159598,0.00422146,6.40723e-05,0.0011876,0.513506,0.00188628,0.00435563,0.018806,0.00100387,0.0151176,0.00319812,9.48805e-06,0.00261988,0.00249033,3.2074e-06,0.000103847,0.000104457,0.000503782,0.00268745,0.00236503,0.00382516,0.00117991,0.00024446,1.39068e-05,0.00116324
rs382571,0.000920699,2.99099e-05,0.00170871,0.000304563,0.000278969,0.000165246,0.0399578,0.000755379,0.0276734,0.319198,0.00161028,0.31766,0.153418,0.0705115,0.338911,0.35048,0.350114,0.00173454,0.823715,1.0,0.000898063,3.50038e-05,0.101989,0.00188763,0.00120587,0.00700239,0.103823,0.100824,0.103777,1.89513e-07,0.000754194,9.2471e-05,0.000718997,0.000123087,5.57613e-07,7.38959e-05,0.103959,3.12209e-05,1.03814e-09,0.103832,0.00597355,0.103109,6.02535e-05,3.69395e-05,0.103482,1.55565e-05,1.07204e-05,0.003967,9.89225e-05,2.29334e-05,0.104255,0.103986,6.97513e-05,0.104368,0.0310007,3.93412e-07,0.000107884,4.26446e-06,5.7115e-05,4.32832e-06,0.10428,0.000106164,7.66559e-07,6.59857e-05,1.05102e-05,0.10421,6.33161e-06,4.11867e-05,5.01988e-05,4.1442e-05,0.104294,0.00222766,1.77428e-05,4.2855e-06,5.32913e-06,2.17194e-05,6.54925e-05,0.000157723,0.104239,0.104185,0.104016,0.000131975,2.90419e-06,0.104099,7.39526e-05,8.14084e-08,5.01365e-06,2.0864e-05,0.000187129,0.000176301,2.07486e-05,8.38863e-05,8.67572e-05,0.000298882,1.93015e-05,5.72315e-05,5.17136e-05,0.000117583,0.000141948,0.00010537,2.42649e-05,0.00022346,8.84455e-06,3.53777e-05,4.14706e-05,1.69785e-07,2.04463e-06,2.45875e-05,0.10408,6.96831e-07,0.00139623,0.00271984,0.000116331,5.72979e-05,0.103123,0.103746,0.000429381,0.00203809,0.00158306,0.00166149,3.34616e-05,0.622569,0.00182472,0.00499069,6.43251e-05,0.0012264,0.621097,0.00210515,0.00476036,0.0216101,0.00107989,0.0287839,0.00353871,2.78234e-07,0.00309968,0.000787735,2.84105e-06,3.88409e-05,4.09275e-05,0.000536417,0.0086286,0.00438103,0.00967816,0.00130146,0.000335551,0.000392078,0.00120859
rs141333671,3.06715e-05,2.80379e-05,8.46785e-05,5.68877e-08,0.00213318,3.46317e-06,1.0089e-05,0.000721084,0.000104656,0.00182857,9.98019e-05,0.0018899,0.000164258,0.00602686,0.00193271,0.00190982,0.00189794,0.000277241,0.000883485,0.000898063,1.0,0.000470789,0.0194308,0.000313173,0.000156142,0.00114302,0.0198579,0.0194186,0.0199431,2.84874e-05,0.000168713,0.0509351,6.67345e-05,9.60892e-09,1.53834e-05,4.38586e-06,0.0197876,4.26975e-06,9.37829e-07,0.019684,0.00118861,0.0196776,3.51392e-05,4.52545e-07,0.0196502,7.57726e-07,2.17178e-05,0.000520367,1.93728e-05,2.25833e-05,0.0195011,0.0198468,1.42109e-05,0.0196444,0.00470857,6.80306e-07,2.93598e-05,2.69023e-07,4.28984e-05,8.33213e-06,0.019899,5.78899e-06,1.34497e-05,4.25703e-05,1.99877e-05,0.0199143,1.10894e-05,1.32873e-05,3.32011e-06,3.32348e-05,0.0195952,0.000272172,2.26331e-05,5.49913e-06,3.92196e-05,6.59268e-06,1.5537e-07,2.32513e-05,0.0198799,0.0198795,0.0198885,2.11861e-05,3.37456e-06,0.0195342,1.30521e-05,1.09685e-05,8.86335e-06,1.78842e-05,5.10782e-06,4.27138e-06,2.19923e-05,3.85723e-06,4.38871e-05,7.31699e-05,3.41518e-08,2.17335e-05,3.73224e-05,4.72898e-06,4.91074e-05,7.04639e-08,2.31971e-08,2.11916e-05,3.4852e-05,4.79412e-05,3.2739e-05,3.69408e-06,1.09491e-07,3.1719e-05,0.0199206,4.64199e-06,0.000170873,0.000329388,4.81266e-06,3.4936e-06,0.0198684,0.0198492,3.84301e-05,0.000435273,0.000157426,0.000231983,1.33585e-05,0.00106273,0.000209956,0.0015772,1.13283e-05,0.000280917,0.00102122,0.00043848,0.000704077,0.0279047,0.000233307,0.00386036,0.000685383,0.00604933,0.0255329,0.00141955,0.000265638,5.56826e-05,4.79306e-05,0.000107123,0.00178004,0.0169563,7.67124e-07,0.000441966,0.000428832,0.00040803,0.00964289
rs117852003,4.43259e-05,1.21974e-05,4.03041e-05,0.000423643,0.000575636,6.41109e-05,0.000218205,0.00268871,0.00555101,0.000337047,0.000317787,0.000365032,0.000449012,0.0113092,0.000495051,0.000507854,0.000486651,0.366583,7.67016e-05,3.50038e-05,0.000470789,1.0,0.0158295,0.000458199,0.000520885,0.00208453,0.0155418,0.0159385,0.0154157,2.70149e-09,0.000250006,2.26118e-05,0.000380728,9.13558e-05,1.59465e-05,6.02699e-06,0.0145199,9.15171e-05,6.79271e-05,0.0155011,0.00222077,0.0156672,3.15689e-06,4.74982e-05,0.014542,3.48937e-05,5.34886e-06,0.00117639,8.24773e-07,6.37721e-06,0.0155161,0.0154916,2.37598e-08,0.0154515,0.00636755,1.01327e-05,2.40901e-09,7.17907e-06,3.14686e-05,5.34394e-08,0.0154786,1.59229e-05,8.4773e-06,2.52835e-07,7.23714e-06,0.0154919,4.07973e-07,8.27147e-07,7.12675e-06,6.77871e-08,0.0152704,0.000788836,3.47711e-06,2.00031e-05,1.32329e-06,5.7574e-05,5.58569e-06,8.67339e-05,0.0155319,0.0154853,0.0155025,4.65612e-05,8.7624e-06,0.0154676,2.72789e-05,1.51235e-06,3.05269e-06,4.00003e-05,3.57077e-05,3.30014e-05,8.69691e-06,6.7254e-07,1.30978e-06,0.000155532,5.47829e-05,4.31989e-07,6.83509e-09,6.24303e-05,7.57279e-05,2.03286e-06,3.46093e-06,2.74647e-05,3.08581e-06,7.12415e-06,8.33302e-06,1.68903e-06,5.68869e-06,7.4725e-06,0.0154641,2.53793e-09,0.000347872,0.00084224,2.35378e-10,2.466e-07,0.0155407,0.0155538,7.05432e-05,0.000685618,0.000445237,0.000462103,4.73146e-05,0.00244047,0.000427673,0.112934,2.43122e-05,0.000241109,0.00245791,0.000680217,0.00154353,0.0104755,0.000362634,0.00209134,0.00122502,0.00891208,0.00112712,1.90933e-07,0.365748,0.00879228,0.00880653,0.000152665,0.000137444,0.00105668,0.0129867,0.000564185,0.000553722,0.000834676,0.212936
rs9911630,0.000690024,0.000684478,0.000958072,0.00642431,0.0548335,0.00102274,0.00415575,0.058384,0.109091,0.00156862,0.0179711,0.00139431,0.0182869,0.449367,0.00241828,0.0025829,0.00251322,0.000790669,0.0820757,0.101989,0.0194308,0.0158295,1.0,0.0324765,0.00754435,0.0520039,0.977773,0.948891,0.976117,8.48988e-06,0.0133518,0.000902204,0.00366848,0.00230459,3.89604e-05,2.53605e-05,0.975394,2.98165e-05,3.71704e-07,0.972339,0.157094,0.96968,1.87313e-05,0.000526039,0.971218,1.79661e-05,1.14799e-07,0.0353343,3.49118e-05,2.94934e-06,0.975826,0.975117,8.53959e-06,0.974918,0.203377,5.60076e-06,4.29161e-05,3.96439e-06,0.00208039,9.86168e-08,0.97549,0.000475462,1.33493e-06,1.25568e-05,4.15814e-05,0.975396,2.8842e-08,3.07314e-05,1.93141e-05,8.68528e-06,0.974718,0.0160119,1.72568e-05,9.76325e-05,2.59317e-05,6.31703e-05,1.3543e-05,0.0010652,0.974226,0.974956,0.97533,0.00334204,5.61311e-05,0.97493,0.0010561,8.95962e-06,8.00995e-06,3.08746e-05,0.000714872,0.00069489,2.02385e-05,2.18549e-05,3.19015e-05,0.00208402,4.04038e-05,1.09709e-05,1.27672e-05,0.00118005,0.00148543,3.47531e-05,0.000162159,0.0032501,4.12287e-05,9.51959e-06,0.000312333,0.000398746,1.98846e-06,3.52697e-05,0.975422,2.18059e-05,0.0255879,0.0232597,0.000986935,3.95354e-06,0.971988,0.971951,0.00274409,0.0167218,0.0115553,0.0118598,0.000276557,0.154266,0.0080917,0.0748733,0.000312406,0.024094,0.151194,0.0187052,0.0857194,0.589996,0.00764046,0.130406,0.0289813,0.00485743,0.117196,0.0299457,0.0111804,0.00224094,0.00226378,0.00443303,0.0672395,0.0497103,0.00329366,0.00830572,0.00490662,0.00524435,0.00393997
rs78416118,0.000271947,2.1126e-05,5.49516e-05,0.00072665,9.93783e-05,7.20933e-08,0.000243475,0.00202696,0.0051189,0.00335052,0.000343522,0.00328883,0.000408714,0.0234447,0.00340937,0.00334045,0.00338368,0.000435715,0.00173937,0.00188763,0.000313173,0.000458199,0.0324765,1.0,0.000216451,0.00134618,0.0329495,0.0322435,0.0330362,3.09277e-05,0.000164969,2.73969e-06,9.20326e-05,9.45701e-09,2.02587e-05,1.6651e-06,0.0328068,3.65165e-06,4.36934e-08,0.0328507,0.00202195,0.0327082,1.54071e-07,5.38946e-05,0.0327475,0.000135887,2.91336e-07,0.00149193,2.27846e-06,2.68765e-05,0.0329016,0.0329351,1.5662e-05,0.0331804,0.00637012,2.30577e-05,2.01595e-06,1.85897e-06,4.27398e-05,1.74472e-07,0.0329727,4.93444e-05,8.60602e-06,3.20765e-06,7.29179e-07,0.0329993,2.42003e-05,2.57902e-08,,5.67497e-06,0.0329486,0.000336522,2.17572e-06,7.98937e-08,2.38118e-10,8.02061e-06,6.1432e-06,4.58473e-05,0.0329623,0.0330196,0.0329836,1.1564e-05,6.61626e-06,0.032855,5.41974e-06,4.51228e-08,1.48288e-05,1.20351e-05,2.4394e-06,1.64764e-06,1.63188e-06,2.90476e-07,4.31744e-08,4.99003e-05,1.07777e-07,4.9696e-07,5.56961e-08,2.87454e-06,0.0469431,9.40423e-07,2.35035e-05,9.09201e-05,1.66847e-07,2.06849e-06,1.08154e-05,6.72516e-05,4.88071e-05,1.6616e-06,0.0329904,2.32328e-05,0.000357187,0.00089973,8.00246e-05,4.29743e-06,0.0327534,0.0328344,6.5912e-05,0.000389984,0.000360037,0.000408329,2.6044e-06,0.00182176,0.000566129,0.00255951,3.34738e-05,0.000457068,0.00182722,0.000701834,0.00123278,0.0371579,0.000303377,0.0435891,0.00105223,0.00742254,0.00234843,0.0021704,0.00051259,0.00743792,0.00733012,0.000253711,0.0259188,0.00179336,0.031886,0.000250011,0.000426812,0.000628332,0.000148274
rs139894156,0.000172215,2.52034e-05,0.000107005,0.000313384,0.00104547,3.47065e-05,0.000283505,0.0159587,0.00511904,0.00268757,0.000193617,0.00273261,0.000246462,0.01089,5.04703e-05,0.00280318,0.00280635,0.000387253,0.00119273,0.00120587,0.000156142,0.000520885,0.00754435,0.000216451,1.0,0.00139125,0.00817313,0.00844408,0.0080876,2.49687e-06,0.000116989,2.07744e-05,0.000103578,2.82014e-05,1.6259e-05,1.7517e-05,0.00817229,1.11566e-05,2.11986e-05,0.00819822,0.00142475,0.00819525,7.92252e-06,3.82456e-05,0.0081254,9.26628e-06,1.30231e-06,0.000890894,4.65224e-06,4.13797e-06,0.0081101,0.00808743,3.20286e-07,0.00808655,0.00653017,3.20712e-05,2.1801e-06,4.177e-05,4.49811e-06,1.35997e-05,0.00811876,3.89362e-05,1.49482e-08,7.63242e-08,2.29221e-06,0.00813435,1.77136e-06,1.34056e-05,5.11066e-05,8.5488e-06,0.00812668,0.000510372,5.8652e-06,2.98636e-06,8.56919e-07,1.51447e-05,1.45656e-06,1.31153e-05,0.00805733,0.00813292,0.0081542,8.72084e-06,4.14047e-07,0.00809679,4.81236e-05,5.75132e-06,1.39468e-05,5.22642e-06,1.83726e-05,1.67213e-05,4.04334e-06,4.43971e-06,5.4575e-06,0.259049,1.35412e-05,3.93275e-06,7.32324e-06,3.32098e-05,2.2859e-05,3.24433e-06,6.90154e-08,2.57653e-07,2.3291e-05,8.04692e-15,5.47121e-06,1.30067e-07,4.80713e-05,1.87558e-05,0.00810358,3.18125e-05,0.00020043,0.000687833,1.03221e-05,5.05431e-06,0.00808074,0.0080784,3.18571e-05,0.000570379,0.000225051,0.000465198,1.39933e-06,0.00154541,0.000548799,0.00208915,2.20047e-05,0.00016588,0.00155805,0.000628079,0.000856845,0.00451168,0.000147701,0.0623358,0.000857423,0.00711865,0.000349285,0.00190984,0.000525145,0.00726263,0.00731639,6.44035e-05,0.00249305,1.99093e-05,0.0176033,0.000744279,0.00035828,0.0029399,0.000249717
rs116889906,0.000176574,6.52821e-05,0.000180628,0.000840512,0.00138154,0.000168688,0.00082578,0.0198489,0.239554,0.0129088,0.00138786,0.0131117,0.0015402,0.0608276,0.0139758,0.0136063,0.0136086,0.00160747,0.006282,0.00700239,0.00114302,0.00208453,0.0520039,0.00134618,0.00139125,1.0,0.0509503,0.052614,0.0507172,3.32965e-06,0.000661307,6.32136e-05,0.000919086,0.000163865,7.09641e-06,1.70407e-06,0.0508995,1.03436e-05,3.70191e-05,0.0510148,0.00817715,0.0508194,7.77397e-09,0.000143028,0.0508554,6.18715e-07,9.81156e-06,0.00545728,6.50458e-07,8.66722e-07,0.050734,0.0507212,2.97512e-07,0.0504598,0.234442,1.95502e-06,3.02134e-07,6.34233e-07,0.000116678,5.92908e-06,0.0506854,1.11072e-05,1.50248e-09,1.38406e-06,2.40159e-05,0.0506464,7.46864e-06,1.46536e-06,1.61255e-05,2.9353e-06,0.0506446,0.0019031,1.48358e-05,4.56343e-05,6.82284e-06,3.8474e-08,5.54793e-06,0.000103547,0.0506516,0.0505584,0.0507141,0.000146673,4.48743e-08,0.0504359,7.79793e-05,8.05697e-06,2.5982e-05,3.12566e-05,0.00012821,0.000118848,6.16088e-07,1.65289e-05,1.77546e-06,0.000418875,5.95379e-06,1.14376e-05,1.47955e-07,0.000100152,6.17889e-05,8.24026e-06,2.17762e-05,0.000293998,1.43291e-05,6.61465e-07,7.6229e-05,0.000167427,2.1287e-05,2.40353e-05,0.0506149,2.89949e-11,0.00163891,0.00357175,6.97768e-05,1.25229e-05,0.0504498,0.0506966,0.000539761,0.336674,0.00162535,0.00172231,1.63484e-05,0.00803511,0.00139178,0.010404,6.88756e-05,0.00122251,0.00801314,0.00290725,0.00515538,0.0332546,0.000797384,0.00887525,0.00465802,0.00636822,0.00792158,0.00492754,0.00175163,0.00633348,0.00627275,0.000833441,0.00633594,0.00412825,0.00118672,0.00241558,0.000729076,0.0145119,0.000220941
rs7223952,0.000720548,0.000416709,0.000991345,0.00632398,0.0513238,0.00106654,0.00426029,0.0586227,0.115311,0.00190068,0.0182959,0.00170538,0.018748,0.437364,0.00259295,0.0030024,0.00292356,0.000727917,0.0836924,0.103823,0.0198579,0.0155418,0.977773,0.0329495,0.00817313,0.0509503,1.0,0.970693,0.997786,6.06967e-06,0.0137755,0.000938128,0.00348929,0.00242418,4.0419e-05,3.05871e-05,0.997172,2.68561e-05,1.24529e-08,0.994115,0.160439,0.991279,2.35893e-05,0.000490428,0.99286,1.90578e-05,5.10489e-08,0.0343361,4.11219e-05,5.70616e-06,0.997553,0.996759,1.18281e-05,0.996692,0.213308,3.80801e-06,4.93856e-05,2.29083e-06,0.00212141,2.26445e-07,0.997177,0.000458354,6.36583e-07,1.64003e-05,4.24198e-05,0.997088,1.60173e-08,3.47005e-05,2.32622e-05,1.20811e-05,0.996407,0.0157707,1.97385e-05,9.94185e-05,3.06957e-05,6.14293e-05,1.7106e-05,0.00105081,0.995931,0.99661,0.997025,0.00347409,5.30363e-05,0.996665,0.00106206,8.6728e-06,2.16109e-06,3.03064e-05,0.000659354,0.00064021,1.46841e-05,2.11916e-05,3.79361e-05,0.00208761,4.66022e-05,1.44398e-05,1.67713e-05,0.00122721,0.00150804,4.07496e-05,0.000154927,0.00334716,4.12089e-05,1.28251e-05,0.000297105,0.00039914,4.40018e-06,2.99468e-05,0.997196,2.00676e-05,0.0262647,0.0226186,0.000945709,6.61017e-06,0.993807,0.993673,0.00272047,0.0164563,0.0114276,0.0114801,0.000261318,0.157404,0.0119806,0.0734345,0.000296727,0.0245634,0.154272,0.0184091,0.0874434,0.604425,0.00746717,0.131739,0.0282362,0.00385737,0.118793,0.0288717,0.010829,0.00157917,0.00160137,0.00429106,0.0688103,0.0508359,0.0038194,0.0106069,0.00468238,0.00548393,0.00374933
rs12516,0.000638757,0.000444419,0.000895585,0.00670043,0.0484913,0.00101728,0.0040762,0.0529852,0.119799,0.0013904,0.0178652,0.00123434,0.018271,0.419134,0.00200537,0.00235339,0.00229142,0.000822391,0.0797707,0.100824,0.0194186,0.0159385,0.948891,0.0322435,0.00844408,0.052614,0.970693,1.0,0.97255,5.70385e-06,0.013508,0.000897674,0.00356049,0.00233406,3.2194e-05,3.73088e-05,0.968958,2.77166e-05,7.39517e-08,0.965814,0.155842,0.963078,3.42638e-05,0.000497435,0.964668,1.73429e-05,2.52583e-07,0.0168431,5.66241e-05,8.62729e-06,0.969069,0.968539,2.00203e-05,0.968182,0.21947,9.49798e-06,5.01895e-05,1.40997e-07,0.00207105,9.91383e-07,0.968753,0.000453647,8.32884e-07,2.08873e-05,4.11427e-05,0.968768,5.91491e-08,3.84287e-05,1.76838e-05,1.985e-05,0.96754,0.0160437,2.40443e-05,9.59079e-05,3.95844e-05,5.16365e-05,2.34574e-05,0.00107309,0.967675,0.968296,0.968671,0.00332722,5.35088e-05,0.968315,0.00105115,5.5777e-06,1.13014e-07,2.99969e-05,0.000699436,0.000679158,2.49707e-05,2.11529e-05,4.46342e-05,0.00215571,4.75366e-05,1.92227e-05,2.61712e-05,0.00117588,0.00147877,4.10401e-05,0.000159929,0.00331421,4.59927e-05,1.71385e-05,0.000315256,0.000402477,4.88206e-06,2.39016e-05,0.968342,1.71244e-05,0.0255145,0.0069464,0.000958878,1.11047e-05,0.965461,0.965379,0.00277951,0.0170422,0.0114973,0.0118916,0.000245279,0.151724,0.0123459,0.0751572,0.00031539,0.0239313,0.148715,0.0186148,0.0851984,0.587815,0.00769331,0.127817,0.0130683,0.00510573,0.115244,0.0308527,0.0111048,0.00240595,0.00243185,0.00440094,0.0660319,0.0486,0.00321854,0.0109411,0.00487226,0.00320136,0.00389337
rs8176318,0.000704527,0.000409076,0.000984018,0.00625259,0.0504614,0.00105256,0.0042174,0.058116,0.114746,0.00172378,0.0183366,0.00154935,0.0187683,0.435577,0.00240579,0.00278375,0.00271027,0.000736609,0.0821097,0.103777,0.0199431,0.0154157,0.976117,0.0330362,0.0080876,0.0507172,0.997786,0.97255,1.0,5.31982e-06,0.0137926,0.00095171,0.00346856,0.00235263,2.53467e-05,1.30501e-05,0.995955,2.98175e-05,3.89048e-07,0.992778,0.160929,0.990028,1.39705e-05,0.000494746,0.991642,1.6314e-05,3.51318e-10,0.0341061,2.74339e-05,4.94308e-06,0.996215,0.995596,5.20786e-06,0.995378,0.21232,6.03159e-06,3.32295e-05,4.25302e-06,0.00208286,1.01975e-07,0.995841,0.000452836,8.30531e-07,8.27733e-06,4.58078e-05,0.995868,2.56228e-07,2.72038e-05,2.4748e-05,5.54599e-06,0.994655,0.0156659,1.85486e-05,9.22007e-05,3.25017e-05,6.41951e-05,7.78782e-06,0.00103801,0.994706,0.995416,0.995804,0.00356096,5.54698e-05,0.995469,0.00107739,9.75204e-06,1.72443e-07,3.23065e-05,0.000673793,0.000654898,6.69909e-06,1.15406e-05,2.50485e-05,0.00205422,4.89074e-05,6.58077e-06,8.71759e-06,0.0012126,0.00152965,2.65931e-05,0.000156862,0.00334775,4.36925e-05,5.61571e-06,0.000292112,0.000392704,3.74346e-06,3.0031e-05,0.99544,2.42161e-05,0.0263151,0.0225237,0.000932206,2.5202e-06,0.992552,0.99245,0.00268263,0.0163934,0.0113438,0.0114444,0.000256301,0.155352,0.0118628,0.072921,0.000291599,0.0248316,0.152235,0.018344,0.0874949,0.605735,0.00743264,0.131769,0.0282254,0.00381126,0.119126,0.0294789,0.0107309,0.00153409,0.00155814,0.00424943,0.0687635,0.0508918,0.00392637,0.0105479,0.0046358,0.00567374,0.00370587
rs80359883,9.0126e-06,2.43663e-06,7.70513e-05,1.6653e-06,1.43078e-05,2.01267e-06,8.75439e-06,1.40203e-05,2.61554e-05,5.44506e-06,1.87297e-05,5.85006e-06,4.86483e-06,2.93614e-05,1.01373e-05,8.14193e-06,7.90834e-06,5.9831e-06,6.59431e-06,1.89513e-07,2.84874e-05,2.70149e-09,8.48988e-06,3.09277e-05,2.49687e-06,3.32965e-06,6.06967e-06,5.70385e-06,5.31982e-06,1.0,1.6382e-06,0.000103507,3.77316e-07,3.26894e-06,2.07765e-06,1.43708e-06,6.03855e-06,3.76828e-06,,1.58565e-06,3.08335e-06,6.52025e-06,1.65676e-06,2.20335e-06,6.36344e-06,1.74838e-06,2.1401e-06,5.35114e-10,1.47943e-06,1.43575e-06,5.72123e-06,5.92741e-06,1.60912e-06,5.3782e-06,6.45291e-06,1.1266e-06,1.30355e-06,1.45758e-06,3.18521e-06,,5.69023e-06,1.36704e-06,3.61633e-06,1.54432e-06,3.12568e-06,5.66438e-06,1.2075e-06,1.59251e-06,1.07961e-06,1.68922e-06,5.69337e-06,2.82572e-08,1.068e-06,9.63904e-08,1.17546e-06,2.08966e-07,0.000131917,3.0954e-06,5.86907e-06,5.5968e-06,5.87879e-06,5.61574e-06,1.13674e-06,5.45586e-06,1.64291e-06,,1.27165e-06,3.86296e-07,0.000234709,0.000239674,1.4337e-06,1.46456e-06,1.52821e-06,1.72885e-06,,1.43161e-06,1.62769e-06,2.02752e-06,2.30236e-06,1.38454e-06,7.40737e-05,8.0683e-06,1.65927e-06,1.48118e-06,1.49734e-06,1.85228e-06,1.37022e-06,1.48246e-06,5.67327e-06,1.96985e-06,7.00727e-07,9.09129e-06,3.74001e-06,2.07981e-06,6.0123e-06,6.08851e-06,1.00887e-05,4.26302e-07,5.0921e-06,8.08501e-06,1.59274e-06,9.25409e-08,5.63981e-06,5.17621e-06,1.59475e-06,7.15125e-05,6.48395e-08,1.43585e-05,3.40649e-06,1.25372e-05,8.54423e-06,7.8144e-06,8.61089e-07,4.3204e-05,1.87041e-05,1.40753e-05,5.74196e-06,1.51398e-05,1.4005e-05,1.99895e-06,1.3704e-06,7.26323e-05,2.31934e-05,1.12708e-05,1.08538e-06,1.25603e-08,6.06735e-07
rs80358092,5.9033e-05,1.3999e-05,9.41135e-05,8.06519e-05,0.000252068,9.29004e-06,6.87208e-05,4.98052e-05,0.00206884,0.00148198,0.000162122,0.00150569,9.52058e-05,0.00924899,0.00151339,0.00154783,0.00154613,0.000223658,0.000729905,0.000754194,0.000168713,0.000250006,0.0133518,0.000164969,0.000116989,0.000661307,0.0137755,0.013508,0.0137926,1.6382e-06,1.0,3.60676e-06,7.43543e-05,2.47526e-05,2.17799e-07,2.46434e-06,0.0138515,1.42639e-09,3.72672e-06,0.0137446,0.000718622,0.0136038,4.36003e-07,1.082e-05,0.0137452,5.18075e-06,9.67109e-06,0.000366394,1.62213e-06,1.94765e-05,0.0138612,0.0137505,6.66404e-07,0.0138567,0.00299644,4.45503e-07,3.81957e-06,2.75014e-06,1.74557e-06,4.39593e-06,0.0137614,1.93951e-06,1.0216e-05,1.11575e-06,1.5233e-05,0.0137377,1.77267e-05,1.49615e-06,1.58746e-05,3.20914e-07,0.0138149,0.000276433,1.1054e-07,6.46092e-09,6.61403e-07,2.44448e-05,1.03811e-06,7.77952e-06,0.013808,0.0138929,0.0137829,2.22308e-05,4.06445e-07,0.0137622,4.85021e-06,1.22779e-06,1.89192e-05,1.67769e-05,2.46196e-09,4.14428e-06,2.07102e-06,1.86293e-05,1.22643e-06,1.48814e-07,4.3419e-06,2.09985e-06,5.96975e-07,3.03736e-05,1.34682e-06,2.66932e-06,8.36353e-06,5.16729e-05,4.52635e-07,1.61576e-06,1.62351e-05,7.28635e-06,2.30121e-06,1.81093e-05,0.0138233,6.30543e-08,0.000144908,0.000284129,9.22852e-08,2.72277e-07,0.0135625,0.0136649,6.49962e-10,0.000241604,0.000165173,0.00018598,3.95715e-07,0.000869502,7.81537e-05,0.00107248,4.06808e-06,0.000129653,0.0009136,0.000270238,0.000517903,0.0198371,4.47144e-05,9.76644e-05,0.000393915,0.00713338,0.000341355,0.00102329,0.000243917,0.00706569,0.0070732,5.16536e-05,4.71033e-05,0.000369381,0.000343199,0.000253792,0.000107108,0.000948183,0.000151622
rs80357012,1.33319e-05,2.83553e-06,7.3754e-06,1.40436e-05,2.65926e-05,2.40618e-06,1.20233e-05,0.000863807,0.000198918,0.000131922,9.01748e-06,0.000133551,2.60437e-05,0.000646554,0.000114126,0.000125137,0.000120601,6.13747e-06,7.55161e-05,9.2471e-05,0.0509351,2.26118e-05,0.000902204,2.73969e-06,2.07744e-05,6.32136e-05,0.000938128,0.000897674,0.00095171,0.000103507,3.60676e-06,1.0,1.93975e-05,3.79462e-06,2.36358e-06,1.65189e-06,0.0009383,4.3312e-06,1.79431e-06,0.000938359,1.75302e-06,0.000930916,1.87817e-06,2.55122e-06,0.000933194,1.98831e-06,2.45733e-06,2.99062e-05,1.68226e-06,1.65163e-06,0.000944291,0.000940964,1.82362e-06,0.000951387,0.000216637,0.000122781,1.47987e-06,1.69494e-06,3.6463e-06,1.44598e-06,0.000942201,1.57151e-06,2.52851e-05,1.75664e-06,3.09678e-05,0.000942943,0.000111513,3.65189e-06,1.24095e-06,1.91532e-06,0.000943499,9.89354e-06,1.20773e-06,2.20456e-06,0.000115247,1.51841e-06,1.4063e-06,3.66966e-06,0.000942725,0.000946426,0.000942745,7.78629e-06,1.33582e-06,0.000916996,1.90699e-06,1.7412e-06,1.48023e-06,1.7247e-06,3.24296e-06,3.18171e-06,1.62275e-06,1.66494e-06,1.73812e-06,1.11097e-05,1.44307e-06,1.62709e-06,1.84491e-06,2.42614e-06,2.72072e-06,1.57294e-06,2.32264e-06,9.48189e-06,7.46028e-05,1.66668e-06,1.74004e-06,2.20322e-06,1.61386e-06,1.70401e-06,0.000946401,2.28308e-06,3.03228e-06,5.43027e-05,4.20764e-06,2.36248e-06,0.000940774,0.00097167,1.18597e-05,5.9728e-06,1.08087e-06,3.19142e-05,1.94198e-06,0.000126542,1.09209e-05,2.53187e-05,1.83313e-06,1.1359e-07,0.000105303,2.43348e-05,0.000148369,0.00156997,3.52037e-05,0.00240781,7.28487e-05,0.00011501,0.000122034,9.15811e-05,6.15302e-06,0.00145335,0.00144795,5.23214e-06,0.00014079,0.000135054,0.000138005,3.39989e-06,4.55924e-06,0.000283862,1.45943e-05
rs55633264,7.90919e-05,9.02426e-06,6.46073e-06,8.04783e-05,0.000828675,2.60182e-05,4.46128e-05,0.000309521,0.0119126,0.00119246,0.00733029,0.00116458,9.55611e-05,0.00184951,0.00114408,0.0011304,0.00112155,0.000274392,0.000585103,0.000718997,6.67345e-05,0.000380728,0.00366848,9.20326e-05,0.000103578,0.000919086,0.00348929,0.00356049,0.00346856,3.77316e-07,7.43543e-05,1.93975e-05,1.0,2.00174e-08,2.56229e-05,1.78264e-05,0.0035213,3.9215e-07,2.69511e-05,0.00349838,0.000609518,0.00353844,2.08925e-05,1.07036e-08,0.00353385,2.13813e-05,6.05773e-06,0.000364474,1.83894e-05,1.80103e-05,0.00347916,0.00348311,2.03125e-05,0.00348333,0.0178369,9.50223e-09,1.61858e-05,1.06054e-06,1.65378e-05,0.000114302,0.00350913,1.69918e-05,2.64009e-08,1.91942e-05,1.37008e-05,0.00347682,1.16275e-05,7.22776e-06,1.64849e-05,2.13236e-05,0.00344595,0.000166783,0.000939771,9.47138e-05,1.28446e-08,0.000181453,1.53912e-05,3.33366e-06,0.00349368,0.00346831,0.00346741,1.24087e-05,1.46324e-05,0.00345935,2.05381e-05,5.28101e-06,1.60055e-05,0.000233171,3.53264e-05,3.44029e-05,1.80623e-05,1.8185e-05,1.89753e-05,2.05392e-05,9.83181e-06,1.77929e-05,2.05478e-05,2.55885e-05,2.93895e-05,1.71913e-05,2.42975e-05,9.84321e-06,1.92147e-06,1.84099e-05,1.33819e-06,2.37298e-05,7.58419e-07,4.96463e-06,0.00349114,4.60204e-06,0.000147116,0.000228469,2.13941e-05,1.65952e-07,0.00347934,0.00347567,5.71698e-05,0.000235592,7.99329e-05,0.000155255,2.35653e-06,0.000710154,0.000149494,0.000905438,3.15168e-06,0.000158445,0.000700202,0.000256863,0.000126099,0.00223038,5.19234e-05,0.000984067,0.000338006,0.00300262,0.000592528,0.0417588,0.00030054,0.00297271,0.00296271,0.000152714,0.000270087,0.00124645,0.00149505,0.000168301,0.000251823,0.00527605,0.000224575
rs886040916,8.60638e-07,6.0312e-06,1.79332e-07,3.19359e-07,0.000209009,5.05993e-06,1.01631e-06,0.000728988,0.000587658,0.000150398,1.0864e-05,0.000153196,8.00654e-05,0.00193583,0.000162008,0.00016826,0.000166735,6.16772e-05,0.000121487,0.000123087,9.60892e-09,9.13558e-05,0.00230459,9.45701e-09,2.82014e-05,0.000163865,0.00242418,0.00233406,0.00235263,3.26894e-06,2.47526e-05,3.79462e-06,2.00174e-08,1.0,5.04674e-06,3.49072e-06,0.00242453,9.10778e-06,3.83083e-06,0.0024248,0.000234574,0.00244413,4.11583e-06,5.39116e-06,0.00244959,2.14464e-05,5.30626e-06,4.74728e-05,3.59401e-06,3.049e-05,0.0024389,0.00243654,3.99746e-06,0.00245597,0.000628929,2.72315e-06,3.16634e-06,3.58364e-06,7.8739e-06,3.07969e-06,0.00243345,3.32087e-06,4.61088e-05,3.73285e-06,7.4391e-06,0.00243529,2.93318e-06,7.79561e-06,0.000240988,4.19645e-06,0.0024368,5.30675e-05,2.56746e-06,4.69782e-06,2.8552e-06,3.24784e-06,3.0109e-06,7.75482e-06,0.00243538,0.00237706,0.00243168,1.41247e-05,4.6114e-05,0.00241666,4.10815e-06,3.75701e-06,3.66684e-05,3.68383e-06,6.9244e-06,6.7235e-06,3.54417e-06,3.55745e-06,3.71208e-06,4.01866e-06,3.08859e-06,3.47744e-06,4.04371e-06,5.02638e-06,5.74934e-06,3.36305e-06,4.91081e-06,1.8554e-06,4.03034e-06,3.59788e-06,3.71536e-06,4.65603e-06,3.14054e-05,3.58325e-06,0.00244417,4.80092e-06,4.58687e-05,4.85762e-05,2.88493e-06,5.16691e-06,0.00243083,0.0023886,2.58767e-07,1.60843e-05,2.23909e-05,4.98278e-05,4.10373e-06,0.000148405,4.1579e-05,0.000239173,2.52096e-05,3.94571e-05,0.000146824,2.91055e-05,0.0176228,0.00350022,4.91507e-05,0.00664333,1.92905e-05,0.000848333,8.53535e-05,0.000246681,0.000114827,0.000887603,0.00089385,2.63856e-06,0.00665003,8.32128e-05,0.00042332,0.000145371,6.56491e-05,0.00442433,3.37895e-05
Affx-472946087,6.99906e-07,3.79587e-06,9.73261e-06,2.56215e-07,7.68004e-07,3.53663e-05,7.81441e-06,4.03472e-06,7.57755e-07,1.28423e-05,5.91692e-05,1.8878e-05,3.17377e-05,9.77914e-06,1.57926e-05,1.7812e-05,1.73669e-05,2.41351e-06,2.01563e-06,5.57613e-07,1.53834e-05,1.59465e-05,3.89604e-05,2.02587e-05,1.6259e-05,7.09641e-06,4.0419e-05,3.2194e-05,2.53467e-05,2.07765e-06,2.17799e-07,2.36358e-06,2.56229e-05,5.04674e-06,1.0,2.1799e-06,3.35555e-05,5.76037e-06,2.41102e-06,4.04117e-05,1.54918e-05,3.89225e-05,2.60305e-06,3.39305e-06,3.94287e-05,0.358006,3.32212e-05,2.7716e-05,2.26197e-06,2.21959e-06,4.1641e-05,4.09309e-05,2.50856e-06,4.29619e-05,1.6888e-07,1.7223e-06,1.99281e-06,2.27773e-06,5.00446e-06,1.9478e-06,4.15946e-05,2.09006e-06,1.39108e-05,2.3609e-06,4.44119e-06,4.16905e-05,7.78312e-05,4.90634e-06,1.65042e-06,2.63343e-06,4.16487e-05,7.11926e-07,1.63177e-06,2.95668e-06,1.79698e-06,2.01945e-06,1.89497e-06,4.88068e-06,4.11869e-05,4.21009e-05,4.10531e-05,8.86482e-06,1.80012e-06,4.26566e-05,2.58556e-06,2.36456e-06,0.266646,5.73427e-05,4.29969e-06,4.20693e-06,2.23509e-06,2.23896e-06,2.33628e-06,2.30627e-09,1.94387e-06,2.1886e-06,2.55745e-06,3.71224e-05,2.8874e-05,2.11661e-06,3.12127e-06,1.61308e-07,2.53659e-06,2.24682e-06,2.33834e-06,2.9303e-06,2.16877e-06,2.26628e-06,5.52056e-05,3.03642e-06,4.89303e-06,9.85155e-06,5.73988e-06,3.26782e-06,4.06888e-05,4.03197e-05,2.24207e-07,9.24972e-07,4.08069e-05,1.29543e-06,2.58277e-06,1.50731e-06,1.01314e-05,7.00488e-06,2.44355e-06,1.8929e-05,3.94253e-06,4.88932e-05,3.31917e-07,5.55658e-05,1.70809e-06,6.52151e-06,4.46739e-05,3.48254e-06,3.03726e-06,1.51926e-07,8.82268e-07,1.90228e-06,2.88459e-05,1.15667e-05,1.08443e-05,6.34752e-05,1.13001e-06,1.2357e-07,7.7894e-06,6.20482e-05,4.97009e-06
Affx-291670948,1.08612e-05,4.81042e-05,7.67338e-06,6.92742e-06,7.12232e-06,2.21354e-06,8.03443e-05,8.01598e-06,2.54951e-05,6.49026e-05,1.42386e-05,6.30081e-05,3.17348e-07,5.72857e-05,5.15369e-05,5.45528e-05,5.53755e-05,1.4043e-06,8.38287e-05,7.38959e-05,4.38586e-06,6.02699e-06,2.53605e-05,1.6651e-06,1.7517e-05,1.70407e-06,3.05871e-05,3.73088e-05,1.30501e-05,1.43708e-06,2.46434e-06,1.65189e-06,1.78264e-05,3.49072e-06,2.1799e-06,1.0,3.06548e-05,3.98424e-06,1.66765e-06,2.93745e-05,1.01228e-06,2.95014e-05,0.720958,2.3469e-06,2.98756e-05,1.83049e-06,2.33269e-06,2.20758e-06,0.728706,1.51794e-06,3.14735e-05,3.09624e-05,0.715123,3.2432e-05,8.49472e-07,1.19128e-06,0.686686,1.57542e-06,3.46165e-06,1.34725e-06,3.14365e-05,1.44565e-06,3.77783e-06,0.740115,3.2483e-06,3.15045e-05,0.000123737,0.341046,1.14156e-06,0.690551,3.14701e-05,3.77426e-05,1.11103e-06,2.04502e-06,1.24293e-06,1.39784e-06,0.608465,3.37587e-06,2.99338e-05,3.18047e-05,3.1047e-05,9.81061e-06,1.20906e-06,3.22102e-05,1.78838e-06,1.63547e-06,1.36165e-06,9.37128e-05,2.99729e-06,2.90984e-06,0.617038,0.67927,0.762948,1.07724e-05,1.34454e-06,0.784139,0.69938,2.2065e-06,2.50283e-06,0.738795,0.000321755,3.15646e-06,1.75451e-06,0.674404,1.60034e-06,2.00982e-06,1.48303e-06,1.5675e-06,2.92108e-05,2.10024e-06,1.78033e-07,3.58382e-07,3.97036e-06,0.557386,3.07961e-05,3.05133e-05,1.07359e-05,3.19815e-06,2.17181e-05,1.07284e-05,1.78645e-06,8.7827e-05,1.0786e-05,1.23836e-05,1.66731e-06,2.98987e-07,8.9071e-05,2.59142e-07,2.09792e-06,2.4098e-09,1.7059e-05,1.27601e-05,1.20773e-05,2.39025e-07,7.5592e-07,9.63859e-06,2.66408e-05,9.02727e-08,1.36541e-07,2.35447e-05,3.71172e-07,1.66631e-06,7.0096e-07,1.79265e-07,3.81185e-06,2.47285e-06,1.10969e-05
rs8176273,0.000719052,0.000405479,0.00097641,0.00633257,0.0513252,0.00106677,0.00429194,0.0582982,0.115404,0.00190857,0.0183003,0.00172616,0.0187534,0.436801,0.00262008,0.00301587,0.00294233,0.000744883,0.0838161,0.103959,0.0197876,0.0145199,0.975394,0.0328068,0.00817229,0.0508995,0.997172,0.968958,0.995955,6.03855e-06,0.0138515,0.0009383,0.0035213,0.00242453,3.35555e-05,3.06548e-05,1.0,2.6947e-05,1.10182e-08,0.993674,0.160508,0.990928,2.36488e-05,0.000469652,0.995181,1.91143e-05,4.72444e-08,0.0343295,4.11939e-05,5.66753e-06,0.997052,0.9962,1.18708e-05,0.996191,0.213432,4.48467e-06,4.9458e-05,1.17266e-06,0.00212165,2.20762e-07,0.996678,0.000457977,6.2078e-07,1.64493e-05,4.25123e-05,0.996706,1.73813e-08,3.48031e-05,2.33093e-05,1.21253e-05,0.995525,0.0158926,1.96701e-05,9.954e-05,3.07514e-05,6.15097e-05,1.71502e-05,0.00103623,0.995548,0.996227,0.996643,0.0034748,5.31053e-05,0.996281,0.00106225,8.70927e-06,5.27113e-07,3.03648e-05,0.000683202,0.000664118,1.47231e-05,2.12451e-05,3.80069e-05,0.00207381,4.66717e-05,1.44841e-05,1.68218e-05,0.00122766,0.0014752,4.08188e-05,0.00015509,0.00331999,4.12858e-05,1.28642e-05,0.000296807,0.000398751,5.76361e-06,2.98693e-05,0.996281,1.99962e-05,0.0262304,0.022627,0.000944884,6.64734e-06,0.993425,0.993292,0.00267688,0.0165376,0.0114861,0.0115047,0.000261033,0.157576,0.0120059,0.0729589,0.00028526,0.0244966,0.154443,0.0184088,0.0873756,0.603854,0.00742336,0.131949,0.0283566,0.00398343,0.118702,0.0288832,0.0102529,0.00165147,0.00167756,0.00427421,0.0689877,0.0508282,0.00387319,0.0106906,0.00470352,0.00556169,0.00376057
rs886040275,3.09297e-06,7.12635e-06,3.28568e-05,2.886e-05,8.24843e-06,1.123e-05,1.0436e-05,2.59837e-05,9.79883e-06,2.71324e-06,2.10744e-07,2.20758e-06,3.43038e-06,7.45708e-06,1.05408e-05,5.32466e-06,3.61596e-06,0.000266082,3.48139e-05,3.12209e-05,4.26975e-06,9.15171e-05,2.98165e-05,3.65165e-06,1.11566e-05,1.03436e-05,2.68561e-05,2.77166e-05,2.98175e-05,3.76828e-06,1.42639e-09,4.3312e-06,3.9215e-07,9.10778e-06,5.76037e-06,3.98424e-06,2.6947e-05,1.0,4.37192e-06,2.68336e-05,1.88434e-05,2.89404e-05,4.72118e-06,6.15348e-06,2.95264e-05,4.84596e-06,9.97894e-06,1.2214e-05,4.10221e-06,4.02494e-06,1.97094e-05,2.73949e-05,4.58541e-06,2.96026e-05,4.85696e-06,3.12349e-06,3.61408e-06,4.09527e-06,9.07682e-06,3.53246e-06,2.81635e-05,3.79045e-06,5.1025e-06,4.28163e-06,0.00212499,2.82706e-05,3.30317e-06,8.89797e-06,2.99315e-06,4.81367e-06,2.81986e-05,2.37747e-06,2.9134e-06,5.36212e-06,0.260112,2.78915e-05,3.42176e-06,8.80659e-06,2.68704e-05,2.78654e-05,2.75341e-05,9.8712e-05,1.66165e-06,2.92582e-05,4.66875e-06,4.28816e-06,3.5703e-06,4.18584e-06,7.90354e-06,7.67422e-06,4.08554e-06,4.06048e-06,4.23697e-06,7.55289e-11,3.52533e-06,3.96915e-06,4.63849e-06,1.20622e-05,6.56233e-06,3.8386e-06,1.20683e-05,4.78907e-05,0.31109,4.10664e-06,4.24073e-06,5.31442e-06,3.87171e-06,4.11005e-06,2.13119e-05,5.37224e-06,1.07147e-05,4.27217e-06,7.98758e-06,1.1329e-05,1.95066e-05,2.317e-05,2.85595e-05,1.87618e-05,3.45806e-05,9.71861e-06,1.83618e-05,1.51579e-05,1.5664e-05,3.43059e-05,4.46621e-06,4.6011e-05,2.1128e-05,2.43333e-05,6.82734e-06,7.29555e-06,3.57025e-05,6.66558e-08,3.14792e-05,7.20251e-06,1.07238e-06,3.09461e-05,1.44335e-05,1.07151e-05,1.40458e-05,3.79078e-07,5.66101e-06,5.51959e-07,3.69875e-05,5.36736e-06,5.89114e-07,2.31343e-05,5.82013e-05
rs80357743,3.61532e-05,2.88133e-06,5.59272e-06,1.44583e-05,7.73525e-06,2.42921e-06,3.18952e-05,9.07822e-06,5.95785e-06,9.91722e-06,2.51255e-05,7.24801e-06,2.6513e-05,5.75203e-06,1.23257e-05,8.72239e-06,9.69694e-06,1.00846e-05,3.0056e-06,1.03814e-09,9.37829e-07,6.79271e-05,3.71704e-07,4.36934e-08,2.11986e-05,3.70191e-05,1.24529e-08,7.39517e-08,3.89048e-07,,3.72672e-06,1.79431e-06,2.69511e-05,3.83083e-06,2.41102e-06,1.66765e-06,1.10182e-08,4.37192e-06,1.0,2.67309e-06,5.88561e-06,5.76817e-07,,2.57557e-06,9.65579e-08,2.02825e-06,5.007e-05,3.71042e-05,1.64682e-06,1.66747e-06,1.0536e-09,6.27137e-09,,2.49151e-09,1.6841e-06,1.30735e-06,1.51268e-06,8.63302e-05,,0.502819,8.2125e-10,1.5703e-06,4.19342e-06,1.79209e-06,3.62483e-06,6.62561e-07,1.40129e-06,0.232738,1.25279e-06,,8.36834e-10,3.58182e-06,1.23868e-06,0.675384,1.36404e-06,0.426375,1.42368e-06,2.80032e-05,2.34168e-07,5.5909e-12,4.92247e-09,6.74791e-06,0.000537557,2.01062e-07,1.96262e-06,0.606034,1.49436e-06,0.392852,3.27425e-06,3.21208e-06,,1.69953e-06,1.7734e-06,1.1977e-05,0.63971,1.66131e-06,,2.44932e-06,2.71862e-06,1.60666e-06,2.36925e-06,2.09008e-06,1.92545e-06,1.70128e-06,1.75626e-06,2.22436e-06,9.02317e-05,1.72027e-06,1.57374e-07,2.30486e-06,1.30828e-07,0.000123536,4.3569e-06,,7.57396e-07,1.84297e-07,1.19725e-05,8.18481e-07,7.87765e-07,3.7398e-09,1.94048e-06,1.06868e-06,1.93454e-05,1.82395e-05,1.86934e-06,5.00194e-09,4.14984e-06,1.51739e-06,1.96375e-05,3.03011e-06,1.2006e-05,3.92752e-07,6.71007e-05,8.6629e-06,1.16788e-05,9.47226e-07,5.37587e-05,8.63921e-06,8.22122e-06,7.65545e-05,6.35543e-07,1.46568e-07,3.17441e-05,8.60101e-05,4.56197e-06,0.000103289,5.72241e-05
rs3092994,0.000703015,0.000416888,0.000970786,0.00628536,0.0510814,0.00106679,0.00424068,0.0581168,0.115656,0.00192546,0.0183254,0.00173305,0.0186628,0.434914,0.00261964,0.0030321,0.00295471,0.000734846,0.083656,0.103832,0.019684,0.0155011,0.972339,0.0328507,0.00819822,0.0510148,0.994115,0.965814,0.992778,1.58565e-06,0.0137446,0.000938359,0.00349838,0.0024248,4.04117e-05,2.93745e-05,0.993674,2.68336e-05,2.67309e-06,1.0,0.159281,0.987926,1.67513e-05,0.000502695,0.989535,1.90481e-05,5.26407e-08,0.0343934,3.97942e-05,5.71121e-06,0.9942,0.993262,1.10175e-05,0.993335,0.213822,3.81406e-06,4.79397e-05,8.96575e-07,0.00212123,4.09656e-06,0.993835,0.000458567,1.81464e-07,1.54839e-05,4.24425e-05,0.993744,1.54604e-08,1.9398e-05,2.32655e-05,1.12781e-05,0.992648,0.0157826,1.97645e-05,6.76699e-05,3.06923e-05,3.27069e-05,1.60907e-05,0.00105122,0.992668,0.993289,0.993677,0.00347636,5.30101e-05,0.99331,0.00106233,4.58751e-06,2.158e-06,1.2042e-05,0.000663021,0.000665056,1.37488e-05,2.01545e-05,3.66678e-05,0.00206552,2.15134e-05,1.35444e-05,1.58336e-05,0.00122772,0.00150839,3.94072e-05,0.0001532,0.00334767,4.12039e-05,1.19665e-05,0.000278353,0.000399339,4.40697e-06,1.88544e-05,0.993428,2.00823e-05,0.0260955,0.0226802,0.000933228,6.0418e-06,0.990421,0.990381,0.00269972,0.0166122,0.0113908,0.0115755,0.000244598,0.157468,0.0118952,0.0739005,0.000278451,0.0243541,0.154387,0.0183981,0.0874008,0.60195,0.00746229,0.131447,0.0284165,0.00410504,0.118388,0.0290399,0.0108001,0.0017407,0.00176755,0.00434768,0.0685499,0.0507248,0.00374548,0.010771,0.00466902,0.00509869,0.00375601
rs8176237,0.000841524,0.000118335,0.000263986,0.00127321,0.104606,0.00649062,0.000790153,0.0194471,0.0204067,0.0134643,0.00152796,0.0135346,0.00156155,0.0900669,0.0133226,0.0140142,0.014059,0.000908743,0.00532889,0.00597355,0.00118861,0.00222077,0.157094,0.00202195,0.00142475,0.00817715,0.160439,0.155842,0.160929,3.08335e-06,0.000718622,1.75302e-06,0.000609518,0.000234574,1.54918e-05,1.01228e-06,0.160508,1.88434e-05,5.88561e-06,0.159281,1.0,0.160308,1.92571e-06,8.5139e-05,0.160195,1.66839e-07,5.74439e-07,0.00563247,2.37855e-07,1.26525e-06,0.160831,0.160898,3.19985e-09,0.161234,0.034626,5.01405e-05,2.2239e-06,9.7871e-08,0.0133489,3.81613e-06,0.16117,5.25574e-05,5.11001e-05,4.39675e-06,2.68157e-06,0.161304,2.41975e-07,4.64024e-06,1.11873e-05,2.31851e-08,0.160934,0.00227399,2.5563e-05,6.63978e-05,4.04433e-05,5.48682e-05,3.61673e-08,0.000103821,0.161076,0.161005,0.160936,0.00025025,2.70116e-06,0.16115,0.000133461,1.25695e-05,6.20266e-05,4.12676e-06,0.000134963,0.000124439,1.57114e-05,1.66038e-06,1.00003e-06,0.000355214,3.64479e-05,8.41982e-06,1.06678e-06,0.0076277,0.000155063,2.05552e-06,2.16621e-06,0.000314677,2.51574e-05,2.42699e-07,2.27848e-05,9.21178e-05,1.88473e-05,1.14034e-05,0.161111,3.10538e-06,0.163447,0.00347577,0.000267355,3.05029e-06,0.159843,0.160512,0.0004644,0.00277257,0.00176882,0.00178246,6.31558e-05,0.00863911,0.00203867,0.0111904,5.16774e-05,0.157814,0.00874781,0.003186,0.00121114,0.223139,0.00169863,0.00922841,0.00545402,0.0821721,0.000413949,0.0112752,0.00216411,0.0730372,0.0731338,0.000440594,0.00663506,3.41671e-06,0.0130227,0.00351864,2.22792e-05,0.00667414,0.00149033
rs8176235,0.000714195,0.000392829,0.000926782,0.00638412,0.0506704,0.00105763,0.00414639,0.0582031,0.115488,0.00174332,0.0183065,0.00162143,0.0186367,0.433019,0.00248177,0.00286739,0.00279385,0.000756763,0.0831307,0.103109,0.0196776,0.0156672,0.96968,0.0327082,0.00819525,0.0508194,0.991279,0.963078,0.990028,6.52025e-06,0.0136038,0.000930916,0.00353844,0.00244413,3.89225e-05,2.95014e-05,0.990928,2.89404e-05,5.76817e-07,0.987926,0.160308,1.0,2.25702e-05,0.000507112,0.995265,1.81445e-05,3.55531e-07,0.0346983,3.98376e-05,6.16544e-06,0.992979,0.992074,1.11258e-05,0.992055,0.210896,8.17793e-06,4.80535e-05,2.58672e-06,0.00214139,3.19633e-07,0.992559,0.000461734,8.96535e-07,1.55886e-05,4.48413e-05,0.992585,1.3202e-06,3.75684e-05,2.91635e-05,1.13543e-05,0.991402,0.0157605,9.95315e-06,9.7095e-05,2.97079e-05,5.99158e-05,1.63594e-05,0.00105865,0.99148,0.992157,0.992576,0.003515,5.1713e-05,0.992148,0.00105393,1.15539e-05,1.90125e-06,2.92052e-05,0.000711619,0.000692292,1.39355e-05,2.02876e-05,3.66859e-05,0.00206378,4.53253e-05,1.37073e-05,1.59246e-05,0.00121826,0.0014638,3.95105e-05,0.000152024,0.00331621,3.98507e-05,1.21212e-05,0.000300085,0.000383231,4.80582e-06,3.09756e-05,0.992178,1.79226e-05,0.0261041,0.0227713,0.000953987,6.02215e-06,0.989262,0.990279,0.00276619,0.0166704,0.00990528,0.0116182,0.000264293,0.157012,0.0118958,0.0722647,0.00029982,0.0245727,0.15389,0.0185921,0.0868267,0.60233,0.00744295,0.130994,0.0259884,0.00389286,0.11852,0.0291359,0.0109498,0.00161612,0.00163959,0.00424119,0.068304,0.0505842,0.00360957,0.0107438,0.00477174,0.00515428,0.00379284
rs80357623,3.67973e-07,3.09063e-06,4.98741e-06,1.85758e-07,5.99922e-07,2.5217e-06,5.74509e-05,1.70725e-05,1.48314e-05,5.58581e-05,2.90938e-07,5.4043e-05,5.61666e-06,9.99614e-06,4.22618e-05,4.57412e-05,4.64977e-05,3.94754e-06,8.92136e-05,6.02535e-05,3.51392e-05,3.15689e-06,1.87313e-05,1.54071e-07,7.92252e-06,7.77397e-09,2.35893e-05,3.42638e-05,1.39705e-05,1.65676e-06,4.36003e-07,1.87817e-06,2.08925e-05,4.11583e-06,2.60305e-06,0.720958,2.36488e-05,4.72118e-06,,1.67513e-05,1.92571e-06,2.25702e-05,1.0,2.76054e-06,2.28969e-05,2.19055e-06,2.70214e-06,1.757e-05,0.936208,1.79883e-06,2.44299e-05,2.39403e-05,0.928707,2.53221e-05,1.93483e-08,1.4115e-06,0.820256,1.84648e-06,3.99064e-06,,2.44079e-05,1.71274e-06,4.53078e-06,0.917863,3.87782e-06,2.44838e-05,0.000103262,0.949533,1.35262e-06,0.921585,2.44525e-05,4.77316e-05,1.33801e-06,1.20766e-07,1.47272e-06,2.6181e-07,0.712964,3.89842e-06,2.4117e-05,2.47284e-05,2.40391e-05,7.14317e-06,1.39646e-06,2.51118e-05,2.07858e-06,,1.59323e-06,4.83984e-07,3.53098e-06,3.42755e-06,0.718071,0.88946,0.910776,1.94192e-07,,0.934826,0.930815,2.54016e-06,2.88459e-06,0.880427,5.6836e-05,1.47165e-06,2.07887e-06,0.840955,1.85775e-06,2.34089e-06,1.71673e-06,1.85735e-06,2.2484e-05,2.46798e-06,1.32097e-05,3.67575e-06,4.68555e-06,0.744375,2.82123e-05,2.35483e-05,1.24145e-05,1.70621e-06,2.85943e-05,1.94818e-07,1.99551e-06,8.59046e-05,4.35851e-06,5.99153e-06,1.9786e-06,6.49588e-06,9.10556e-05,2.82011e-07,3.59304e-06,1.24024e-06,9.1574e-06,1.12219e-05,1.51036e-05,1.5309e-06,6.34868e-07,4.03488e-07,3.70966e-05,4.50149e-06,4.18668e-06,6.40179e-06,5.05886e-06,2.44721e-06,2.01816e-08,2.97903e-06,3.66276e-07,3.61826e-06,1.76359e-05
rs4986854,1.03915e-05,4.05492e-06,1.04784e-05,1.15619e-06,0.000106246,3.41864e-06,2.67998e-05,9.70386e-05,0.00308473,9.15149e-05,4.4794e-05,9.33292e-05,3.16787e-06,0.000717464,9.72013e-05,9.07336e-05,8.97935e-05,4.90474e-05,4.31317e-05,3.69395e-05,4.52545e-07,4.74982e-05,0.000526039,5.38946e-05,3.82456e-05,0.000143028,0.000490428,0.000497435,0.000494746,2.20335e-06,1.082e-05,2.55122e-06,1.07036e-08,5.39116e-06,3.39305e-06,2.3469e-06,0.000469652,6.15348e-06,2.57557e-06,0.000502695,8.5139e-05,0.000507112,2.76054e-06,1.0,0.0004848,2.8129e-06,3.49807e-06,8.12167e-05,2.3988e-06,2.37107e-06,0.000498951,0.000489186,2.68115e-06,0.000495667,0.00296826,1.83984e-06,2.12881e-06,2.43317e-06,5.22957e-06,2.08073e-06,0.000497535,2.23271e-06,5.81565e-06,2.52203e-06,5.10118e-06,0.000497474,1.97205e-06,5.24118e-06,1.75026e-06,4.45437e-05,0.000506953,9.70776e-06,1.71787e-06,3.15846e-06,1.91962e-06,2.18361e-06,2.0243e-06,5.21376e-06,0.000468526,0.000497512,0.000488581,9.49636e-06,1.8959e-06,0.00049627,2.76201e-06,2.52593e-06,2.10302e-06,2.47666e-06,4.65545e-06,4.52038e-06,2.38886e-06,2.39176e-06,2.49572e-06,1.6366e-05,2.07654e-06,2.33797e-06,2.71217e-06,3.39685e-06,3.86543e-06,2.26106e-06,3.33425e-06,1.34712e-05,2.7097e-06,2.41895e-06,2.49793e-06,3.13037e-06,2.31678e-06,5.37746e-05,0.000499024,3.24364e-06,7.13931e-07,3.86686e-05,6.08691e-06,3.44017e-06,0.000490768,0.000502868,1.68494e-05,1.48771e-05,4.51855e-05,1.14419e-06,2.75904e-06,3.92388e-05,2.83103e-05,0.000162975,2.63074e-06,7.41229e-08,3.05631e-05,5.54001e-05,4.17534e-05,0.000439024,1.25125e-06,5.29786e-05,5.49724e-05,0.00167077,0.000161831,6.97201e-05,6.25553e-05,0.00162177,0.00161492,3.65003e-05,2.31383e-05,0.000232286,9.47233e-05,4.05934e-05,4.20398e-06,0.000235859,5.55656e-05
Affx-13890652,0.000700185,0.000401852,0.000949596,0.00639995,0.0508026,0.00106044,0.00419767,0.0575733,0.115701,0.00185918,0.0183577,0.00167318,0.0186922,0.434361,0.00255701,0.00294272,0.00287004,0.000753188,0.0834585,0.103482,0.0196502,0.014542,0.971218,0.0327475,0.0081254,0.0508554,0.99286,0.964668,0.991642,6.36344e-06,0.0137452,0.000933194,0.00353385,0.00244959,3.94287e-05,2.98756e-05,0.995181,2.95264e-05,9.65579e-08,0.989535,0.160195,0.995265,2.28969e-05,0.0004848,1.0,2.21538e-05,4.06124e-07,0.0347004,4.02708e-05,5.99253e-06,0.994592,0.993715,1.13516e-05,0.993701,0.210911,4.01713e-06,4.85014e-05,2.48154e-06,0.00211,1.69208e-06,0.994168,0.00047211,8.04111e-07,1.5864e-05,4.54946e-05,0.994224,4.82001e-07,2.84074e-05,2.94787e-05,1.1588e-05,0.993012,0.0158019,2.01771e-05,8.68145e-05,3.00395e-05,5.00733e-05,1.66124e-05,0.00104196,0.993121,0.9938,0.994217,0.00348961,5.2117e-05,0.993822,0.00105648,4.85356e-06,1.98662e-06,2.27249e-05,0.000709289,0.000690016,1.41743e-05,2.05939e-05,3.71079e-05,0.00204405,3.65376e-05,1.39559e-05,1.61965e-05,0.00122093,0.00150013,3.99282e-05,0.000152935,0.00332572,4.03092e-05,1.23589e-05,0.000287561,0.000381874,4.66787e-06,3.0602e-05,0.993763,2.07058e-05,0.0260942,0.0227178,0.000938017,6.21117e-06,0.990904,0.990715,0.0027446,0.0166571,0.0114903,0.0116017,0.00026321,0.157284,0.0119032,0.0731398,0.000287496,0.0246259,0.154157,0.0185232,0.0870944,0.602362,0.00750791,0.131384,0.0259466,0.00416661,0.118369,0.0291231,0.0102641,0.00178141,0.00180695,0.00430226,0.0683181,0.0505103,0.00374992,0.0107414,0.00470207,0.00511045,0.00377374
Affx-472941166,5.92619e-06,3.17247e-06,8.1322e-06,6.16078e-07,6.52662e-06,4.59534e-05,3.65821e-06,3.76651e-06,1.6709e-05,5.75148e-06,2.83862e-06,5.21093e-06,5.54226e-05,1.76829e-08,1.7005e-06,3.82976e-06,3.22093e-06,2.106e-06,3.94409e-05,1.55565e-05,7.57726e-07,3.48937e-05,1.79661e-05,0.000135887,9.26628e-06,6.18715e-07,1.90578e-05,1.73429e-05,1.6314e-05,1.74838e-06,5.18075e-06,1.98831e-06,2.13813e-05,2.14464e-05,0.358006,1.83049e-06,1.91143e-05,4.84596e-06,2.02825e-06,1.90481e-05,1.66839e-07,1.81445e-05,2.19055e-06,2.8129e-06,2.21538e-05,1.0,2.76868e-06,4.85092e-06,1.90279e-06,1.82569e-06,1.98187e-05,1.93873e-05,2.12763e-06,2.06543e-05,1.20367e-05,1.44887e-06,1.67639e-06,1.83268e-06,4.12603e-06,1.63849e-06,1.98094e-05,1.71672e-06,1.92176e-05,1.98607e-06,3.92141e-06,1.98564e-05,1.55299e-06,4.12733e-06,1.38843e-06,2.21228e-06,1.98255e-05,7.87541e-05,1.17962e-06,2.48727e-06,1.51166e-06,1.71951e-06,1.59405e-06,4.10572e-06,1.9522e-05,2.00972e-05,1.94585e-05,7.31126e-06,1.4834e-06,2.04519e-05,2.11314e-06,1.98914e-06,0.136411,1.95049e-06,3.52839e-06,3.45596e-06,1.89566e-06,1.8835e-06,1.96536e-06,4.25613e-07,1.63527e-06,1.84102e-06,2.15212e-06,4.76462e-05,2.94029e-06,1.78049e-06,2.55068e-06,2.79152e-05,2.13385e-06,1.90482e-06,1.96701e-06,2.44437e-06,1.82451e-06,1.88567e-06,4.21219e-05,2.55443e-06,2.52733e-05,1.39521e-08,4.72359e-06,2.74984e-06,1.92253e-05,1.89915e-05,1.30809e-05,1.49325e-06,1.34797e-05,4.80872e-07,2.152e-06,1.23424e-05,4.5019e-06,1.78238e-05,1.99156e-06,1.0278e-07,7.2654e-06,7.19053e-05,5.32319e-07,1.70889e-05,3.41795e-06,1.68479e-06,2.17941e-06,5.26395e-06,3.68658e-05,1.85309e-07,8.10905e-06,5.06513e-07,2.48076e-05,7.26043e-06,1.51043e-07,1.23693e-06,2.61251e-05,6.10254e-06,8.81535e-06,7.92666e-06,9.06899e-07
rs886040243,9.32397e-06,3.97376e-06,3.03994e-05,6.20638e-07,2.08988e-06,3.39805e-06,2.42545e-05,9.4388e-07,4.08989e-06,2.06649e-05,4.17193e-06,2.136e-05,3.39409e-06,3.87085e-06,1.52125e-05,1.59559e-05,1.48367e-05,1.96161e-06,1.2885e-05,1.07204e-05,2.17178e-05,5.34886e-06,1.14799e-07,2.91336e-07,1.30231e-06,9.81156e-06,5.10489e-08,2.52583e-07,3.51318e-10,2.1401e-06,9.67109e-06,2.45733e-06,6.05773e-06,5.30626e-06,3.32212e-05,2.33269e-06,4.72444e-08,9.97894e-06,5.007e-05,5.26407e-08,5.74439e-07,3.55531e-07,2.70214e-06,3.49807e-06,4.06124e-07,2.76868e-06,1.0,7.92963e-08,2.38351e-06,2.27776e-06,6.54042e-07,5.62257e-07,2.62445e-06,8.16281e-07,1.68334e-05,1.77644e-06,2.1159e-06,2.28638e-06,5.11592e-06,6.88003e-05,6.5716e-07,2.11466e-06,1.2236e-05,2.50679e-06,4.91991e-06,6.66507e-07,1.95994e-06,1.46801e-05,1.75241e-06,2.755e-06,6.59039e-07,8.68372e-07,1.68116e-06,3.7832e-05,1.90805e-06,6.43103e-05,2.01204e-06,5.02445e-06,5.89771e-07,7.11363e-07,5.81771e-07,2.41765e-06,1.87175e-06,7.77238e-07,2.66661e-06,5.29115e-05,2.09022e-06,0.000264099,4.52233e-06,4.38823e-06,0.00028756,2.35104e-06,2.48064e-06,8.06233e-08,6.7654e-05,2.32377e-06,2.65467e-06,3.2978e-06,3.81584e-06,2.24743e-06,0.000185734,1.28921e-05,2.6934e-06,2.33419e-06,2.39339e-06,3.05897e-06,2.25009e-06,2.37994e-06,6.78371e-07,3.17131e-06,6.15622e-06,1.14813e-05,5.88057e-06,3.39216e-06,5.31039e-07,1.37745e-06,3.99933e-07,4.61746e-06,2.14014e-06,1.61437e-05,2.63761e-06,8.46764e-06,1.21182e-08,4.26561e-08,2.56254e-06,6.22183e-05,8.90926e-06,3.34049e-06,1.03143e-12,2.64336e-06,8.71032e-06,2.25585e-05,1.07754e-05,1.71828e-05,3.14925e-06,2.17932e-05,9.96658e-06,2.932e-05,2.84467e-05,1.26309e-05,9.33905e-06,1.97646e-08,3.66206e-05,6.30911e-06,9.9718e-06,1.65892e-06,4.90694e-05
rs74877299,0.000361352,7.4786e-06,2.45621e-05,2.00676e-05,0.00300052,1.42406e-06,2.50911e-05,0.00430312,0.011081,0.00859192,0.00097485,0.0086872,0.000998789,0.0114784,0.00902402,0.00879938,0.00876438,0.000901333,0.00375679,0.003967,0.000520367,0.00117639,0.0353343,0.00149193,0.000890894,0.00545728,0.0343361,0.0168431,0.0341061,5.35114e-10,0.000366394,2.99062e-05,0.000364474,4.74728e-05,2.7716e-05,2.20758e-06,0.0343295,1.2214e-05,3.71042e-05,0.0343934,0.00563247,0.0346983,1.757e-05,8.12167e-05,0.0347004,4.85092e-06,7.92963e-08,1.0,5.14988e-06,7.37751e-08,0.0345184,0.0345376,1.20787e-05,0.0343704,0.0211466,5.46797e-06,5.92518e-06,1.20576e-05,7.57644e-05,2.88533e-06,0.0345036,2.95997e-05,1.54724e-06,2.77287e-07,1.8473e-07,0.0345402,1.10437e-07,5.21913e-07,2.62585e-05,7.65265e-06,0.0345153,0.00121075,8.79761e-06,1.13069e-05,7.90223e-10,2.76867e-08,4.06162e-06,0.000109941,0.0346214,0.034474,0.0345059,0.000141708,9.8745e-07,0.0344263,7.0821e-05,3.36522e-06,1.62851e-07,1.59631e-07,4.19896e-05,6.15201e-05,9.48898e-07,7.93643e-11,2.83421e-07,0.000185814,1.71451e-07,7.3245e-06,4.77461e-06,4.4471e-07,6.04117e-05,9.31892e-06,2.30731e-10,3.05731e-05,1.74694e-05,1.77779e-06,2.89891e-06,7.31277e-05,6.9233e-07,2.45353e-05,0.0344615,2.99713e-07,0.000928454,0.644556,0.022635,3.71464e-08,0.0345292,0.0341285,0.000291477,0.00169146,0.00101597,0.00126646,2.51276e-05,0.00477991,0.00096379,0.00686656,4.78997e-05,0.000954224,0.00423753,0.00169573,0.00319967,0.0203965,0.000592194,0.00608568,0.268478,0.00974006,0.00482822,0.0061334,0.0187814,0.0096177,0.0095596,0.000537603,0.000290777,0.0011189,0.00201646,0.00108018,0.00108188,0.0350423,0.00535059
rs878853293,1.82869e-06,2.70321e-06,6.83214e-06,1.67483e-07,1.35862e-06,2.27903e-06,7.38898e-05,1.31795e-05,4.0018e-06,6.40409e-05,2.01611e-06,6.21752e-05,2.87891e-05,1.42356e-05,5.05377e-05,5.37021e-05,5.45268e-05,8.55907e-06,0.000135457,9.89225e-05,1.93728e-05,8.24773e-07,3.49118e-05,2.27846e-06,4.65224e-06,6.50458e-07,4.11219e-05,5.66241e-05,2.74339e-05,1.47943e-06,1.62213e-06,1.68226e-06,1.83894e-05,3.59401e-06,2.26197e-06,0.728706,4.11939e-05,4.10221e-06,1.64682e-06,3.97942e-05,2.37855e-07,3.98376e-05,0.936208,2.3988e-06,4.02708e-05,1.90279e-06,2.38351e-06,5.14988e-06,1.0,1.58067e-06,4.21702e-05,4.15635e-05,0.901492,4.33053e-05,3.99836e-07,1.22653e-06,0.837443,1.62202e-06,3.56351e-06,1.31681e-06,4.21141e-05,1.48843e-06,3.93412e-06,0.912489,3.36368e-06,4.21985e-05,0.000118938,0.441343,1.17534e-06,0.905613,4.21695e-05,6.49143e-05,1.16209e-06,2.03528e-06,1.27971e-06,1.38547e-06,0.792763,3.47575e-06,4.17874e-05,4.25627e-05,4.16657e-05,6.33074e-06,1.26392e-06,4.30478e-05,1.84129e-06,1.61365e-06,1.40198e-06,1.59834e-06,3.10355e-06,3.0135e-06,0.722738,0.882163,0.923253,7.98335e-07,1.31415e-06,0.952334,0.915803,2.29787e-06,2.57688e-06,0.905964,0.000317424,2.71645e-06,1.80642e-06,0.822853,1.64764e-06,2.08685e-06,1.54448e-06,1.61392e-06,3.97224e-05,2.16237e-06,2.20096e-05,7.55416e-08,4.08751e-06,0.729254,4.75753e-05,4.10289e-05,1.11104e-05,1.35969e-07,2.30621e-05,5.58489e-06,1.83931e-06,0.000157902,8.96424e-06,9.91271e-06,1.73469e-06,4.11808e-05,0.000165784,2.11068e-06,3.17745e-07,2.14992e-06,2.14564e-06,1.74614e-05,9.1744e-06,2.67409e-06,8.04419e-08,1.13231e-06,2.87508e-05,9.75121e-06,9.31776e-06,4.31399e-06,1.28403e-06,3.33868e-06,5.54125e-07,8.90502e-06,1.11709e-05,3.33492e-06,1.24099e-05
Affx-86889408,4.02897e-05,4.73314e-05,7.27241e-06,3.3164e-07,3.47575e-07,2.23634e-06,3.33371e-05,2.58806e-06,1.06567e-08,5.10397e-06,2.55235e-07,1.12292e-05,3.13857e-07,1.32359e-05,6.68832e-06,5.00879e-06,8.8223e-06,8.33386e-07,4.72318e-05,2.29334e-05,2.25833e-05,6.37721e-06,2.94934e-06,2.68765e-05,4.13797e-06,8.66722e-07,5.70616e-06,8.62729e-06,4.94308e-06,1.43575e-06,1.94765e-05,1.65163e-06,1.80103e-05,3.049e-05,2.21959e-06,1.51794e-06,5.66753e-06,4.02494e-06,1.66747e-06,5.71121e-06,1.26525e-06,6.16544e-06,1.79883e-06,2.37107e-06,5.99253e-06,1.82569e-06,2.27776e-06,7.37751e-08,1.58067e-06,1.0,3.57866e-06,3.74554e-06,1.74704e-06,5.00771e-06,3.66594e-06,1.20355e-06,1.39258e-06,1.52183e-06,3.41943e-06,1.34388e-06,5.3265e-06,1.4433e-06,3.8604e-06,1.6498e-06,3.33683e-06,5.30966e-06,1.27568e-06,3.4113e-06,1.15332e-06,1.83406e-06,3.56006e-06,7.15838e-06,1.10226e-06,2.04889e-06,1.25574e-06,1.41116e-06,1.32421e-06,3.39327e-06,3.14184e-06,5.22981e-06,5.52125e-06,6.2122e-06,1.26779e-06,5.0825e-06,8.02205e-05,1.63508e-06,1.37567e-06,1.58553e-06,3.02816e-06,2.93981e-06,1.55664e-06,1.56459e-06,1.63255e-06,1.07629e-05,1.34117e-06,1.5294e-06,1.76731e-06,2.17966e-06,2.51137e-06,1.47909e-06,6.27313e-05,3.16152e-06,1.77258e-06,1.58237e-06,1.63404e-06,2.00793e-06,0.000100389,1.56641e-06,2.11369e-06,6.59858e-05,1.40839e-08,5.5563e-06,2.55607e-05,2.2154e-06,5.66316e-06,5.73774e-06,1.09873e-05,2.94879e-08,6.91258e-06,5.70346e-07,1.80485e-06,2.25491e-06,2.70462e-05,4.25894e-06,1.72092e-06,1.5414e-05,2.59686e-06,3.93607e-06,1.17432e-06,2.54202e-08,6.91513e-07,3.32438e-08,1.7539e-05,1.15097e-05,4.08329e-06,2.07291e-05,3.6122e-06,2.072e-05,2.0096e-05,2.37876e-05,2.63396e-08,1.40137e-05,5.52478e-05,2.21585e-05,5.40599e-08,6.70624e-05,1.15576e-05
rs273900734,0.000727951,0.000413264,0.0009161,0.00634268,0.0515207,0.0010739,0.00431946,0.0584922,0.114943,0.00195677,0.0183293,0.00176283,0.0187434,0.43727,0.00267144,0.00308034,0.00300201,0.000746782,0.0840545,0.104255,0.0195011,0.0155161,0.975826,0.0329016,0.0081101,0.050734,0.997553,0.969069,0.996215,5.72123e-06,0.0138612,0.000944291,0.00347916,0.0024389,4.1641e-05,3.14735e-05,0.997052,1.97094e-05,1.0536e-09,0.9942,0.160831,0.992979,2.44299e-05,0.000498951,0.994592,1.98187e-05,6.54042e-07,0.0345184,4.21702e-05,3.57866e-06,1.0,0.998347,1.24099e-05,0.998935,0.213194,3.55636e-06,5.04734e-05,2.06122e-06,0.00210076,1.63981e-07,0.998851,0.000455861,4.66383e-07,1.70648e-05,3.57507e-05,0.998791,3.82125e-08,3.60944e-05,3.0868e-05,1.26833e-05,0.998171,0.0157146,1.9205e-05,0.000101317,3.15002e-05,6.26658e-05,1.77202e-05,0.00102912,0.997725,0.998375,0.99879,0.00343196,4.32863e-05,0.998846,0.00106892,9.15368e-06,2.37987e-06,3.1206e-05,0.000700764,0.000681684,1.5293e-05,2.19305e-05,3.89566e-05,0.00205264,4.76447e-05,1.50397e-05,1.74709e-05,0.00123563,0.00151769,4.17611e-05,0.000157389,0.00331631,4.23033e-05,1.33955e-05,0.000294838,0.000396187,4.09873e-06,2.91536e-05,0.998462,1.63198e-05,0.0263216,0.0226438,0.000939403,7.10615e-06,0.995512,0.995345,0.00271294,0.0165914,0.0114571,0.0115725,0.000259047,0.158001,0.0119089,0.0736861,0.000283293,0.0245414,0.154874,0.018354,0.087818,0.605052,0.00738901,0.132171,0.0282827,0.00393336,0.119141,0.0288398,0.0108256,0.00163962,0.00166197,0.00426944,0.0691093,0.050914,0.00387293,0.0106948,0.00468821,0.00546342,0.00378663
rs1060915,0.000731518,0.000404632,0.00096202,0.00638024,0.0514094,0.00106948,0.0042792,0.0584108,0.114824,0.00193756,0.0176365,0.00175114,0.0187819,0.43697,0.00265815,0.00305409,0.00297627,0.000725916,0.0838757,0.103986,0.0198468,0.0154916,0.975117,0.0329351,0.00808743,0.0507212,0.996759,0.968539,0.995596,5.92741e-06,0.0137505,0.000940964,0.00348311,0.00243654,4.09309e-05,3.09624e-05,0.9962,2.73949e-05,6.27137e-09,0.993262,0.160898,0.992074,2.39403e-05,0.000489186,0.993715,1.93873e-05,5.62257e-07,0.0345376,4.15635e-05,3.74554e-06,0.998347,1.0,1.20691e-05,0.999024,0.213891,3.70513e-06,4.98463e-05,2.19569e-06,0.00209353,1.99244e-07,0.999381,0.000443798,5.62749e-07,1.66764e-05,5.20224e-05,0.99944,2.35252e-08,3.52626e-05,1.88167e-05,1.23304e-05,0.99826,0.0157985,1.54656e-05,0.000100227,3.10484e-05,6.19621e-05,1.73643e-05,0.00103514,0.998287,0.998966,0.99938,0.00348476,5.3498e-05,0.999024,0.00106522,8.87433e-06,2.25018e-06,3.06803e-05,0.000700526,0.00068145,1.49342e-05,2.14999e-05,3.83652e-05,0.0020182,4.70435e-05,1.46889e-05,1.70667e-05,0.00123123,0.00151248,4.11763e-05,0.000166408,0.00330277,4.16818e-05,1.30594e-05,0.000296274,0.000398044,4.27818e-06,2.96305e-05,0.998995,1.97606e-05,0.0262793,0.022687,0.000943596,6.81569e-06,0.99466,0.994525,0.00273366,0.0164771,0.0115562,0.0116135,0.000260471,0.157826,0.011874,0.0738674,0.000295905,0.0246034,0.154726,0.0184011,0.0877841,0.604561,0.00745185,0.132587,0.0284756,0.00397364,0.118346,0.0288512,0.0107518,0.00163306,0.00165369,0.00427449,0.0690955,0.0505281,0.00397862,0.0106711,0.00469062,0.00546705,0.00373037
rs273900728,1.45357e-05,3.00175e-06,5.51601e-06,4.47451e-08,7.30122e-08,2.44918e-06,0.000104345,1.97985e-05,5.81138e-06,3.58527e-05,5.89673e-07,3.44639e-05,1.08842e-05,2.08225e-06,2.56777e-05,2.81494e-05,2.8721e-05,9.74267e-08,3.84668e-05,6.97513e-05,1.42109e-05,2.37598e-08,8.53959e-06,1.5662e-05,3.20286e-07,2.97512e-07,1.18281e-05,2.00203e-05,5.20786e-06,1.60912e-06,6.66404e-07,1.82362e-06,2.03125e-05,3.99746e-06,2.50856e-06,0.715123,1.18708e-05,4.58541e-06,,1.10175e-05,3.19985e-09,1.11258e-05,0.928707,2.68115e-06,1.13516e-05,2.12763e-06,2.62445e-06,1.20787e-05,0.901492,1.74704e-06,1.24099e-05,1.20691e-05,1.0,1.30286e-05,2.83174e-06,1.37091e-06,0.786225,1.79328e-06,3.87588e-06,,1.24063e-05,1.66349e-06,4.40053e-06,0.915803,3.76522e-06,1.24576e-05,0.000107101,0.907546,1.31372e-06,0.909726,1.2431e-05,4.56533e-05,1.29954e-06,1.17293e-07,1.43036e-06,2.54281e-07,0.716354,3.78631e-06,1.21872e-05,1.26187e-05,1.21396e-05,6.95735e-06,1.35539e-06,1.28841e-05,2.0188e-06,,1.54741e-06,4.65371e-07,3.42943e-06,3.32898e-06,0.7041,0.845486,0.88773,3.05199e-07,,0.922261,0.888208,2.44229e-06,2.80163e-06,0.879503,0.000283757,1.77591e-06,2.01909e-06,0.835754,1.80379e-06,2.27357e-06,1.66736e-06,1.80394e-06,1.09138e-05,2.39694e-06,1.59166e-05,7.20477e-07,4.53036e-06,0.714844,1.51429e-05,1.17994e-05,1.21735e-05,1.11425e-06,2.71893e-05,2.72782e-06,1.93812e-06,6.44176e-05,5.44974e-06,3.71357e-06,1.92113e-06,2.08181e-05,6.88094e-05,6.95601e-07,4.96022e-08,3.38713e-06,8.64801e-07,1.72382e-05,1.8612e-05,5.39223e-07,1.86352e-06,4.92276e-09,1.87322e-05,1.17046e-06,1.01487e-06,2.67537e-05,1.84615e-08,3.15978e-06,2.89404e-07,4.25348e-06,6.30104e-06,1.20634e-05,1.62831e-05
rs3950989,0.000708089,0.000409959,0.000965479,0.00629916,0.051281,0.00108257,0.00422972,0.0580178,0.114391,0.00195586,0.0176278,0.00176197,0.0186651,0.436099,0.00266924,0.00307953,0.00300076,0.000732706,0.0840664,0.104368,0.0196444,0.0154515,0.974918,0.0331804,0.00808655,0.0504598,0.996692,0.968182,0.995378,5.3782e-06,0.0138567,0.000951387,0.00348333,0.00245597,4.29619e-05,3.2432e-05,0.996191,2.96026e-05,2.49151e-09,0.993335,0.161234,0.992055,2.53221e-05,0.000495667,0.993701,2.06543e-05,8.16281e-07,0.0343704,4.33053e-05,5.00771e-06,0.998935,0.999024,1.30286e-05,1.0,0.213235,3.30589e-06,5.16538e-05,1.84643e-06,0.00215029,1.09727e-07,0.999498,0.000453557,3.11724e-07,1.77828e-05,4.55998e-05,0.999439,7.11104e-08,3.76004e-05,3.17084e-05,1.33239e-05,0.998817,0.0156987,1.86636e-05,0.000103384,3.23834e-05,6.40102e-05,1.83756e-05,0.00103968,0.998283,0.998964,0.999379,0.00355901,5.52693e-05,0.999496,0.00104378,9.67465e-06,2.62058e-06,3.21846e-05,0.000696386,0.000677513,1.59452e-05,2.27288e-05,4.00609e-05,0.00203821,4.87758e-05,1.56879e-05,1.82048e-05,0.0012446,0.00153063,4.28567e-05,0.000156538,0.00334556,4.35172e-05,1.40161e-05,0.000292692,0.000393462,3.80001e-06,3.67833e-05,0.99914,1.85427e-05,0.0262906,0.0225644,0.000920929,7.63059e-06,0.994677,0.994511,0.00270957,0.0164682,0.0114224,0.0114781,0.00025686,0.158183,0.0118023,0.0734585,0.000292191,0.0244874,0.155043,0.0183245,0.0875392,0.604353,0.0074278,0.131969,0.0282261,0.00384561,0.118141,0.0287446,0.0107564,0.00160048,0.00162419,0.00420374,0.0690425,0.0504287,0.00390402,0.0106403,0.00457193,0.00541112,0.00369714
rs2070833,0.00257352,5.49503e-05,0.000825636,0.00370838,0.0098506,0.0001643,0.00361269,0.0254294,0.578352,0.0515744,0.00216957,0.0519893,0.00208983,0.218294,0.0537024,0.0537133,0.0535675,0.00393984,0.0234333,0.0310007,0.00470857,0.00636755,0.203377,0.00637012,0.00653017,0.234442,0.213308,0.21947,0.21232,6.45291e-06,0.00299644,0.000216637,0.0178369,0.000628929,1.6888e-07,8.49472e-07,0.213432,4.85696e-06,1.6841e-06,0.213822,0.034626,0.210896,1.93483e-08,0.00296826,0.210911,1.20367e-05,1.68334e-05,0.0211466,3.99836e-07,3.66594e-06,0.213194,0.213891,2.83174e-06,0.213235,1.0,2.53131e-05,2.25723e-06,1.40183e-05,0.000528839,2.55859e-07,0.214056,0.00204096,3.87524e-06,3.00415e-07,5.22717e-06,0.21395,6.33e-07,2.65862e-06,3.01155e-05,3.50198e-06,0.213783,0.0722372,6.39756e-05,7.27814e-05,1.82273e-05,8.02326e-06,1.25141e-05,0.000405631,0.213626,0.213513,0.214038,0.000847722,1.66894e-07,0.213441,0.000193224,3.59495e-06,5.66695e-05,3.85765e-05,0.000297838,0.000312817,9.73983e-07,8.01858e-06,4.41169e-06,0.00181011,3.06918e-05,2.62323e-06,1.97096e-07,0.000164955,0.000310749,4.75614e-09,4.05888e-06,0.000754961,1.58431e-05,1.53407e-06,0.000192129,0.000349902,4.12866e-05,2.48931e-05,0.213729,4.16252e-07,0.00587934,0.0130822,0.000358579,8.96099e-06,0.212771,0.213474,0.0122967,0.0778293,0.00621043,0.0572407,0.000162102,0.0352549,0.0065877,0.0416843,0.0002096,0.00536467,0.03492,0.0120598,0.0186908,0.128262,0.00198876,0.038686,0.00153208,0.000254784,0.0267754,0.16217,0.00635314,0.000490968,0.000505398,0.00259528,0.0154927,0.0118307,0.0111147,0.0150655,0.00283302,0.0128721,0.00348544
rs886040163,0.00019939,2.05827e-06,1.38338e-05,3.52459e-06,7.03337e-06,1.71048e-06,1.02046e-05,1.99775e-05,2.1097e-05,3.6719e-07,1.25173e-05,1.36736e-07,1.79535e-06,1.76745e-05,5.75615e-08,9.41858e-09,1.90411e-08,9.67991e-06,3.14638e-06,3.93412e-07,6.80306e-07,1.01327e-05,5.60076e-06,2.30577e-05,3.20712e-05,1.95502e-06,3.80801e-06,9.49798e-06,6.03159e-06,1.1266e-06,4.45503e-07,0.000122781,9.50223e-09,2.72315e-06,1.7223e-06,1.19128e-06,4.48467e-06,3.12349e-06,1.30735e-06,3.81406e-06,5.01405e-05,8.17793e-06,1.4115e-06,1.83984e-06,4.01713e-06,1.44887e-06,1.77644e-06,5.46797e-06,1.22653e-06,1.20355e-06,3.55636e-06,3.70513e-06,1.37091e-06,3.30589e-06,2.53131e-05,1.0,1.08058e-06,1.21741e-06,2.71365e-06,1.05617e-06,3.53564e-06,1.13331e-06,2.99547e-06,1.28017e-06,2.58938e-06,3.52067e-06,1.00101e-06,2.66041e-06,8.94923e-07,1.43915e-06,3.54137e-06,2.55038e-05,8.43309e-07,1.60322e-06,9.74392e-07,1.10839e-06,1.02753e-06,2.63309e-06,2.04922e-06,1.46702e-06,3.67489e-06,4.82034e-06,9.83772e-07,7.08253e-06,1.40199e-06,1.28215e-06,1.06749e-06,1.25718e-06,2.3293e-06,2.29453e-06,1.22146e-06,1.21405e-06,1.26682e-06,8.54164e-06,1.05404e-06,1.18674e-06,1.38673e-06,1.74966e-06,1.9487e-06,1.14768e-06,0.00108395,7.38264e-06,1.37544e-06,1.22785e-06,1.24981e-06,1.58896e-06,1.17599e-06,1.22887e-06,3.52268e-06,1.64646e-06,1.01716e-05,9.24162e-06,3.11234e-06,1.77192e-06,3.7778e-06,3.83095e-06,3.17875e-06,1.50945e-05,1.60948e-06,2.22515e-05,1.40048e-06,7.83629e-07,1.46023e-05,1.49419e-06,1.33536e-06,3.1356e-05,8.72128e-07,2.23557e-07,8.36335e-07,1.39663e-05,1.06196e-05,5.77545e-06,2.15421e-05,8.82209e-07,3.24994e-06,3.67078e-05,3.20701e-05,4.19092e-08,1.01311e-06,5.06451e-06,1.62112e-06,3.89037e-07,6.62822e-06,1.42194e-05,1.77699e-05,8.9009e-08,7.50185e-06
Affx-82098107,1.33796e-07,2.38154e-06,9.74207e-06,1.17102e-05,1.40432e-07,2.00784e-06,5.39966e-05,2.53324e-08,2.97285e-05,6.18186e-05,6.14972e-06,6.0083e-05,3.72351e-09,5.525e-05,3.89316e-05,5.22035e-05,5.29684e-05,5.35956e-08,0.000119011,0.000107884,2.93598e-05,2.40901e-09,4.29161e-05,2.01595e-06,2.1801e-06,3.02134e-07,4.93856e-05,5.01895e-05,3.32295e-05,1.30355e-06,3.81957e-06,1.47987e-06,1.61858e-05,3.16634e-06,1.99281e-06,0.686686,4.9458e-05,3.61408e-06,1.51268e-06,4.79397e-05,2.2239e-06,4.80535e-05,0.820256,2.12881e-06,4.85014e-05,1.67639e-06,2.1159e-06,5.92518e-06,0.837443,1.39258e-06,5.04734e-05,4.98463e-05,0.786225,5.16538e-05,2.25723e-06,1.08058e-06,1.0,1.42905e-06,3.13986e-06,1.22206e-06,5.03982e-05,1.31132e-06,3.46604e-06,0.835601,2.95904e-06,5.04881e-05,0.000138477,0.388668,1.03548e-06,0.802004,5.0465e-05,5.71228e-05,1.02382e-06,1.85503e-06,1.12743e-06,1.28248e-06,0.684907,3.06216e-06,5.00827e-05,5.08786e-05,4.99495e-05,5.57743e-06,1.11018e-06,5.13778e-05,1.62219e-06,1.48353e-06,1.23515e-06,1.45463e-06,2.71876e-06,2.63944e-06,0.717584,0.811836,0.848748,1.89895e-06,1.21959e-06,0.843032,0.827749,2.02447e-06,2.27025e-06,0.788167,0.000361568,4.56717e-06,1.59147e-06,0.783486,1.44895e-06,1.83853e-06,1.36069e-06,1.42184e-06,4.77656e-05,1.90506e-06,3.29989e-05,9.5948e-06,3.58494e-06,0.629705,5.69991e-05,4.92989e-05,9.77375e-06,8.07652e-06,1.80471e-05,2.32061e-05,1.62044e-06,8.4226e-05,1.66578e-05,6.16895e-07,1.52599e-06,1.31291e-05,8.98536e-05,4.13431e-06,2.81051e-07,1.74022e-06,5.52255e-05,8.20491e-06,6.15242e-07,6.55839e-07,2.50518e-06,8.10146e-08,2.12898e-05,2.07652e-11,3.71657e-09,2.51794e-06,4.47458e-07,1.61119e-06,1.8034e-06,1.90162e-06,1.07634e-06,9.67695e-06,7.93055e-06
Affx-86889417,1.0721e-06,2.7219e-06,6.94192e-06,5.91786e-06,2.65955e-06,2.27722e-06,1.89439e-06,1.90533e-06,6.35939e-06,2.73061e-05,4.68595e-05,2.81924e-05,1.86251e-06,3.77071e-05,4.36069e-05,3.06538e-05,3.92915e-05,8.71335e-07,3.59077e-06,4.26446e-06,2.69023e-07,7.17907e-06,3.96439e-06,1.85897e-06,4.177e-05,6.34233e-07,2.29083e-06,1.40997e-07,4.25302e-06,1.45758e-06,2.75014e-06,1.69494e-06,1.06054e-06,3.58364e-06,2.27773e-06,1.57542e-06,1.17266e-06,4.09527e-06,8.63302e-05,8.96575e-07,9.7871e-08,2.58672e-06,1.84648e-06,2.43317e-06,2.48154e-06,1.83268e-06,2.28638e-06,1.20576e-05,1.62202e-06,1.52183e-06,2.06122e-06,2.19569e-06,1.79328e-06,1.84643e-06,1.40183e-05,1.21741e-06,1.42905e-06,1.0,3.53187e-06,1.36404e-06,2.04833e-06,1.49879e-06,3.89934e-06,1.69301e-06,3.31241e-06,2.03316e-06,1.32382e-06,3.08372e-05,1.18343e-06,1.8826e-06,2.05438e-06,6.18136e-06,0.000143157,6.59541e-05,1.23562e-06,0.000108023,1.3589e-06,3.49997e-06,2.15251e-06,9.6893e-07,1.10137e-06,6.35712e-06,1.26788e-06,1.89113e-06,1.85407e-06,8.86437e-05,1.41174e-06,1.62696e-06,3.10747e-06,3.01681e-06,1.5803e-06,1.60557e-06,1.67535e-06,1.07842e-05,0.000113328,1.56945e-06,1.81414e-06,2.19534e-06,2.59483e-06,1.51783e-06,2.18934e-06,9.02469e-06,1.78353e-06,1.62373e-06,1.67684e-06,2.10139e-06,9.9031e-05,9.49198e-05,2.03291e-06,2.14199e-06,8.99775e-12,2.97304e-06,0.000149742,2.31792e-06,8.7513e-07,2.30902e-06,5.70478e-07,1.02634e-05,3.13252e-05,2.92111e-05,1.85212e-06,3.36053e-06,9.08108e-06,2.18024e-05,1.766e-06,5.15871e-07,3.76681e-06,9.08398e-06,3.20833e-06,7.37208e-07,2.30902e-06,8.09579e-06,9.12676e-06,6.53751e-06,5.15008e-06,1.10801e-06,4.9089e-05,1.8366e-05,1.64805e-05,6.85454e-07,4.19902e-07,1.85445e-05,4.06375e-05,1.04155e-08,1.02218e-05,1.36587e-05,1.191e-05
rs397509086,2.80825e-05,5.94187e-06,1.50249e-05,4.5854e-05,0.0112122,4.84805e-06,4.76001e-05,0.00144789,0.000550726,0.000165758,8.7981e-06,0.000182834,6.87785e-08,0.001602,0.000176819,0.000169916,0.000168465,3.89806e-05,4.61112e-05,5.7115e-05,4.28984e-05,3.14686e-05,0.00208039,4.27398e-05,4.49811e-06,0.000116678,0.00212141,0.00207105,0.00208286,3.18521e-06,1.74557e-06,3.6463e-06,1.65378e-05,7.8739e-06,5.00446e-06,3.46165e-06,0.00212165,9.07682e-06,,0.00212123,0.0133489,0.00214139,3.99064e-06,5.22957e-06,0.00211,4.12603e-06,5.11592e-06,7.57644e-05,3.56351e-06,3.41943e-06,0.00210076,0.00209353,3.87588e-06,0.00215029,0.000528839,2.71365e-06,3.13986e-06,3.53187e-06,1.0,,0.00213013,3.29279e-06,8.40094e-06,3.7198e-06,7.37599e-06,0.00213188,4.30087e-05,3.83588e-06,2.58716e-06,4.06882e-06,0.00213316,4.91324e-05,5.46901e-05,2.32174e-07,2.83134e-06,5.00745e-07,2.98565e-06,7.49488e-06,0.00213181,0.00213928,0.00209436,2.52926e-08,5.29685e-05,0.00211172,3.95729e-06,,3.06302e-06,9.305e-07,8.01508e-06,8.69763e-06,3.45337e-06,3.5277e-06,3.681e-06,1.01772e-06,,3.44832e-06,3.92076e-06,4.75967e-06,5.46799e-06,3.33495e-06,4.82847e-06,4.05962e-06,3.99671e-06,3.56772e-06,3.56782e-06,4.50045e-06,3.2836e-06,3.57073e-06,0.00213954,1.85166e-05,2.55582e-05,3.06065e-05,3.57695e-06,5.00981e-06,0.00212767,0.00212078,4.2877e-06,1.26204e-05,8.99579e-06,4.62472e-05,3.83642e-06,7.8043e-05,3.80055e-05,0.000122604,3.84128e-06,9.41605e-06,7.68428e-05,1.47078e-05,0.000200531,0.00302114,1.18742e-05,0.000396911,5.09943e-05,0.00277431,0.000182366,0.000224568,4.99772e-05,0.00283964,0.00282862,1.66818e-06,0.000451522,0.000244947,0.000293407,0.000115693,6.12839e-05,0.00065742,9.04008e-05
rs587782824,5.60936e-08,2.32776e-06,1.05668e-05,4.59732e-05,3.72681e-08,1.96249e-06,2.48811e-05,2.05634e-05,1.50885e-07,2.64603e-06,1.64906e-05,6.50093e-06,1.76743e-05,4.31924e-06,2.7163e-06,7.50507e-06,8.5722e-06,5.15004e-06,1.03831e-05,4.32832e-06,8.33213e-06,5.34394e-08,9.86168e-08,1.74472e-07,1.35997e-05,5.92908e-06,2.26445e-07,9.91383e-07,1.01975e-07,,4.39593e-06,1.44598e-06,0.000114302,3.07969e-06,1.9478e-06,1.34725e-06,2.20762e-07,3.53246e-06,0.502819,4.09656e-06,3.81613e-06,3.19633e-07,,2.08073e-06,1.69208e-06,1.63849e-06,6.88003e-05,2.88533e-06,1.31681e-06,1.34388e-06,1.63981e-07,1.99244e-07,,1.09727e-07,2.55859e-07,1.05617e-06,1.22206e-06,1.36404e-06,,1.0,1.60879e-07,1.28166e-06,3.38785e-06,1.44778e-06,2.92845e-06,1.57199e-07,1.13206e-06,0.289327,1.01207e-06,,1.61269e-07,9.16026e-05,1.00068e-06,0.621479,1.10197e-06,0.459176,1.14734e-06,3.94503e-05,1.09163e-06,1.42824e-07,1.92468e-07,5.45149e-06,0.000679651,1.29874e-08,1.58555e-06,0.760692,1.20725e-06,0.356296,2.67249e-06,2.59495e-06,,1.373e-06,1.43268e-06,9.67688e-06,0.572704,1.34212e-06,,1.97879e-06,2.19085e-06,1.29798e-06,1.91408e-06,7.60504e-06,1.55552e-06,1.38861e-06,0.000107321,1.78183e-06,0.000117811,1.38976e-06,4.67462e-09,1.84687e-06,1.67375e-06,1.2422e-05,3.51988e-06,,3.76329e-07,1.65333e-08,9.64191e-06,7.12156e-06,3.70356e-06,6.84791e-06,1.53394e-06,1.65318e-06,3.63837e-10,5.92686e-05,1.51019e-06,3.85516e-05,2.34161e-06,1.20415e-05,1.62478e-07,9.31875e-06,6.03415e-06,1.7266e-06,2.56716e-05,1.15469e-05,7.78616e-06,7.85122e-06,7.31845e-06,2.15209e-05,2.09251e-05,6.02344e-05,4.01928e-06,3.84352e-07,2.58395e-05,2.25913e-05,1.78376e-05,6.22088e-05,3.78378e-07
rs16942,0.000733822,0.000412036,0.000949491,0.0063493,0.0515423,0.00107166,0.00428912,0.058525,0.114906,0.00194283,0.0177009,0.00175003,0.0188188,0.437035,0.00265116,0.00306075,0.0029828,0.000724389,0.0840609,0.10428,0.019899,0.0154786,0.97549,0.0329727,0.00811876,0.0506854,0.997177,0.968753,0.995841,5.69023e-06,0.0137614,0.000942201,0.00350913,0.00243345,4.15946e-05,3.14365e-05,0.996678,2.81635e-05,8.2125e-10,0.993835,0.16117,0.992559,2.44079e-05,0.000497535,0.994168,1.98094e-05,6.5716e-07,0.0345036,4.21141e-05,5.3265e-06,0.998851,0.999381,1.24063e-05,0.999498,0.214056,3.53564e-06,5.03982e-05,2.04833e-06,0.00213013,1.60879e-07,1.0,0.000454577,4.62197e-07,1.70537e-05,4.39179e-05,0.999941,3.89673e-08,3.60703e-05,3.08267e-05,1.26799e-05,0.998852,0.0157814,1.91224e-05,0.000101153,3.14593e-05,6.25667e-05,1.77009e-05,0.00104208,0.998792,0.999469,0.999882,0.00348921,5.39707e-05,0.999528,0.00106655,9.15372e-06,2.38452e-06,3.11705e-05,0.000698774,0.000679799,1.52835e-05,2.19107e-05,3.89073e-05,0.00204689,4.75744e-05,1.50306e-05,1.746e-05,0.00123272,0.00151432,4.17038e-05,0.000157126,0.00333761,4.22497e-05,1.33894e-05,0.000293987,0.000395079,4.07426e-06,2.90427e-05,0.999616,1.51677e-05,0.0263312,0.0226445,0.000936919,7.10851e-06,0.995201,0.995064,0.00271793,0.0165814,0.0114704,0.0115747,0.00025828,0.158224,0.0118872,0.0737717,0.000293537,0.0246645,0.155085,0.0183649,0.0878908,0.605084,0.00744342,0.132414,0.0283732,0.00392344,0.118546,0.0288302,0.0107686,0.00161547,0.00163757,0.00426883,0.0690596,0.0507146,0.00390393,0.0106959,0.00466068,0.00547493,0.00372065
rs80357272,8.71333e-05,2.49777e-06,6.45457e-06,2.51882e-05,2.92765e-05,2.10583e-06,3.5876e-07,0.000198632,0.00202716,0.000279894,1.96087e-05,0.000281587,4.40815e-05,0.000662034,0.000295877,0.000291599,0.000285909,2.1542e-05,0.000162313,0.000106164,5.78899e-06,1.59229e-05,0.000475462,4.93444e-05,3.89362e-05,1.11072e-05,0.000458354,0.000453647,0.000452836,1.36704e-06,1.93951e-06,1.57151e-06,1.69918e-05,3.32087e-06,2.09006e-06,1.44565e-06,0.000457977,3.79045e-06,1.5703e-06,0.000458567,5.25574e-05,0.000461734,1.71274e-06,2.23271e-06,0.00047211,1.71672e-06,2.11466e-06,2.95997e-05,1.48843e-06,1.4433e-06,0.000455861,0.000443798,1.66349e-06,0.000453557,0.00204096,1.13331e-06,1.31132e-06,1.49879e-06,3.29279e-06,1.28166e-06,0.000454577,1.0,3.46388e-06,1.53523e-06,3.10524e-06,0.000454574,1.21475e-06,3.2284e-06,1.08602e-06,1.74625e-06,0.00045522,1.92215e-06,1.0611e-06,1.94551e-06,1.18246e-06,1.32922e-06,1.24694e-06,3.2116e-06,0.000443647,0.000454791,0.000457002,1.10464e-05,1.15167e-06,0.000453958,1.70136e-06,1.55593e-06,1.29543e-06,1.52558e-06,2.85144e-06,2.76826e-06,1.48214e-06,1.47329e-06,1.53733e-06,1.01379e-05,1.27911e-06,1.44015e-06,1.68273e-06,1.9732e-06,2.38104e-06,1.39278e-06,2.05379e-06,8.20032e-06,1.66913e-06,1.49003e-06,1.53868e-06,1.92826e-06,0.000107778,1.49127e-06,0.000455988,1.99803e-06,1.59627e-05,1.21387e-05,3.6879e-06,2.12481e-06,0.000458783,0.000458671,1.03625e-05,2.05045e-06,5.3738e-06,4.97968e-05,1.69953e-06,0.000118927,2.16818e-05,4.4629e-05,1.60141e-06,1.32961e-06,0.000118104,3.17788e-05,6.12046e-06,0.000291902,9.03294e-05,0.000100568,3.75023e-05,0.000298844,0.000107077,0.00446185,2.39129e-05,0.000237962,0.000248713,3.1257e-06,0.00010726,0.000132939,0.000166265,3.67181e-07,6.64905e-05,0.000143086,2.57862e-05
rs886040118,9.66665e-07,9.39593e-06,9.90208e-05,9.80954e-07,1.21644e-08,1.36694e-05,6.61484e-06,5.38775e-06,5.17755e-07,1.46436e-05,8.30114e-07,1.2328e-05,9.07451e-06,2.5532e-06,2.80383e-05,1.42028e-05,8.8952e-06,4.78524e-08,1.1993e-05,7.66559e-07,1.34497e-05,8.4773e-06,1.33493e-06,8.60602e-06,1.49482e-08,1.50248e-09,6.36583e-07,8.32884e-07,8.30531e-07,3.61633e-06,1.0216e-05,2.52851e-05,2.64009e-08,4.61088e-05,1.39108e-05,3.77783e-06,6.2078e-07,5.1025e-06,4.19342e-06,1.81464e-07,5.11001e-05,8.96535e-07,4.53078e-06,5.81565e-06,8.04111e-07,1.92176e-05,1.2236e-05,1.54724e-06,3.93412e-06,3.8604e-06,4.66383e-07,5.62749e-07,4.40053e-06,3.11724e-07,3.87524e-06,2.99547e-06,3.46604e-06,3.89934e-06,8.40094e-06,3.38785e-06,4.62197e-07,3.46388e-06,1.0,4.10621e-06,7.63328e-08,4.51565e-07,3.12496e-06,8.4928e-06,2.87064e-06,4.61942e-06,4.55289e-07,4.33959e-07,2.84095e-06,5.09975e-06,,3.46958e-06,3.29572e-06,4.03835e-06,6.75187e-07,5.35717e-07,5.43359e-07,1.28851e-05,2.99366e-06,3.44732e-07,4.47579e-06,4.11274e-06,3.38123e-06,4.03255e-06,7.49409e-06,7.2741e-06,3.88366e-06,3.89406e-06,4.06338e-06,2.06045e-05,3.38094e-06,3.80653e-06,4.38674e-06,1.46487e-05,1.08827e-05,3.66386e-06,5.00294e-06,2.14807e-05,,3.89539e-06,3.91937e-06,1.91637e-05,3.686e-06,2.75128e-05,4.44109e-07,4.76461e-06,1.45682e-08,5.34392e-07,9.76821e-06,5.61712e-06,6.05202e-07,6.59023e-07,8.76659e-06,5.02735e-06,9.64836e-07,9.35528e-07,4.40631e-06,4.05859e-05,1.49008e-06,7.69222e-06,4.24012e-06,1.45843e-05,5.24696e-05,3.1104e-05,1.05321e-06,2.03432e-05,5.69815e-07,4.08209e-07,2.47397e-06,2.52879e-06,2.87293e-06,2.54262e-05,4.02547e-06,1.06656e-05,1.13582e-05,1.46285e-05,6.38847e-08,2.1966e-05,3.93353e-06,3.83186e-06,2.74096e-06,0.000114452,7.39518e-06
rs397509054,1.16358e-06,2.80308e-06,5.98348e-06,8.78664e-09,1.81449e-06,2.37871e-06,6.67766e-05,4.51848e-06,1.54728e-06,5.95239e-05,9.75591e-06,5.77045e-05,9.03249e-07,1.54157e-05,5.69366e-05,4.9445e-05,5.02472e-05,3.79219e-07,9.94683e-05,6.59857e-05,4.25703e-05,2.52835e-07,1.25568e-05,3.20765e-06,7.63242e-08,1.38406e-06,1.64003e-05,2.08873e-05,8.27733e-06,1.54432e-06,1.11575e-06,1.75664e-06,1.91942e-05,3.73285e-06,2.3609e-06,0.740115,1.64493e-05,4.28163e-06,1.79209e-06,1.54839e-05,4.39675e-06,1.55886e-05,0.917863,2.52203e-06,1.5864e-05,1.98607e-06,2.50679e-06,2.77287e-07,0.912489,1.6498e-06,1.70648e-05,1.66764e-05,0.915803,1.77828e-05,3.00415e-07,1.28017e-06,0.835601,1.69301e-06,3.7198e-06,1.44778e-06,1.70537e-05,1.53523e-06,4.10621e-06,1.0,3.51243e-06,1.7104e-05,0.000112947,0.453395,1.22675e-06,0.889713,1.70754e-05,4.24023e-05,1.21292e-06,2.19767e-06,1.33568e-06,1.51937e-06,0.732769,3.62777e-06,1.68122e-05,1.73171e-05,1.67452e-05,6.58896e-06,1.32043e-06,1.7618e-05,1.92182e-06,1.75756e-06,1.4633e-06,1.72332e-06,3.23929e-06,3.14531e-06,0.719656,0.852175,0.946743,5.35369e-07,1.44487e-06,0.932267,0.916701,2.39838e-06,2.68959e-06,0.898159,0.000292909,2.20718e-06,1.88543e-06,0.848705,1.71994e-06,2.17813e-06,1.61203e-06,1.68451e-06,1.5332e-05,2.25695e-06,4.24219e-06,2.49769e-06,4.2663e-06,0.719445,2.03352e-05,1.634e-05,1.16017e-05,4.08999e-07,2.49564e-05,9.18504e-09,1.91976e-06,9.51069e-05,6.95925e-06,8.75934e-06,1.81139e-06,1.89196e-05,0.000100767,8.49936e-08,1.41629e-06,1.13113e-06,1.37172e-06,1.43227e-05,1.35293e-05,3.10894e-07,4.60794e-06,1.7009e-08,1.60939e-05,1.34003e-07,8.68944e-08,5.0349e-06,1.84447e-06,3.35222e-08,4.47168e-07,1.18637e-06,1.56267e-06,3.00031e-06,1.4175e-05
rs4986852,3.74754e-06,5.6325e-06,5.52458e-05,8.2184e-07,2.39252e-05,4.73727e-06,3.68361e-06,8.45456e-05,1.3024e-07,2.83204e-06,3.90551e-06,2.37452e-06,2.89461e-06,2.9559e-05,9.82868e-06,6.10171e-06,6.46957e-06,1.79424e-06,2.0106e-05,1.05102e-05,1.99877e-05,7.23714e-06,4.15814e-05,7.29179e-07,2.29221e-06,2.40159e-05,4.24198e-05,4.11427e-05,4.58078e-05,3.12568e-06,1.5233e-05,3.09678e-05,1.37008e-05,7.4391e-06,4.44119e-06,3.2483e-06,4.25123e-05,0.00212499,3.62483e-06,4.24425e-05,2.68157e-06,4.48413e-05,3.87782e-06,5.10118e-06,4.54946e-05,3.92141e-06,4.91991e-06,1.8473e-07,3.36368e-06,3.33683e-06,3.57507e-05,5.20224e-05,3.76522e-06,4.55998e-05,5.22717e-06,2.58938e-06,2.95904e-06,3.31241e-06,7.37599e-06,2.92845e-06,4.39179e-05,3.10524e-06,7.63328e-08,3.51243e-06,1.0,4.40463e-05,2.77532e-06,7.29979e-06,2.48131e-06,3.93322e-06,4.40183e-05,4.25634e-06,2.45528e-06,4.44521e-06,0.0118057,3.07317e-06,2.81196e-06,6.74526e-06,5.2353e-05,4.45668e-05,4.32548e-05,1.75874e-05,2.87878e-08,3.89486e-05,3.81305e-06,3.55506e-06,2.88564e-06,3.48592e-06,6.44064e-06,6.25071e-06,3.33258e-06,3.32911e-06,3.47531e-06,1.81835e-05,2.92251e-06,3.25339e-06,3.80919e-06,4.77818e-06,5.36576e-06,3.14509e-06,4.53152e-06,5.40703e-06,0.0178325,3.36729e-06,3.2068e-05,2.25649e-05,3.69397e-05,3.35197e-06,4.20567e-05,0.000325491,1.04412e-05,5.28692e-06,5.00295e-05,4.87771e-06,4.7063e-05,3.62589e-05,2.33782e-05,5.18319e-07,1.06512e-05,4.65896e-06,2.70378e-05,1.0075e-05,1.88358e-05,2.88939e-06,3.6282e-06,1.95934e-05,1.06041e-05,1.93751e-05,5.52119e-06,1.81308e-05,1.93756e-06,1.91647e-06,5.57627e-06,2.84707e-06,2.87286e-05,4.36544e-07,2.33196e-06,4.40116e-08,1.49314e-07,8.6051e-06,5.11181e-08,5.8537e-05,8.31112e-06,9.18841e-06,6.20267e-06,5.86773e-06,1.3426e-05
Affx-13890987,0.000735417,0.000411956,0.000952304,0.00635774,0.0514985,0.00107253,0.00429414,0.0584936,0.114883,0.00193368,0.0176571,0.00174883,0.0188026,0.437124,0.00265527,0.0030513,0.0029734,0.000737677,0.0840469,0.10421,0.0199143,0.0154919,0.975396,0.0329993,0.00813435,0.0506464,0.997088,0.968768,0.995868,5.66438e-06,0.0137377,0.000942943,0.00347682,0.00243529,4.16905e-05,3.15045e-05,0.996706,2.82706e-05,6.62561e-07,0.993744,0.161304,0.992585,2.44838e-05,0.000497474,0.994224,1.98564e-05,6.66507e-07,0.0345402,4.21985e-05,5.30966e-06,0.998791,0.99944,1.24576e-05,0.999439,0.21395,3.52067e-06,5.04881e-05,2.03316e-06,0.00213188,1.57199e-07,0.999941,0.000454574,4.51565e-07,1.7104e-05,4.40463e-05,1.0,4.08066e-08,3.99614e-05,3.08984e-05,1.2733e-05,0.998793,0.0157811,1.50755e-05,0.000109923,3.15343e-05,7.08564e-05,1.77517e-05,0.00104207,0.99885,0.999528,0.999941,0.00349197,5.40633e-05,0.999587,0.00106736,1.20278e-05,2.40017e-06,3.6545e-05,0.000698684,0.000679745,1.44105e-05,2.19676e-05,3.89888e-05,0.0020548,5.49388e-05,1.50759e-05,1.75223e-05,0.00123372,0.00151534,4.17858e-05,0.000157347,0.00334044,4.23382e-05,1.34311e-05,0.000293943,0.000395028,4.05612e-06,2.90012e-05,0.999557,1.51305e-05,0.0263535,0.0226718,0.00093681,7.1512e-06,0.995228,0.995091,0.00271777,0.0165673,0.0114568,0.0115829,0.000258222,0.158192,0.0118867,0.0737861,0.000293488,0.0246865,0.155052,0.0183947,0.0878116,0.605163,0.00744324,0.132535,0.0283839,0.00392957,0.118537,0.0288533,0.0107977,0.00160709,0.00162911,0.00426445,0.0691139,0.0506449,0.00392402,0.0107317,0.00465447,0.00549256,0.00373104
rs879255315,1.76207e-09,2.20617e-06,5.59639e-06,3.79277e-06,2.47856e-06,1.85999e-06,7.40333e-06,5.09315e-06,6.58378e-07,2.32537e-06,8.89844e-06,5.60838e-07,1.57975e-05,5.87123e-06,5.49032e-06,4.10354e-06,3.93636e-06,7.23487e-08,3.52382e-05,6.33161e-06,1.10894e-05,4.07973e-07,2.8842e-08,2.42003e-05,1.77136e-06,7.46864e-06,1.60173e-08,5.91491e-08,2.56228e-07,1.2075e-06,1.77267e-05,0.000111513,1.16275e-05,2.93318e-06,7.78312e-05,0.000123737,1.73813e-08,3.30317e-06,1.40129e-06,1.54604e-08,2.41975e-07,1.3202e-06,0.000103262,1.97205e-06,4.82001e-07,1.55299e-06,1.95994e-06,1.10437e-07,0.000118938,1.27568e-06,3.82125e-08,2.35252e-08,0.000107101,7.11104e-08,6.33e-07,1.00101e-06,0.000138477,1.32382e-06,4.30087e-05,1.13206e-06,3.89673e-08,1.21475e-06,3.12496e-06,0.000112947,2.77532e-06,4.08066e-08,1.0,4.241e-05,0.000172695,0.00010082,3.89324e-08,1.14601e-05,0.000193635,1.71843e-06,1.04441e-06,1.18804e-06,0.000149305,2.8223e-06,2.77154e-08,4.86403e-08,2.61623e-08,5.15226e-06,1.02627e-06,6.2816e-08,1.50273e-06,1.37429e-06,1.14416e-06,0.000115841,5.04506e-05,5.2581e-05,0.000123424,0.00012051,0.000114396,3.16099e-06,1.12978e-06,0.000123784,0.000107542,1.82529e-06,2.075e-06,0.000128962,1.76561e-06,6.23543e-06,1.47423e-06,0.000118925,1.35905e-06,1.70314e-06,0.000125447,0.000534863,4.20847e-08,1.76478e-06,3.71005e-05,6.09125e-07,3.48684e-05,7.74919e-05,1.90881e-08,1.42996e-08,9.16735e-06,1.03863e-05,8.48804e-06,2.00513e-05,0.000102362,1.40625e-06,1.01585e-07,7.69079e-09,1.41698e-06,1.01977e-05,1.08393e-06,1.56048e-07,1.3605e-05,1.43241e-06,8.34489e-06,1.54037e-07,1.46183e-05,9.74433e-09,1.52297e-05,1.24586e-05,1.80741e-07,2.88296e-07,2.53693e-08,1.98144e-05,1.77099e-08,9.57334e-07,4.21129e-07,3.41621e-05,5.32656e-05,1.3395e-06,2.04566e-05
rs80357502,1.8552e-07,5.86342e-06,0.000109438,8.28641e-06,2.67769e-06,4.94335e-06,0.00020523,5.23462e-07,1.47525e-05,3.72922e-05,3.41307e-08,3.34087e-05,1.03271e-05,2.83497e-05,3.71866e-05,2.5169e-05,2.59392e-05,4.5753e-06,4.15471e-05,4.11867e-05,1.32873e-05,8.27147e-07,3.07314e-05,2.57902e-08,1.34056e-05,1.46536e-06,3.47005e-05,3.84287e-05,2.72038e-05,1.59251e-06,1.49615e-06,3.65189e-06,7.22776e-06,7.79561e-06,4.90634e-06,0.341046,3.48031e-05,8.89797e-06,0.232738,1.9398e-05,4.64024e-06,3.75684e-05,0.949533,5.24118e-06,2.84074e-05,4.12733e-06,1.46801e-05,5.21913e-07,0.441343,3.4113e-06,3.60944e-05,3.52626e-05,0.907546,3.76004e-05,2.65862e-06,2.66041e-06,0.388668,3.08372e-05,3.83588e-06,0.289327,3.60703e-05,3.2284e-06,8.4928e-06,0.453395,7.29979e-06,3.99614e-05,4.241e-05,1.0,2.54939e-06,0.902239,3.61162e-05,1.22294e-06,2.52069e-06,0.313349,2.77577e-06,0.208085,0.345954,5.31712e-06,3.55647e-05,3.66235e-05,3.54329e-05,1.37318e-05,0.000582079,3.72547e-05,3.99387e-06,0.297601,3.04097e-06,0.175278,6.73177e-06,6.53646e-06,0.742972,0.405464,0.441401,4.19499e-06,0.257903,0.438724,0.928707,4.98454e-06,5.58925e-06,0.409477,0.000111927,1.5511e-06,3.91823e-06,0.401936,2.92718e-05,4.52651e-06,3.35839e-05,3.5007e-06,3.81821e-05,4.69032e-06,1.47833e-05,3.3729e-07,8.86628e-06,0.739835,4.36902e-05,3.92523e-05,2.42018e-05,2.16644e-06,9.61918e-06,8.29408e-06,2.45777e-05,7.70298e-05,1.08524e-05,7.48536e-06,3.78488e-06,2.34326e-05,8.36512e-05,2.08388e-05,6.75267e-08,5.125e-07,8.90364e-06,2.62774e-05,4.9235e-05,2.65959e-06,1.19604e-07,2.51207e-06,3.62357e-05,6.43025e-06,5.93045e-06,1.93691e-05,1.47539e-06,8.58687e-06,5.18752e-06,3.48736e-05,1.0835e-05,4.05579e-05,8.93532e-06
rs80357377,1.18602e-05,1.97237e-06,1.53033e-05,2.93597e-06,5.09317e-06,1.53863e-06,0.000142398,4.71863e-05,1.65915e-05,1.04996e-05,1.49143e-05,1.64748e-05,1.2219e-05,1.59307e-05,1.24517e-05,1.30323e-05,1.33587e-05,3.6223e-05,3.63559e-05,5.01988e-05,3.32011e-06,7.12675e-06,1.93141e-05,,5.11066e-05,1.61255e-05,2.32622e-05,1.76838e-05,2.4748e-05,1.07961e-06,1.58746e-05,1.24095e-06,1.64849e-05,0.000240988,1.65042e-06,1.14156e-06,2.33093e-05,2.99315e-06,1.25279e-06,2.32655e-05,1.11873e-05,2.91635e-05,1.35262e-06,1.75026e-06,2.94787e-05,1.38843e-06,1.75241e-06,2.62585e-05,1.17534e-06,1.15332e-06,3.0868e-05,1.88167e-05,1.31372e-06,3.17084e-05,3.01155e-05,8.94923e-07,1.03548e-06,1.18343e-06,2.58716e-06,1.01207e-06,3.08267e-05,1.08602e-06,2.87064e-06,1.22675e-06,2.48131e-06,3.08984e-05,0.000172695,2.54939e-06,1.0,1.37911e-06,3.08819e-05,2.32415e-05,8.47936e-07,1.53632e-06,9.33702e-07,1.06214e-06,9.84647e-07,2.53605e-06,2.24773e-05,3.11697e-05,2.24055e-05,4.61919e-06,9.42772e-07,3.15153e-05,1.34348e-06,1.22865e-06,1.02294e-06,1.20471e-06,2.26435e-06,2.19877e-06,1.1705e-06,1.16338e-06,1.21395e-06,8.19878e-06,1.01005e-06,1.13722e-06,1.32892e-06,1.67664e-06,1.8802e-06,1.09981e-06,0.000105575,8.35265e-06,1.31803e-06,1.17661e-06,1.21503e-06,1.52265e-06,1.12691e-06,1.17758e-06,3.1025e-05,1.57776e-06,2.19504e-05,8.49335e-05,2.98244e-06,1.69805e-06,3.02745e-05,3.00349e-05,8.18285e-06,1.24175e-05,1.06957e-06,2.61413e-05,0.00011617,2.42009e-05,1.32274e-05,6.06862e-07,1.27963e-06,5.98954e-06,2.71243e-05,5.34681e-06,1.93519e-06,9.44183e-06,1.26422e-05,1.13239e-05,2.29607e-06,1.86655e-05,1.46676e-05,2.10138e-05,1.0653e-07,2.67931e-05,1.86107e-05,1.74764e-05,1.7145e-07,1.10686e-06,2.69707e-07,2.61444e-06,1.07425e-05,5.24431e-07,2.34811e-06
rs886040067,3.11686e-06,3.13053e-06,4.70021e-06,3.30083e-07,2.28327e-06,2.5711e-06,5.45785e-05,1.54163e-05,1.82054e-06,3.03678e-05,1.56878e-07,2.90771e-05,4.89162e-06,2.86641e-06,2.79116e-05,3.07269e-05,3.13365e-05,3.32302e-06,6.53379e-05,4.1442e-05,3.32348e-05,6.77871e-08,8.68528e-06,5.67497e-06,8.5488e-06,2.9353e-06,1.20811e-05,1.985e-05,5.54599e-06,1.68922e-06,3.20914e-07,1.91532e-06,2.13236e-05,4.19645e-06,2.63343e-06,0.690551,1.21253e-05,4.81367e-06,,1.12781e-05,2.31851e-08,1.13543e-05,0.921585,4.45437e-05,1.1588e-05,2.21228e-06,2.755e-06,7.65265e-06,0.905613,1.83406e-06,1.26833e-05,1.23304e-05,0.909726,1.33239e-05,3.50198e-06,1.43915e-06,0.802004,1.8826e-06,4.06882e-06,,1.26799e-05,1.74625e-06,4.61942e-06,0.889713,3.93322e-06,1.2733e-05,0.00010082,0.902239,1.37911e-06,1.0,1.27054e-05,4.90538e-05,1.36419e-06,1.23132e-07,1.50157e-06,2.66939e-07,0.717657,3.97479e-06,1.2454e-05,1.28996e-05,1.24035e-05,7.30389e-06,1.42432e-06,1.31784e-05,2.1193e-06,,1.62444e-06,4.93479e-07,3.01858e-05,3.16947e-05,0.713109,0.862003,0.881461,1.34868e-07,,0.892838,0.901777,2.58993e-06,2.94109e-06,0.840754,0.000266709,1.29909e-06,2.1196e-06,0.805116,1.8945e-06,2.38675e-06,1.75036e-06,1.89373e-06,1.12075e-05,2.51633e-06,1.20464e-05,1.00402e-07,1.90507e-05,0.731055,1.5347e-05,1.20514e-05,1.27856e-05,2.17509e-06,2.95635e-05,1.53656e-06,2.0346e-06,7.85029e-05,3.71319e-06,3.78044e-06,2.01774e-06,2.27947e-05,8.33514e-05,6.71761e-06,4.79102e-08,3.12061e-06,2.65344e-05,1.23036e-05,1.2961e-05,2.45655e-06,1.53576e-06,1.00731e-06,2.1771e-05,1.24272e-05,1.18991e-05,2.80862e-05,2.20535e-06,7.36958e-06,2.71242e-07,1.93929e-08,1.30378e-05,3.44636e-06,1.86194e-05
Affx-13890999,0.000720091,0.000419699,0.000950787,0.00635439,0.0514714,0.00107313,0.00425861,0.0584368,0.114902,0.00194164,0.0176961,0.00174486,0.0187858,0.436538,0.00264015,0.00304484,0.00297235,0.00073034,0.0840485,0.104294,0.0195952,0.0152704,0.974718,0.0329486,0.00812668,0.0506446,0.996407,0.96754,0.994655,5.69337e-06,0.0138149,0.000943499,0.00344595,0.0024368,4.16487e-05,3.14701e-05,0.995525,2.81986e-05,8.36834e-10,0.992648,0.160934,0.991402,2.44525e-05,0.000506953,0.993012,1.98255e-05,6.59039e-07,0.0345153,4.21695e-05,3.56006e-06,0.998171,0.99826,1.2431e-05,0.998817,0.213783,3.54137e-06,5.0465e-05,2.05438e-06,0.00213316,1.61269e-07,0.998852,0.00045522,4.55289e-07,1.70754e-05,4.40183e-05,0.998793,3.89324e-08,3.61162e-05,3.08819e-05,1.27054e-05,1.0,0.0157911,1.91571e-05,0.000101299,3.1511e-05,6.26502e-05,1.77237e-05,0.00104355,0.997639,0.998318,0.998732,0.00346148,5.40861e-05,0.998877,0.00106802,9.16497e-06,4.63183e-06,3.12112e-05,0.000699733,0.000680764,1.53126e-05,2.19372e-05,3.89583e-05,0.00204943,4.76375e-05,1.50496e-05,1.74932e-05,0.00123453,0.00151625,4.1759e-05,0.00015734,0.00334221,4.23194e-05,1.34062e-05,0.000294405,0.000395641,4.08089e-06,2.90858e-05,0.998877,1.51911e-05,0.0263732,0.022664,0.000938121,7.12379e-06,0.994015,0.99391,0.00271868,0.0166243,0.0114865,0.0115449,0.000258667,0.157997,0.0118782,0.0737891,0.000293955,0.024626,0.15487,0.0183668,0.0878279,0.604171,0.00739474,0.13231,0.0283531,0.00394113,0.118605,0.0289195,0.0107714,0.00165253,0.00167495,0.00425958,0.0691202,0.0506692,0.00390013,0.0106808,0.00462767,0.00538031,0.00372222
rs80356892,0.000412586,2.3973e-05,4.27894e-05,0.000529733,0.000640882,4.75447e-06,0.000186744,0.00123882,0.0706395,0.00467103,0.000560906,0.00467226,0.000657779,0.0201724,0.00492406,0.00476189,0.00476471,0.000674606,0.00240683,0.00222766,0.000272172,0.000788836,0.0160119,0.000336522,0.000510372,0.0019031,0.0157707,0.0160437,0.0156659,2.82572e-08,0.000276433,9.89354e-06,0.000166783,5.30675e-05,7.11926e-07,3.77426e-05,0.0158926,2.37747e-06,3.58182e-06,0.0157826,0.00227399,0.0157605,4.77316e-05,9.70776e-06,0.0158019,7.87541e-05,8.68372e-07,0.00121075,6.49143e-05,7.15838e-06,0.0157146,0.0157985,4.56533e-05,0.0156987,0.0722372,2.55038e-05,5.71228e-05,6.18136e-06,4.91324e-05,9.16026e-05,0.0157814,1.92215e-06,4.33959e-07,4.24023e-05,4.25634e-06,0.0157811,1.14601e-05,1.22294e-06,2.32415e-05,4.90538e-05,0.0157911,1.0,9.87984e-08,8.0013e-10,4.38985e-05,2.5373e-06,2.97277e-05,3.40645e-05,0.0157601,0.0157327,0.0157632,3.79451e-05,1.08384e-06,0.0157096,2.83716e-05,4.37423e-06,2.3329e-10,2.99912e-07,1.10049e-06,4.0988e-06,6.15302e-07,6.42359e-05,4.169e-05,0.000123874,1.35581e-08,3.76761e-05,4.64515e-05,3.41154e-06,5.35831e-05,3.57284e-05,2.45198e-05,3.00006e-05,9.61973e-06,3.9752e-05,2.23824e-05,5.81488e-05,3.86016e-07,6.61662e-06,0.0158164,2.27036e-05,0.000381161,0.000750094,3.6136e-08,1.32432e-05,0.0156616,0.0157593,0.000143694,0.000719128,0.00037319,0.000605426,2.83033e-05,0.00305213,0.000519253,0.00307862,2.91302e-06,0.000531076,0.00295584,0.000799126,0.00136553,0.00641215,0.000241304,0.00269579,0.00108343,0.00433936,0.00277191,0.104455,0.000771398,0.00418561,0.00413467,0.000150329,0.00444568,0.00228402,0.00393313,0.000868837,0.00041547,0.0125822,0.000438292
rs80356951,3.98006e-06,1.88656e-06,0.000110063,1.93209e-06,0.000117576,1.60589e-06,2.40939e-05,4.3036e-06,2.20465e-05,1.86098e-05,5.41657e-07,3.95633e-06,2.62367e-06,4.4522e-06,8.48228e-06,1.4576e-05,1.4289e-05,9.8798e-07,6.09653e-07,1.77428e-05,2.26331e-05,3.47711e-06,1.72568e-05,2.17572e-06,5.8652e-06,1.48358e-05,1.97385e-05,2.40443e-05,1.85486e-05,1.068e-06,1.1054e-07,1.20773e-06,0.000939771,2.56746e-06,1.63177e-06,1.11103e-06,1.96701e-05,2.9134e-06,1.23868e-06,1.97645e-05,2.5563e-05,9.95315e-06,1.33801e-06,1.71787e-06,2.01771e-05,1.17962e-06,1.68116e-06,8.79761e-06,1.16209e-06,1.10226e-06,1.9205e-05,1.54656e-05,1.29954e-06,1.86636e-05,6.39756e-05,8.43309e-07,1.02382e-06,0.000143157,5.46901e-05,1.00068e-06,1.91224e-05,1.0611e-06,2.84095e-06,1.21292e-06,2.45528e-06,1.50755e-05,0.000193635,2.52069e-06,8.47936e-07,1.36419e-06,1.91571e-05,9.87984e-08,1.0,1.51901e-06,9.23221e-07,1.05013e-06,9.43112e-07,2.43085e-06,1.53681e-05,1.89828e-05,1.53966e-05,4.54172e-06,9.32634e-07,1.87826e-05,1.29512e-06,1.21483e-06,1.01137e-06,1.1912e-06,2.1375e-06,2.09799e-06,1.1448e-06,1.15028e-06,1.20027e-06,7.95206e-06,9.98681e-07,1.12437e-06,1.31458e-06,1.63257e-06,1.83369e-06,1.08743e-06,1.4544e-06,6.40222e-06,1.30318e-06,1.16336e-06,1.17596e-06,1.50548e-06,1.11419e-06,1.13881e-06,1.9136e-05,1.54729e-06,2.93776e-05,9.47856e-06,2.88488e-06,1.65365e-06,1.19151e-05,1.97663e-05,4.51547e-06,1.65397e-06,1.87201e-05,6.26302e-05,1.28891e-06,1.3697e-05,1.10141e-06,8.76806e-08,1.23983e-06,7.60728e-06,1.34031e-05,4.50185e-06,3.10154e-07,1.59094e-06,3.69662e-06,1.83726e-05,2.98683e-05,1.62203e-05,2.59772e-07,6.47985e-07,2.17571e-05,1.61515e-05,1.5683e-05,1.72537e-05,1.74476e-06,7.49742e-07,4.84518e-07,2.4273e-05,1.03157e-05,1.13345e-05,1.38201e-06
Affx-289863301,2.97616e-06,3.53344e-06,2.59545e-06,1.07523e-05,4.75239e-07,2.97898e-06,0.000207309,1.27528e-06,6.0836e-05,9.79031e-07,2.68513e-07,4.54981e-07,1.85745e-05,2.73434e-05,1.18952e-07,1.46497e-08,3.10663e-08,1.09419e-06,7.93081e-07,4.2855e-06,5.49913e-06,2.00031e-05,9.76325e-05,7.98937e-08,2.98636e-06,4.56343e-05,9.94185e-05,9.59079e-05,9.22007e-05,9.63904e-08,6.46092e-09,2.20456e-06,9.47138e-05,4.69782e-06,2.95668e-06,2.04502e-06,9.954e-05,5.36212e-06,0.675384,6.76699e-05,6.63978e-05,9.7095e-05,1.20766e-07,3.15846e-06,8.68145e-05,2.48727e-06,3.7832e-05,1.13069e-05,2.03528e-06,2.04889e-06,0.000101317,0.000100227,1.17293e-07,0.000103384,7.27814e-05,1.60322e-06,1.85503e-06,6.59541e-05,2.32174e-07,0.621479,0.000101153,1.94551e-06,5.09975e-06,2.19767e-06,4.44521e-06,0.000109923,1.71843e-06,0.313349,1.53632e-06,1.23132e-07,0.000101299,8.0013e-10,1.51901e-06,1.0,1.67274e-06,0.515249,1.74924e-06,1.90992e-05,0.000100649,0.000102021,0.000100413,8.27512e-06,0.000999813,0.000102909,2.38384e-06,0.735736,1.83256e-06,0.402677,4.02286e-06,3.93902e-06,1.04506e-07,2.08416e-06,2.17469e-06,1.46633e-05,0.681386,2.03723e-06,1.1865e-07,3.00358e-06,3.36821e-06,1.97027e-06,2.88213e-06,1.17152e-05,2.36121e-06,2.10785e-06,2.15373e-06,2.70482e-06,0.000326511,2.1096e-06,0.000110366,2.8265e-06,2.11296e-08,8.81734e-07,5.34311e-06,1.51603e-07,0.000119081,0.000109381,1.46826e-05,1.68691e-05,5.94642e-06,1.08241e-05,2.3614e-06,3.61884e-05,1.82286e-05,1.08886e-05,2.29241e-06,4.1989e-05,4.14093e-05,2.2632e-05,1.33997e-05,1.76603e-05,4.01798e-08,4.78671e-05,3.42087e-07,4.22205e-06,2.76761e-07,1.21731e-06,3.10141e-05,6.54925e-06,6.14743e-06,8.97815e-05,2.4838e-05,4.62434e-06,1.2633e-06,2.51203e-05,5.29514e-06,1.18536e-05,2.55687e-05
rs273899686,3.40154e-08,2.14746e-06,9.14186e-05,1.87045e-05,2.79419e-05,1.81054e-06,4.04479e-08,4.74073e-06,1.18758e-05,2.4676e-06,2.13596e-06,2.19151e-06,5.28008e-07,3.02728e-06,2.35488e-06,3.62047e-06,1.82515e-06,7.203e-05,5.64002e-06,5.32913e-06,3.92196e-05,1.32329e-06,2.59317e-05,2.38118e-10,8.56919e-07,6.82284e-06,3.06957e-05,3.95844e-05,3.25017e-05,1.17546e-06,6.61403e-07,0.000115247,1.28446e-08,2.8552e-06,1.79698e-06,1.24293e-06,3.07514e-05,0.260112,1.36404e-06,3.06923e-05,4.04433e-05,2.97079e-05,1.47272e-06,1.91962e-06,3.00395e-05,1.51166e-06,1.90805e-06,7.90223e-10,1.27971e-06,1.25574e-06,3.15002e-05,3.10484e-05,1.43036e-06,3.23834e-05,1.82273e-05,9.74392e-07,1.12743e-06,1.23562e-06,2.83134e-06,1.10197e-06,3.14593e-05,1.18246e-06,,1.33568e-06,0.0118057,3.15343e-05,1.04441e-06,2.77577e-06,9.33702e-07,1.50157e-06,3.1511e-05,4.38985e-05,9.23221e-07,1.67274e-06,1.0,1.14247e-06,1.05738e-06,2.76125e-06,2.99171e-05,3.04983e-05,3.11206e-05,1.57197e-05,,3.21807e-05,1.46278e-06,1.33775e-06,1.11378e-06,1.29363e-06,2.46549e-06,2.39402e-06,1.27443e-06,1.26669e-06,1.32175e-06,8.9119e-06,1.09975e-06,1.2382e-06,1.44687e-06,1.82555e-06,2.04716e-06,1.19747e-06,8.53118e-05,7.12033e-06,0.775554,1.28109e-06,1.32292e-06,1.65786e-06,1.22698e-06,1.28215e-06,2.49074e-05,1.70382e-06,2.48086e-06,1.81521e-05,3.23269e-06,8.02778e-05,2.42192e-05,2.39948e-05,8.80126e-06,3.47118e-05,0.000100763,1.90225e-05,0.000104597,8.99429e-08,2.48481e-05,1.26936e-05,1.39326e-06,1.93565e-05,1.21661e-07,8.91688e-06,2.09803e-07,4.3839e-05,8.85161e-06,2.22741e-06,3.89661e-06,1.25695e-05,2.59818e-06,1.26593e-06,4.55735e-08,1.74274e-05,1.79515e-05,1.9037e-05,1.37763e-05,1.73376e-06,5.03979e-06,1.6485e-05,1.45788e-05,1.3045e-06,6.2909e-09
Affx-517017855,9.06323e-06,2.44285e-06,0.000199209,8.3432e-06,1.52002e-05,2.05952e-06,9.3438e-05,3.1257e-07,5.44573e-06,9.79315e-07,4.34003e-06,2.15391e-06,1.94868e-05,8.05743e-06,2.01328e-06,9.96876e-07,1.09263e-06,3.95581e-06,1.50474e-05,2.17194e-05,6.59268e-06,5.7574e-05,6.31703e-05,8.02061e-06,1.51447e-05,3.8474e-08,6.14293e-05,5.16365e-05,6.41951e-05,2.08966e-07,2.44448e-05,1.51841e-06,0.000181453,3.24784e-06,2.01945e-06,1.39784e-06,6.15097e-05,2.78915e-05,0.426375,3.27069e-05,5.48682e-05,5.99158e-05,2.6181e-07,2.18361e-06,5.00733e-05,1.71951e-06,6.43103e-05,2.76867e-08,1.38547e-06,1.41116e-06,6.26658e-05,6.19621e-05,2.54281e-07,6.40102e-05,8.02326e-06,1.10839e-06,1.28248e-06,0.000108023,5.00745e-07,0.459176,6.25667e-05,1.32922e-06,3.46958e-06,1.51937e-06,3.07317e-06,7.08564e-05,1.18804e-06,0.208085,1.06214e-06,2.66939e-07,6.26502e-05,2.5373e-06,1.05013e-06,0.515249,1.14247e-06,1.0,1.20481e-06,3.65237e-05,8.08327e-05,6.3125e-05,6.207e-05,5.72085e-06,0.000152044,6.37018e-05,1.66394e-06,0.532449,0.000124551,0.353633,2.80454e-06,2.72325e-06,2.2656e-07,1.44089e-06,1.50348e-06,9.90884e-06,0.458784,1.40848e-06,2.57223e-07,2.07639e-06,2.30053e-06,1.36215e-06,2.00871e-06,8.00184e-06,1.63243e-06,1.45727e-06,1.48899e-06,1.88585e-06,0.000110951,1.45847e-06,7.11509e-05,1.9541e-06,8.55351e-06,2.42378e-06,3.69393e-06,3.26117e-07,6.98937e-05,6.13314e-05,1.01347e-05,1.54974e-06,5.66994e-10,1.43366e-06,1.62644e-06,5.91721e-05,3.56583e-05,3.06404e-08,1.58486e-06,1.20555e-06,6.74061e-05,1.98483e-06,8.5638e-07,3.34604e-06,4.51537e-06,3.90611e-05,1.94124e-05,1.17712e-05,1.11487e-05,7.12629e-06,4.21186e-05,3.4212e-05,3.17116e-05,1.78447e-06,8.13571e-07,8.37071e-07,1.71108e-05,7.08387e-06,8.99874e-07,9.27017e-06,4.90494e-05
rs397508961,1.04031e-08,2.23518e-06,1.11336e-05,1.28844e-07,1.37375e-06,1.90922e-06,6.08873e-05,3.11112e-06,1.28126e-05,4.22471e-05,7.70759e-06,4.08879e-05,3.40279e-06,4.57852e-05,5.4936e-05,4.53278e-05,4.60218e-05,8.39519e-09,7.16036e-05,6.54925e-05,1.5537e-07,5.58569e-06,1.3543e-05,6.1432e-06,1.45656e-06,5.54793e-06,1.7106e-05,2.34574e-05,7.78782e-06,0.000131917,1.03811e-06,1.4063e-06,1.53912e-05,3.0109e-06,1.89497e-06,0.608465,1.71502e-05,3.42176e-06,1.42368e-06,1.60907e-05,3.61673e-08,1.63594e-05,0.712964,2.0243e-06,1.66124e-05,1.59405e-06,2.01204e-06,4.06162e-06,0.792763,1.32421e-06,1.77202e-05,1.73643e-05,0.716354,1.83756e-05,1.25141e-05,1.02753e-06,0.684907,1.3589e-06,2.98565e-06,1.14734e-06,1.77009e-05,1.24694e-06,3.29572e-06,0.732769,2.81196e-06,1.77517e-05,0.000149305,0.345954,9.84647e-07,0.717657,1.77237e-05,2.97277e-05,9.43112e-07,1.74924e-06,1.05738e-06,1.20481e-06,1.0,2.67593e-06,1.74863e-05,1.79471e-05,2.18341e-05,5.30362e-06,1.06828e-06,1.82239e-05,1.54255e-06,1.39599e-06,1.17451e-06,1.36845e-06,2.58521e-06,2.50986e-06,0.609391,0.665467,0.683045,2.49144e-06,1.15969e-06,0.752078,0.745003,1.92504e-06,2.15873e-06,0.792635,0.00040759,5.51877e-06,1.49862e-06,0.696097,1.39506e-06,1.74822e-06,1.29386e-06,1.352e-06,1.57767e-05,1.79678e-06,2.50093e-06,7.37992e-06,3.34078e-05,0.572656,2.1633e-05,1.70508e-05,9.39504e-06,6.23367e-06,3.17724e-06,6.12744e-06,1.54089e-06,8.25903e-05,5.4589e-06,9.38156e-08,1.45014e-06,3.44835e-05,8.82724e-05,2.71638e-06,1.50135e-06,1.05326e-06,6.86307e-06,1.66028e-05,1.8313e-06,1.25743e-06,2.22583e-06,5.33194e-07,6.37805e-06,1.2586e-06,1.1208e-06,2.03547e-05,4.08241e-06,1.49127e-07,7.11358e-06,1.60985e-06,1.09481e-05,7.12987e-07,6.44775e-06
rs80356948,4.02e-06,5.83275e-06,1.5034e-05,2.98977e-05,0.00482073,1.62374e-05,4.79043e-05,8.19614e-05,0.00034831,0.000127267,3.33967e-05,0.000132718,1.02514e-06,0.00108906,0.000143633,0.000131323,0.000129971,5.81793e-05,0.000109684,0.000157723,2.32513e-05,8.67339e-05,0.0010652,4.58473e-05,1.31153e-05,0.000103547,0.00105081,0.00107309,0.00103801,3.0954e-06,7.77952e-06,3.66966e-06,3.33366e-06,7.75482e-06,4.88068e-06,3.37587e-06,0.00103623,8.80659e-06,2.80032e-05,0.00105122,0.000103821,0.00105865,3.89842e-06,5.21376e-06,0.00104196,4.10572e-06,5.02445e-06,0.000109941,3.47575e-06,3.39327e-06,0.00102912,0.00103514,3.78631e-06,0.00103968,0.000405631,2.63309e-06,3.06216e-06,3.49997e-06,7.49488e-06,3.94503e-05,0.00104208,3.2116e-06,4.03835e-06,3.62777e-06,6.74526e-06,0.00104207,2.8223e-06,5.31712e-06,2.53605e-06,3.97479e-06,0.00104355,3.40645e-05,2.43085e-06,1.90992e-05,2.76125e-06,3.65237e-05,2.67593e-06,1.0,0.000994016,0.00104255,0.00103405,4.80387e-09,2.7456e-06,0.00104057,3.97297e-06,2.87493e-05,3.02506e-06,3.02962e-05,7.66066e-06,8.30996e-06,3.37355e-06,3.44039e-06,3.58993e-06,2.38383e-05,2.95671e-06,3.36301e-06,3.83012e-06,1.81002e-05,5.56016e-06,3.25239e-06,1.66557e-05,3.7858e-06,3.89773e-06,3.46187e-06,3.59311e-06,4.4648e-06,3.33245e-06,3.46475e-06,0.00104538,4.64216e-06,6.4999e-05,7.43819e-05,8.73077e-06,4.86857e-06,0.00105181,0.00103782,2.42369e-05,2.31909e-05,5.28048e-05,1.66164e-05,2.45796e-05,0.000202697,2.33607e-05,0.000219937,3.78415e-06,2.08719e-05,0.000200999,6.81094e-05,0.00011606,0.00065095,2.69177e-05,0.000362481,6.52616e-05,0.000695227,0.000200425,0.000132017,6.74993e-05,0.00059076,0.000595783,5.21601e-05,0.000265494,0.000152265,0.000506043,4.64864e-05,1.05404e-05,0.0001575,6.71357e-05
Affx-472941715,0.0007345,0.000422145,0.00094605,0.00632876,0.051733,0.00107207,0.0043045,0.0587237,0.114488,0.0019435,0.0177299,0.00175719,0.0188203,0.436315,0.00265542,0.00306229,0.00298359,0.000732141,0.0841483,0.104239,0.0198799,0.0155319,0.974226,0.0329623,0.00805733,0.0506516,0.995931,0.967675,0.994706,5.86907e-06,0.013808,0.000942725,0.00349368,0.00243538,4.11869e-05,2.99338e-05,0.995548,2.68704e-05,2.34168e-07,0.992668,0.161076,0.99148,2.4117e-05,0.000468526,0.993121,1.9522e-05,5.89771e-07,0.0346214,4.17874e-05,3.14184e-06,0.997725,0.998287,1.21872e-05,0.998283,0.213626,2.04922e-06,5.00827e-05,2.15251e-06,0.00213181,1.09163e-06,0.998792,0.000443647,6.75187e-07,1.68122e-05,5.2353e-05,0.99885,2.77154e-08,3.55647e-05,2.24773e-05,1.2454e-05,0.997639,0.0157601,1.53681e-05,0.000100649,2.99171e-05,8.08327e-05,1.74863e-05,0.000994016,1.0,0.998522,0.998878,0.00296753,4.45289e-05,0.998432,0.00106723,8.96737e-06,2.29279e-06,3.08626e-05,0.000712593,0.000693533,1.50656e-05,2.16527e-05,3.85795e-05,0.00202871,5.60412e-05,1.48112e-05,1.72074e-05,0.0012331,0.00151526,4.13931e-05,0.000167139,0.00330974,4.19079e-05,1.31757e-05,0.000303925,0.000378153,4.22146e-06,2.53027e-05,0.998402,1.04014e-05,0.0263569,0.0227785,0.000943007,6.91132e-06,0.994095,0.993931,0.00273198,0.016504,0.0114779,0.0115205,0.000266934,0.15793,0.0118459,0.0738406,0.000295617,0.024579,0.15479,0.018446,0.0878502,0.603888,0.00745102,0.132847,0.0284032,0.00388942,0.117664,0.0287629,0.0108038,0.00159479,0.00161781,0.00427606,0.0693463,0.0502453,0.00393773,0.0106259,0.00465114,0.00540712,0.0037563
Affx-206990168,0.000733187,0.000411838,0.000950179,0.006328,0.0514905,0.00107662,0.00429461,0.058358,0.114481,0.00194302,0.0177284,0.00176087,0.0188799,0.436411,0.00266472,0.00306734,0.00298901,0.000726272,0.0841355,0.104185,0.0198795,0.0154853,0.974956,0.0330196,0.00813292,0.0505584,0.99661,0.968296,0.995416,5.5968e-06,0.0138929,0.000946426,0.00346831,0.00237706,4.21009e-05,3.18047e-05,0.996227,2.78654e-05,5.5909e-12,0.993289,0.161005,0.992157,2.47284e-05,0.000497512,0.9938,2.00972e-05,7.11363e-07,0.034474,4.25627e-05,5.22981e-06,0.998375,0.998966,1.26187e-05,0.998964,0.213513,1.46702e-06,5.08786e-05,9.6893e-07,0.00213928,1.42824e-07,0.999469,0.000454791,5.35717e-07,1.73171e-05,4.45668e-05,0.999528,4.86403e-08,3.66235e-05,3.11697e-05,1.28996e-05,0.998318,0.0157327,1.89828e-05,0.000102021,3.04983e-05,6.3125e-05,1.79471e-05,0.00104255,0.998522,1.0,0.999528,0.00331472,5.44853e-05,0.999112,0.00107129,9.33787e-06,2.46528e-06,3.15446e-05,0.000698756,0.000679866,1.55122e-05,2.22099e-05,3.93394e-05,0.00204627,4.80333e-05,1.52676e-05,1.77206e-05,0.00123835,0.00152103,4.21396e-05,0.000170642,0.00332559,4.27309e-05,1.36141e-05,0.000293912,0.000395021,2.4575e-06,2.88585e-05,0.999113,1.49801e-05,0.0261964,0.0226292,0.000936884,7.28204e-06,0.994804,0.994639,0.00272809,0.0164658,0.0114925,0.0115461,0.00025812,0.1584,0.0118151,0.0737415,0.000293457,0.0246667,0.155253,0.0184121,0.0879306,0.60475,0.00743735,0.132479,0.0283475,0.00391385,0.118275,0.0287475,0.0107304,0.00160308,0.00162303,0.00425998,0.0690476,0.0504763,0.00391944,0.0106588,0.00465083,0.00544999,0.00374184
rs16940,0.000725135,0.000414859,0.000947695,0.00637411,0.0513676,0.00107012,0.00433081,0.058283,0.11486,0.00194242,0.0177004,0.00175189,0.0188192,0.437057,0.00265304,0.00305595,0.00297718,0.000725735,0.0839292,0.104016,0.0198885,0.0155025,0.97533,0.0329836,0.0081542,0.0507141,0.997025,0.968671,0.995804,5.87879e-06,0.0137829,0.000942745,0.00346741,0.00243168,4.10531e-05,3.1047e-05,0.996643,2.75341e-05,4.92247e-09,0.993677,0.160936,0.992576,2.40391e-05,0.000488581,0.994217,1.94585e-05,5.81771e-07,0.0345059,4.16657e-05,5.52125e-06,0.99879,0.99938,1.21396e-05,0.999379,0.214038,3.67489e-06,4.99495e-05,1.10137e-06,0.00209436,1.92468e-07,0.999882,0.000457002,5.43359e-07,1.67452e-05,4.32548e-05,0.999941,2.61623e-08,3.54329e-05,2.24055e-05,1.24035e-05,0.998732,0.0157632,1.53966e-05,0.000100413,3.11206e-05,6.207e-05,2.18341e-05,0.00103405,0.998878,0.999528,1.0,0.00348541,5.35872e-05,0.999527,0.00106556,8.92221e-06,2.27413e-06,3.07591e-05,0.000702889,0.000683831,1.49999e-05,2.15751e-05,3.84655e-05,0.00205942,5.43915e-05,1.47511e-05,1.71458e-05,0.0012315,0.00151298,4.12743e-05,0.000156225,0.0033319,4.1784e-05,1.31193e-05,0.000295893,0.000397545,4.24176e-06,2.95278e-05,0.999497,1.2876e-05,0.026283,0.0227415,0.000913513,6.8737e-06,0.995163,0.995026,0.00274344,0.016581,0.0115131,0.0115797,0.000260104,0.158011,0.0119005,0.0739625,0.000295503,0.0246434,0.154871,0.0183428,0.0877286,0.604923,0.00749359,0.13255,0.0284941,0.00393199,0.118403,0.0289231,0.0107784,0.0016174,0.00163992,0.00425018,0.0692283,0.0507194,0.00390985,0.0107217,0.00468144,0.00545951,0.00371535
rs273898682,3.4349e-06,1.01742e-06,7.70329e-06,3.06391e-06,0.000257884,2.72856e-06,6.2026e-05,0.00147903,0.000655691,0.000274931,6.88401e-05,0.00025704,1.09551e-05,0.00221889,0.000265658,0.000245069,0.000242609,3.27383e-06,0.000147004,0.000131975,2.11861e-05,4.65612e-05,0.00334204,1.1564e-05,8.72084e-06,0.000146673,0.00347409,0.00332722,0.00356096,5.61574e-06,2.22308e-05,7.78629e-06,1.24087e-05,1.41247e-05,8.86482e-06,9.81061e-06,0.0034748,9.8712e-05,6.74791e-06,0.00347636,0.00025025,0.003515,7.14317e-06,9.49636e-06,0.00348961,7.31126e-06,2.41765e-06,0.000141708,6.33074e-06,6.2122e-06,0.00343196,0.00348476,6.95735e-06,0.00355901,0.000847722,4.82034e-06,5.57743e-06,6.35712e-06,2.52926e-08,5.45149e-06,0.00348921,1.10464e-05,1.28851e-05,6.58896e-06,1.75874e-05,0.00349197,5.15226e-06,1.37318e-05,4.61919e-06,7.30389e-06,0.00346148,3.79451e-05,4.54172e-06,8.27512e-06,1.57197e-05,5.72085e-06,5.30362e-06,4.80387e-09,0.00296753,0.00331472,0.00348541,1.0,4.92154e-06,0.00351618,6.19041e-06,6.6179e-06,1.27549e-05,6.48901e-06,1.21972e-05,1.18433e-05,6.19909e-06,9.28188e-06,6.53872e-06,4.86718e-06,5.44047e-06,6.12541e-06,7.03809e-06,8.54956e-06,1.5319e-06,5.90735e-06,3.09878e-06,1.44955e-06,6.57172e-06,6.26861e-06,8.50314e-06,8.2015e-06,6.06994e-06,9.27285e-06,0.00350452,8.33654e-06,7.19857e-05,7.22599e-05,1.75321e-07,8.94157e-06,0.00348403,0.0034414,4.37427e-05,7.67528e-05,3.94744e-05,5.78658e-05,6.52379e-06,8.39394e-05,3.3303e-05,0.000293851,6.89249e-06,1.91761e-05,8.86176e-05,1.00498e-05,6.24073e-05,0.00432612,6.02368e-05,0.000296431,0.00014586,0.00126196,0.0151684,0.000239308,5.07292e-05,0.00129549,0.00130452,4.69265e-05,0.000355709,0.0124246,0.000403536,8.77771e-06,6.62611e-05,0.000369152,2.32583e-05
Affx-149263730,1.74603e-07,2.15412e-06,5.44675e-06,1.725e-05,2.68785e-06,1.78801e-06,5.57769e-06,1.53762e-05,2.63764e-08,4.41669e-05,1.35346e-06,4.22341e-05,3.72135e-05,1.22123e-05,4.13558e-05,3.81617e-05,3.7711e-05,2.50699e-06,2.9944e-05,2.90419e-06,3.37456e-06,8.7624e-06,5.61311e-05,6.61626e-06,4.14047e-07,4.48743e-08,5.30363e-05,5.35088e-05,5.54698e-05,1.13674e-06,4.06445e-07,1.33582e-06,1.46324e-05,4.6114e-05,1.80012e-06,1.20906e-06,5.31053e-05,1.66165e-06,0.000537557,5.30101e-05,2.70116e-06,5.1713e-05,1.39646e-06,1.8959e-06,5.2117e-05,1.4834e-06,1.87175e-06,9.8745e-07,1.26392e-06,1.26779e-06,4.32863e-05,5.3498e-05,1.35539e-06,5.52693e-05,1.66894e-07,9.83772e-07,1.11018e-06,1.26788e-06,5.29685e-05,0.000679651,5.39707e-05,1.15167e-06,2.99366e-06,1.32043e-06,2.87878e-08,5.40633e-05,1.02627e-06,0.000582079,9.42772e-07,1.42432e-06,5.40861e-05,1.08384e-06,9.32634e-07,0.000999813,,0.000152044,1.06828e-06,2.7456e-06,4.45289e-05,5.44853e-05,5.35872e-05,4.92154e-06,1.0,5.49837e-05,1.47689e-06,0.00127804,1.08068e-06,0.000562633,2.44711e-06,2.37487e-06,1.20462e-06,1.25078e-06,1.30633e-06,4.25346e-06,0.000679705,1.22201e-06,1.35099e-06,1.75138e-06,2.02462e-06,1.18086e-06,1.68267e-06,7.44349e-06,,1.25117e-06,1.30736e-06,1.54702e-06,1.19646e-06,1.28037e-06,5.43126e-05,1.55067e-06,4.95622e-07,9.32452e-08,3.03841e-06,1.71997e-06,5.33178e-05,5.29148e-05,3.12037e-06,3.41258e-05,3.67384e-05,4.00098e-06,1.44712e-06,2.62268e-09,1.48349e-05,6.79681e-10,1.39254e-06,1.21213e-07,3.95374e-08,1.51127e-06,7.38129e-06,4.57554e-05,2.57853e-07,4.36179e-05,6.23143e-06,6.76317e-08,2.72617e-05,1.4101e-06,1.45674e-05,3.05739e-06,2.85166e-06,3.25255e-05,3.48567e-05,1.7134e-05,1.9537e-07,4.58148e-06,5.25483e-06,6.48163e-06,6.46087e-06
rs1799949,0.000720164,0.000389227,0.000962479,0.00634854,0.0513925,0.00108101,0.00421157,0.0581465,0.114389,0.00195068,0.0177361,0.00176692,0.0188309,0.436289,0.00266038,0.00306033,0.00298275,0.000733285,0.0839628,0.104099,0.0195342,0.0154676,0.97493,0.032855,0.00809679,0.0504359,0.996665,0.968315,0.995469,5.45586e-06,0.0137622,0.000916996,0.00345935,0.00241666,4.26566e-05,3.22102e-05,0.996281,2.92582e-05,2.01062e-07,0.99331,0.16115,0.992148,2.51118e-05,0.00049627,0.993822,2.04519e-05,7.77238e-07,0.0344263,4.30478e-05,5.0825e-06,0.998846,0.999024,1.28841e-05,0.999496,0.213441,7.08253e-06,5.13778e-05,1.89113e-06,0.00211172,1.29874e-08,0.999528,0.000453958,3.44732e-07,1.7618e-05,3.89486e-05,0.999587,6.2816e-08,3.72547e-05,3.15153e-05,1.31784e-05,0.998877,0.0157096,1.87826e-05,0.000102909,3.21807e-05,6.37018e-05,1.82239e-05,0.00104057,0.998432,0.999112,0.999527,0.00351618,5.49837e-05,1.0,0.00107479,1.24429e-05,2.56565e-06,3.1964e-05,0.00069716,0.000678266,1.57922e-05,2.71116e-05,3.98047e-05,0.00204109,5.58607e-05,1.55392e-05,1.80396e-05,0.00124406,0.00149277,4.26018e-05,0.000159523,0.00330996,4.32389e-05,1.38739e-05,0.000281814,0.000393935,3.86481e-06,2.85264e-05,0.999141,1.47093e-05,0.0263242,0.0225904,0.000934759,7.50805e-06,0.994798,0.994662,0.00269976,0.0165137,0.0114669,0.0115399,0.000257273,0.157888,0.0118248,0.0736017,0.000292585,0.0246041,0.154793,0.0182711,0.087718,0.604837,0.0074106,0.131895,0.0282874,0.00391186,0.118664,0.0287498,0.0107887,0.00161756,0.00164148,0.00425609,0.0689395,0.0507228,0.0038745,0.0106822,0.00465742,0.00543875,0.00370615
rs80356895,1.58902e-05,3.06981e-06,7.90841e-06,9.18575e-06,9.53135e-05,4.84292e-05,3.88116e-05,0.000639918,0.000120808,0.000136855,1.18578e-05,0.000146001,5.45531e-05,0.000497706,0.000161482,0.000155628,0.000154659,3.20917e-05,9.07236e-05,7.39526e-05,1.30521e-05,2.72789e-05,0.0010561,5.41974e-06,4.81236e-05,7.79793e-05,0.00106206,0.00105115,0.00107739,1.64291e-06,4.85021e-06,1.90699e-06,2.05381e-05,4.10815e-06,2.58556e-06,1.78838e-06,0.00106225,4.66875e-06,1.96262e-06,0.00106233,0.000133461,0.00105393,2.07858e-06,2.76201e-06,0.00105648,2.11314e-06,2.66661e-06,7.0821e-05,1.84129e-06,8.02205e-05,0.00106892,0.00106522,2.0188e-06,0.00104378,0.000193224,1.40199e-06,1.62219e-06,1.85407e-06,3.95729e-06,1.58555e-06,0.00106655,1.70136e-06,4.47579e-06,1.92182e-06,3.81305e-06,0.00106736,1.50273e-06,3.99387e-06,1.34348e-06,2.1193e-06,0.00106802,2.83716e-05,1.29512e-06,2.38384e-06,1.46278e-06,1.66394e-06,1.54255e-06,3.97297e-06,0.00106723,0.00107129,0.00106556,6.19041e-06,1.47689e-06,0.00107479,1.0,7.56243e-05,1.60254e-06,1.88731e-06,3.54753e-06,3.4446e-06,1.79872e-06,1.82256e-06,1.90173e-06,1.22316e-05,1.56726e-06,1.78157e-06,2.04216e-06,2.55138e-06,2.94552e-06,1.72297e-06,2.49632e-06,1.01271e-05,2.06478e-06,1.84327e-06,1.90346e-06,2.38532e-06,1.74534e-06,1.80465e-06,0.00107129,5.24339e-05,2.41369e-05,1.43603e-05,4.5387e-06,2.60941e-06,0.00106507,0.00106162,6.8267e-08,2.14283e-05,2.92234e-05,5.7439e-06,2.10243e-06,7.14252e-05,5.5552e-05,6.28486e-05,0.000328689,4.52344e-05,7.06338e-05,4.83022e-05,0.0118357,0.00141926,3.64184e-07,0.00234169,6.40314e-05,0.000319792,6.20219e-05,6.84428e-05,9.53907e-06,0.00028849,0.000292545,2.78144e-05,0.00331182,0.000108323,0.000333248,1.54966e-05,4.68419e-07,0.00177973,3.63624e-05
rs80356889,1.30283e-05,2.82581e-06,6.11989e-06,8.18773e-09,1.94578e-07,2.38239e-06,0.000165954,3.5188e-07,3.52571e-06,1.45384e-06,8.3236e-06,2.29892e-06,2.55993e-05,3.15012e-06,7.59308e-07,3.15682e-06,3.78115e-06,2.41837e-05,2.09642e-06,8.14084e-08,1.09685e-05,1.51235e-06,8.95962e-06,4.51228e-08,5.75132e-06,8.05697e-06,8.6728e-06,5.5777e-06,9.75204e-06,,1.22779e-06,1.7412e-06,5.28101e-06,3.75701e-06,2.36456e-06,1.63547e-06,8.70927e-06,4.28816e-06,0.606034,4.58751e-06,1.25695e-05,1.15539e-05,,2.52593e-06,4.85356e-06,1.98914e-06,5.29115e-05,3.36522e-06,1.61365e-06,1.63508e-06,9.15368e-06,8.87433e-06,,9.67465e-06,3.59495e-06,1.28215e-06,1.48353e-06,8.86437e-05,,0.760692,9.15372e-06,1.55593e-06,4.11274e-06,1.75756e-06,3.55506e-06,1.20278e-05,1.37429e-06,0.297601,1.22865e-06,,9.16497e-06,4.37423e-06,1.21483e-06,0.735736,1.33775e-06,0.532449,1.39599e-06,2.87493e-05,8.96737e-06,9.33787e-06,8.92221e-06,6.6179e-06,0.00127804,1.24429e-05,7.56243e-05,1.0,1.46552e-06,0.3395,3.21046e-06,3.15017e-06,,1.66678e-06,1.73918e-06,1.17463e-05,0.591656,1.62924e-06,,2.40219e-06,2.66565e-06,1.5757e-06,2.32355e-06,9.27158e-06,1.88834e-06,1.68568e-06,1.74076e-06,2.18144e-06,9.39475e-05,1.68712e-06,1.20914e-05,2.26045e-06,3.31746e-06,2.6202e-06,4.27304e-06,,1.23543e-05,1.21927e-05,1.17422e-05,8.34258e-07,1.07268e-06,3.25616e-06,1.88452e-06,9.60003e-06,2.10889e-05,4.13352e-05,1.83332e-06,5.14368e-06,9.98369e-06,3.51909e-05,5.36756e-06,2.17476e-07,1.54833e-06,2.86327e-05,2.39213e-05,1.87037e-05,3.23237e-05,1.10886e-05,5.80228e-06,2.38334e-05,2.31426e-05,8.1754e-05,1.66012e-06,2.33874e-05,6.50826e-06,4.5551e-05,1.37568e-05,6.17357e-05,3.5498e-06
rs80357933,9.21615e-08,2.3527e-06,1.01212e-05,4.64958e-05,1.85272e-07,7.07559e-05,8.17296e-06,1.04532e-05,8.76649e-05,5.92533e-05,6.16019e-06,6.03362e-05,1.79954e-05,1.44304e-05,3.53369e-05,5.35035e-05,5.29543e-05,4.25626e-09,5.06059e-06,5.01365e-06,8.86335e-06,3.05269e-06,8.00995e-06,1.48288e-05,1.39468e-05,2.5982e-05,2.16109e-06,1.13014e-07,1.72443e-07,1.27165e-06,1.89192e-05,1.48023e-06,1.60055e-05,3.66684e-05,0.266646,1.36165e-06,5.27113e-07,3.5703e-06,1.49436e-06,2.158e-06,6.20266e-05,1.90125e-06,1.59323e-06,2.10302e-06,1.98662e-06,0.136411,2.09022e-06,1.62851e-07,1.40198e-06,1.37567e-06,2.37987e-06,2.25018e-06,1.54741e-06,2.62058e-06,5.66695e-05,1.06749e-06,1.23515e-06,1.41174e-06,3.06302e-06,1.20725e-06,2.38452e-06,1.29543e-06,3.38123e-06,1.4633e-06,2.88564e-06,2.40017e-06,1.14416e-06,3.04097e-06,1.02294e-06,1.62444e-06,4.63183e-06,2.3329e-10,1.01137e-06,1.83256e-06,1.11378e-06,0.000124551,1.17451e-06,3.02506e-06,2.29279e-06,2.46528e-06,2.27413e-06,1.27549e-05,1.08068e-06,2.56565e-06,1.60254e-06,1.46552e-06,1.0,1.43701e-06,2.65222e-06,2.60747e-06,1.36124e-06,1.38772e-06,1.44803e-06,3.37974e-06,1.20482e-06,1.3565e-06,1.56522e-06,7.52096e-05,5.98807e-05,1.31188e-06,1.93457e-06,7.78512e-06,1.57219e-06,1.40349e-06,1.44931e-06,1.81626e-06,1.34421e-06,1.40465e-06,2.3664e-06,1.88193e-06,1.02925e-05,2.81665e-06,3.55756e-06,2.0001e-06,2.19847e-06,2.14054e-06,1.75396e-06,9.28758e-07,4.09244e-05,2.26969e-05,1.60081e-06,2.4919e-05,4.27531e-05,4.43849e-05,1.52637e-06,2.31885e-06,2.59894e-05,1.24124e-05,1.41224e-05,1.84831e-05,7.84383e-06,1.62637e-06,1.7178e-07,2.02576e-06,1.6308e-05,5.52514e-06,7.68148e-06,1.9997e-06,6.90853e-06,2.09125e-05,4.46458e-07,1.12989e-05,1.42259e-05,9.3814e-06,6.12083e-06,2.38091e-06,1.94874e-06
rs587782251,1.23587e-05,2.77077e-06,6.04549e-05,3.00839e-05,1.37865e-08,2.31792e-06,3.61125e-05,1.49572e-06,3.77107e-05,1.6912e-05,5.17551e-07,2.54652e-05,8.67154e-06,5.05227e-05,3.08942e-05,2.03604e-05,2.08486e-05,7.13883e-07,8.73941e-06,2.0864e-05,1.78842e-05,4.00003e-05,3.08746e-05,1.20351e-05,5.22642e-06,3.12566e-05,3.03064e-05,2.99969e-05,3.23065e-05,3.86296e-07,1.67769e-05,1.7247e-06,0.000233171,3.68383e-06,5.73427e-05,9.37128e-05,3.03648e-05,4.18584e-06,0.392852,1.2042e-05,4.12676e-06,2.92052e-05,4.83984e-07,2.47666e-06,2.27249e-05,1.95049e-06,0.000264099,1.59631e-07,1.59834e-06,1.58553e-06,3.1206e-05,3.06803e-05,4.65371e-07,3.21846e-05,3.85765e-05,1.25718e-06,1.45463e-06,1.62696e-06,9.305e-07,0.356296,3.11705e-05,1.52558e-06,4.03255e-06,1.72332e-06,3.48592e-06,3.6545e-05,0.000115841,0.175278,1.20471e-06,4.93479e-07,3.12112e-05,2.99912e-07,1.1912e-06,0.402677,1.29363e-06,0.353633,1.36845e-06,3.02962e-05,3.08626e-05,3.15446e-05,3.07591e-05,6.48901e-06,0.000562633,3.1964e-05,1.88731e-06,0.3395,1.43701e-06,1.0,3.18102e-06,3.08881e-06,4.18821e-07,1.63426e-06,1.66902e-06,8.93529e-06,0.399309,1.59755e-06,4.75518e-07,2.3366e-06,2.61307e-06,1.545e-06,2.23605e-06,2.59103e-06,1.83346e-06,1.63528e-06,1.70685e-06,2.13895e-06,1.58303e-06,1.65421e-06,3.67116e-05,2.21636e-06,2.48013e-09,3.01625e-06,4.18993e-06,0.00123927,3.57759e-05,3.02198e-05,1.13906e-05,3.1143e-07,1.44879e-06,2.55393e-06,1.86519e-06,5.63146e-05,1.31134e-06,1.80463e-05,1.79751e-06,5.91743e-06,7.28513e-05,2.39221e-05,6.74063e-06,1.29199e-07,1.74048e-06,2.71389e-05,7.50339e-06,5.29729e-06,8.22094e-09,1.54266e-07,5.0684e-05,1.60739e-05,1.55108e-05,8.3527e-05,6.36582e-06,4.27773e-06,2.83001e-06,1.73913e-05,2.68682e-05,2.90741e-07,5.49298e-05
Affx-478828102,2.14465e-05,5.17865e-06,1.33061e-05,3.56021e-05,0.000163851,4.35706e-06,4.03926e-05,0.000838106,0.000328321,0.000271807,6.30135e-05,0.000274867,6.5292e-05,0.000937332,0.000264874,0.000251209,0.000253445,6.65223e-06,0.00013693,0.000187129,5.10782e-06,3.57077e-05,0.000714872,2.4394e-06,1.83726e-05,0.00012821,0.000659354,0.000699436,0.000673793,0.000234709,2.46196e-09,3.24296e-06,3.53264e-05,6.9244e-06,4.29969e-06,2.99729e-06,0.000683202,7.90354e-06,3.27425e-06,0.000663021,0.000134963,0.000711619,3.53098e-06,4.65545e-06,0.000709289,3.52839e-06,4.52233e-06,4.19896e-05,3.10355e-06,3.02816e-06,0.000700764,0.000700526,3.42943e-06,0.000696386,0.000297838,2.3293e-06,2.71876e-06,3.10747e-06,8.01508e-06,2.67249e-06,0.000698774,2.85144e-06,7.49409e-06,3.23929e-06,6.44064e-06,0.000698684,5.04506e-05,6.73177e-06,2.26435e-06,3.01858e-05,0.000699733,1.10049e-06,2.1375e-06,4.02286e-06,2.46549e-06,2.80454e-06,2.58521e-06,7.66066e-06,0.000712593,0.000698756,0.000702889,1.21972e-05,2.44711e-06,0.00069716,3.54753e-06,3.21046e-06,2.65222e-06,3.18102e-06,1.0,0.971684,3.0212e-06,3.07198e-06,3.18735e-06,2.18918e-06,2.66703e-06,3.00288e-06,3.46911e-06,4.21763e-06,4.96475e-06,2.90411e-06,4.2583e-06,6.20221e-07,3.48034e-06,3.10689e-06,3.19017e-06,4.02053e-06,2.97567e-06,3.10938e-06,0.000688473,4.14255e-06,1.87623e-05,4.61479e-06,7.83059e-06,4.40732e-06,0.000705924,0.000693542,2.8343e-06,3.56946e-05,6.46072e-05,2.66341e-06,3.54371e-06,0.000192803,9.46798e-05,0.000163753,3.37892e-06,5.00531e-05,0.000191221,3.69567e-05,4.27221e-05,0.000377076,1.11389e-06,7.19691e-05,1.47107e-05,0.000653145,0.000251537,0.00011839,2.39408e-05,0.000649046,0.00062114,7.41346e-06,0.000114144,0.000354389,0.00381721,0.000138538,6.44191e-05,0.000285254,1.05017e-05
rs397508868,1.99471e-05,5.02756e-06,1.29157e-05,3.32425e-05,0.000152001,4.26351e-06,3.85924e-05,0.000880997,0.000314697,0.000290209,6.05784e-05,0.000293255,6.27683e-05,0.000952862,0.000281464,0.000267896,0.000270226,5.48497e-06,0.000127672,0.000176301,4.27138e-06,3.30014e-05,0.00069489,1.64764e-06,1.67213e-05,0.000118848,0.00064021,0.000679158,0.000654898,0.000239674,4.14428e-06,3.18171e-06,3.44029e-05,6.7235e-06,4.20693e-06,2.90984e-06,0.000664118,7.67422e-06,3.21208e-06,0.000665056,0.000124439,0.000692292,3.42755e-06,4.52038e-06,0.000690016,3.45596e-06,4.38823e-06,6.15201e-05,3.0135e-06,2.93981e-06,0.000681684,0.00068145,3.32898e-06,0.000677513,0.000312817,2.29453e-06,2.63944e-06,3.01681e-06,8.69763e-06,2.59495e-06,0.000679799,2.76826e-06,7.2741e-06,3.14531e-06,6.25071e-06,0.000679745,5.2581e-05,6.53646e-06,2.19877e-06,3.16947e-05,0.000680764,4.0988e-06,2.09799e-06,3.93902e-06,2.39402e-06,2.72325e-06,2.50986e-06,8.30996e-06,0.000693533,0.000679866,0.000683831,1.18433e-05,2.37487e-06,0.000678266,3.4446e-06,3.15017e-06,2.60747e-06,3.08881e-06,0.971684,1.0,2.96607e-06,2.98285e-06,3.09436e-06,1.86252e-06,2.58972e-06,2.91576e-06,3.3675e-06,4.1485e-06,4.82071e-06,2.81985e-06,4.13404e-06,4.59673e-07,3.37936e-06,3.01675e-06,3.0971e-06,3.90399e-06,2.88934e-06,3.01925e-06,0.000669491,4.02169e-06,1.71754e-05,1.53632e-05,7.60224e-06,4.2775e-06,0.000686781,0.000674375,2.4928e-06,3.25852e-05,6.20528e-05,1.84364e-06,3.44089e-06,0.000181384,9.1967e-05,0.000150829,3.28089e-06,4.78505e-05,0.000179864,6.52382e-05,3.77818e-05,0.000388554,7.09082e-07,0.000105754,1.8695e-05,0.000662423,0.000236771,0.00010622,2.13212e-05,0.000636762,0.000608625,6.59177e-06,0.000133315,0.000335808,0.00376488,0.000133225,6.09598e-05,0.000299413,8.97463e-06
rs80357722,7.81267e-07,2.65692e-06,7.9508e-06,6.99797e-06,1.31423e-05,2.18218e-06,8.21632e-05,1.17174e-05,1.27075e-06,2.4095e-05,2.16138e-07,3.1314e-05,7.06467e-06,1.80342e-05,3.18497e-05,2.83665e-05,2.61303e-05,1.42728e-06,5.01394e-05,2.07486e-05,2.19923e-05,8.69691e-06,2.02385e-05,1.63188e-06,4.04334e-06,6.16088e-07,1.46841e-05,2.49707e-05,6.69909e-06,1.4337e-06,2.07102e-06,1.62275e-06,1.80623e-05,3.54417e-06,2.23509e-06,0.617038,1.47231e-05,4.08554e-06,,1.37488e-05,1.57114e-05,1.39355e-05,0.718071,2.38886e-06,1.41743e-05,1.89566e-06,0.00028756,9.48898e-07,0.722738,1.55664e-06,1.5293e-05,1.49342e-05,0.7041,1.59452e-05,9.73983e-07,1.22146e-06,0.717584,1.5803e-06,3.45337e-06,,1.52835e-05,1.48214e-06,3.88366e-06,0.719656,3.33258e-06,1.44105e-05,0.000123424,0.742972,1.1705e-06,0.713109,1.53126e-05,6.15302e-07,1.1448e-06,1.04506e-07,1.27443e-06,2.2656e-07,0.609391,3.37355e-06,1.50656e-05,1.55122e-05,1.49999e-05,6.19909e-06,1.20462e-06,1.57922e-05,1.79872e-06,,1.36124e-06,4.18821e-07,3.0212e-06,2.96607e-06,1.0,0.725365,0.720607,1.02927e-06,,0.753785,0.68023,2.19824e-06,2.49614e-06,0.716722,0.000328617,3.1334e-06,1.79898e-06,0.668181,1.62336e-06,1.98564e-06,1.48555e-06,1.60728e-06,1.9265e-05,2.11811e-06,2.44886e-05,5.58526e-06,4.05481e-06,0.570465,1.48146e-05,1.46473e-05,8.45515e-07,3.11889e-06,2.19632e-05,7.56897e-06,1.72684e-06,4.15273e-05,5.56799e-05,2.9604e-06,1.69227e-06,1.64212e-05,4.5091e-05,1.3786e-06,8.1119e-06,1.69502e-07,2.8514e-06,2.31585e-05,2.49799e-06,7.69395e-07,7.29079e-07,4.71482e-06,1.24501e-05,7.34987e-08,1.16233e-07,9.36884e-07,1.43103e-07,2.0264e-07,4.5921e-06,1.16722e-05,1.37977e-05,9.29882e-07,1.14138e-05
rs886039949,2.02006e-06,4.65924e-05,7.05479e-06,5.94419e-06,2.63667e-07,2.25585e-06,3.95859e-05,1.40443e-05,6.07144e-08,3.51722e-05,2.26737e-06,3.38569e-05,1.8352e-06,1.39503e-05,1.86733e-05,2.79132e-05,2.84975e-05,1.04262e-06,9.53831e-05,8.38863e-05,3.85723e-06,6.7254e-07,2.18549e-05,2.90476e-07,4.43971e-06,1.65289e-05,2.11916e-05,2.11529e-05,1.15406e-05,1.46456e-06,1.86293e-05,1.66494e-06,1.8185e-05,3.55745e-06,2.23896e-06,0.67927,2.12451e-05,4.06048e-06,1.69953e-06,2.01545e-05,1.66038e-06,2.02876e-05,0.88946,2.39176e-06,2.05939e-05,1.8835e-06,2.35104e-06,7.93643e-11,0.882163,1.56459e-06,2.19305e-05,2.14999e-05,0.845486,2.27288e-05,8.01858e-06,1.21405e-06,0.811836,1.60557e-06,3.5277e-06,1.373e-06,2.19107e-05,1.47329e-06,3.89406e-06,0.852175,3.32911e-06,2.19676e-05,0.00012051,0.405464,1.16338e-06,0.862003,2.19372e-05,6.42359e-05,1.15028e-06,2.08416e-06,1.26669e-06,1.44089e-06,0.665467,3.44039e-06,2.16527e-05,2.22099e-05,2.15751e-05,9.28188e-06,1.25078e-06,2.71116e-05,1.82256e-06,1.66678e-06,1.38772e-06,1.63426e-06,3.07198e-06,2.98285e-06,0.725365,1.0,0.896997,8.71969e-07,1.37024e-06,0.882822,0.845486,2.27453e-06,2.5506e-06,0.834571,0.000308855,2.85228e-06,1.78804e-06,0.749551,1.63016e-06,2.06562e-06,1.52877e-06,1.58012e-06,1.99705e-05,2.14037e-06,2.10601e-05,6.51033e-06,4.04598e-06,0.68632,2.57985e-05,2.11249e-05,1.09437e-05,2.0135e-06,2.26371e-05,6.04894e-06,1.8206e-06,7.93646e-05,5.064e-05,9.91816e-06,1.73589e-06,1.69782e-05,8.45451e-05,8.55791e-06,9.0907e-07,1.24465e-06,1.5646e-05,9.0108e-06,3.70774e-06,7.67388e-07,1.7093e-06,7.45968e-07,2.80264e-05,3.25759e-06,3.01191e-06,4.12312e-06,7.90767e-07,2.44169e-05,4.55173e-08,9.71461e-06,1.19553e-05,2.35404e-06,1.19743e-05
rs80359874,1.45375e-06,2.79201e-06,6.18623e-06,3.00775e-06,8.81263e-08,2.3539e-06,6.84198e-05,1.94768e-05,9.06246e-07,6.37445e-05,1.38555e-06,6.18413e-05,9.29153e-06,1.11995e-05,4.99849e-05,5.3294e-05,5.4127e-05,7.06581e-06,0.000120947,8.67572e-05,4.38871e-05,1.30978e-06,3.19015e-05,4.31744e-08,5.4575e-06,1.77546e-06,3.79361e-05,4.46342e-05,2.50485e-05,1.52821e-06,1.22643e-06,1.73812e-06,1.89753e-05,3.71208e-06,2.33628e-06,0.762948,3.80069e-05,4.23697e-06,1.7734e-06,3.66678e-05,1.00003e-06,3.66859e-05,0.910776,2.49572e-06,3.71079e-05,1.96536e-06,2.48064e-06,2.83421e-07,0.923253,1.63255e-06,3.89566e-05,3.83652e-05,0.88773,4.00609e-05,4.41169e-06,1.26682e-06,0.848748,1.67535e-06,3.681e-06,1.43268e-06,3.89073e-05,1.53733e-06,4.06338e-06,0.946743,3.47531e-06,3.89888e-05,0.000114396,0.441401,1.21395e-06,0.881461,3.89583e-05,4.169e-05,1.20027e-06,2.17469e-06,1.32175e-06,1.50348e-06,0.683045,3.58993e-06,3.85795e-05,3.93394e-05,3.84655e-05,6.53872e-06,1.30633e-06,3.98047e-05,1.90173e-06,1.73918e-06,1.44803e-06,1.66902e-06,3.18735e-06,3.09436e-06,0.720607,0.896997,1.0,6.04739e-07,1.42976e-06,0.921537,0.918264,2.37323e-06,2.66153e-06,0.89742,0.000296762,2.32717e-06,1.86576e-06,0.827209,1.70182e-06,2.15541e-06,1.59521e-06,1.66694e-06,3.65941e-05,2.21522e-06,4.57234e-06,2.21747e-06,4.2218e-06,0.73145,4.40184e-05,3.78453e-05,1.14791e-05,4.14349e-07,2.44872e-05,3.23801e-08,1.89973e-06,0.000141058,5.64695e-07,7.75458e-06,1.7923e-06,1.85565e-05,0.000148302,3.85459e-08,4.70017e-06,5.20104e-07,1.31173e-05,1.65235e-05,1.45402e-05,2.6163e-08,3.51967e-07,4.50837e-09,3.08257e-05,5.79404e-07,4.76492e-07,4.82673e-06,1.25033e-06,2.56669e-06,1.04741e-07,6.90263e-06,1.82137e-06,7.15308e-06,1.37193e-05
Affx-82097405,2.21906e-05,9.56524e-07,4.69275e-05,0.000147043,0.00041908,1.54073e-05,8.7262e-05,0.00519141,0.0013942,0.000770934,4.96517e-05,0.000780685,3.30725e-05,0.00278812,2.9654e-06,0.000804486,0.000820112,0.000186245,0.000281566,0.000298882,7.31699e-05,0.000155532,0.00208402,4.99003e-05,0.259049,0.000418875,0.00208761,0.00215571,0.00205422,1.72885e-06,1.48814e-07,1.11097e-05,2.05392e-05,4.01866e-06,2.30627e-09,1.07724e-05,0.00207381,7.55289e-11,1.1977e-05,0.00206552,0.000355214,0.00206378,1.94192e-07,1.6366e-05,0.00204405,4.25613e-07,8.06233e-08,0.000185814,7.98335e-07,1.07629e-05,0.00205264,0.0020182,3.05199e-07,0.00203821,0.00181011,8.54164e-06,1.89895e-06,1.07842e-05,1.01772e-06,9.67688e-06,0.00204689,1.01379e-05,2.06045e-05,5.35369e-07,1.81835e-05,0.0020548,3.16099e-06,4.19499e-06,8.19878e-06,1.34868e-07,0.00204943,0.000123874,7.95206e-06,1.46633e-05,8.9119e-06,9.90884e-06,2.49144e-06,2.38383e-05,0.00202871,0.00204627,0.00205942,4.86718e-06,4.25346e-06,0.00204109,1.22316e-05,1.17463e-05,3.37974e-06,8.93529e-06,2.18918e-06,1.86252e-06,1.02927e-06,8.71969e-07,6.04739e-07,1.0,9.64026e-06,1.03871e-06,2.62086e-07,1.51168e-05,5.50414e-07,1.33326e-06,1.54045e-05,3.01858e-07,1.25804e-05,7.95112e-07,7.23572e-07,5.64506e-05,1.44874e-06,1.08903e-05,0.00205245,5.42564e-09,8.42749e-05,0.000119041,3.45078e-05,1.01077e-05,0.00203655,0.00202512,4.97292e-06,0.000146651,0.000128742,0.000131001,1.21568e-05,0.000497948,0.000249639,0.000688443,1.18648e-05,7.04906e-05,0.000510125,0.000217867,0.000165825,0.0012328,6.86364e-05,0.0195087,0.000103587,0.00238906,0.000344808,0.000665778,0.000163678,0.00240301,0.0024555,2.24021e-06,0.000626596,0.000531853,0.0138977,0.000285703,0.000111818,0.00125614,8.71624e-05
rs273903794,7.94481e-06,2.323e-06,7.94246e-05,2.2032e-05,5.84386e-08,1.95854e-06,0.000163189,7.31001e-07,4.46935e-05,3.93805e-06,3.28437e-06,6.10594e-06,4.55828e-08,4.63839e-05,2.62151e-06,5.12611e-06,4.1994e-06,3.48958e-06,1.23742e-05,1.93015e-05,3.41518e-08,5.47829e-05,4.04038e-05,1.07777e-07,1.35412e-05,5.95379e-06,4.66022e-05,4.75366e-05,4.89074e-05,,4.3419e-06,1.44307e-06,9.83181e-06,3.08859e-06,1.94387e-06,1.34454e-06,4.66717e-05,3.52533e-06,0.63971,2.15134e-05,3.64479e-05,4.53253e-05,,2.07654e-06,3.65376e-05,1.63527e-06,6.7654e-05,1.71451e-07,1.31415e-06,1.34117e-06,4.76447e-05,4.70435e-05,,4.87758e-05,3.06918e-05,1.05404e-06,1.21959e-06,0.000113328,,0.572704,4.75744e-05,1.27911e-06,3.38094e-06,1.44487e-06,2.92251e-06,5.49388e-05,1.12978e-06,0.257903,1.01005e-06,,4.76375e-05,1.35581e-08,9.98681e-07,0.681386,1.09975e-06,0.458784,1.15969e-06,2.95671e-06,5.60412e-05,4.80333e-05,5.43915e-05,5.44047e-06,0.000679705,5.58607e-05,1.56726e-06,0.591656,1.20482e-06,0.399309,2.66703e-06,2.58972e-06,,1.37024e-06,1.42976e-06,9.64026e-06,1.0,1.33938e-06,,1.9747e-06,2.17153e-06,1.29536e-06,1.9102e-06,7.60476e-06,1.55238e-06,1.38581e-06,1.43106e-06,1.79338e-06,0.000117836,1.38696e-06,5.51686e-05,1.85828e-06,9.34015e-07,4.32844e-06,3.51274e-06,,4.68625e-05,4.65189e-05,9.65306e-06,7.61557e-07,1.71353e-05,6.81171e-06,1.54574e-06,2.9901e-05,1.56859e-10,1.8654e-09,1.50715e-06,1.42806e-05,3.30147e-05,0.00014286,3.91081e-05,7.62662e-06,2.66025e-05,2.68815e-05,7.01184e-08,4.19725e-05,3.32163e-06,1.40104e-05,3.89231e-05,6.92925e-05,6.82292e-05,6.03039e-05,7.69389e-06,1.92308e-05,1.90876e-05,6.20641e-05,3.64344e-05,1.49271e-05,4.66284e-05
rs886040333,2.45664e-06,2.61553e-06,7.53396e-06,4.3256e-07,1.2096e-06,2.20511e-06,8.00639e-05,1.57345e-05,3.11637e-06,5.25698e-05,2.80718e-06,5.09303e-05,3.00304e-07,2.27957e-05,4.08904e-05,4.34894e-05,4.42114e-05,8.24274e-06,8.35381e-05,5.72315e-05,2.17335e-05,4.31989e-07,1.09709e-05,4.9696e-07,3.93275e-06,1.14376e-05,1.44398e-05,1.92227e-05,6.58077e-06,1.43161e-06,2.09985e-06,1.62709e-06,1.77929e-05,3.47744e-06,2.1886e-06,0.784139,1.44841e-05,3.96915e-06,1.66131e-06,1.35444e-05,8.41982e-06,1.37073e-05,0.934826,2.33797e-06,1.39559e-05,1.84102e-06,2.32377e-06,7.3245e-06,0.952334,1.5294e-06,1.50397e-05,1.46889e-05,0.922261,1.56879e-05,2.62323e-06,1.18674e-06,0.843032,1.56945e-06,3.44832e-06,1.34212e-06,1.50306e-05,1.44015e-06,3.80653e-06,0.932267,3.25339e-06,1.50759e-05,0.000123784,0.438724,1.13722e-06,0.892838,1.50496e-05,3.76761e-05,1.12437e-06,2.03723e-06,1.2382e-06,1.40848e-06,0.752078,3.36301e-06,1.48112e-05,1.52676e-05,1.47511e-05,6.12541e-06,1.22201e-06,1.55392e-05,1.78157e-06,1.62924e-06,1.3565e-06,1.59755e-06,3.00288e-06,2.91576e-06,0.753785,0.882822,0.921537,1.03871e-06,1.33938e-06,1.0,0.911522,2.22328e-06,2.4933e-06,0.914122,0.000321851,3.14958e-06,1.74783e-06,0.826532,1.5931e-06,2.01917e-06,1.49438e-06,1.56157e-06,1.33373e-05,2.09223e-06,3.26878e-06,7.67253e-07,3.95494e-06,0.713104,1.82815e-05,1.43853e-05,1.0729e-05,6.81942e-09,2.16933e-05,1.67927e-06,1.77965e-06,7.00483e-05,1.07303e-05,6.8446e-06,1.67781e-06,3.98838e-05,7.48963e-05,1.65728e-07,3.06643e-08,5.02296e-06,1.70462e-05,3.33889e-05,2.23331e-05,9.27654e-06,1.09064e-09,1.67224e-07,2.66851e-05,2.14285e-06,2.34859e-06,3.77529e-06,1.27142e-07,8.39922e-06,6.84632e-07,1.13376e-05,3.8468e-06,1.21407e-05,1.11554e-05
rs80357719,5.35603e-07,3.0166e-06,5.32427e-06,2.47921e-06,2.01759e-07,2.47745e-06,6.05322e-05,4.88053e-06,4.33327e-06,3.28815e-05,7.15906e-06,3.15688e-05,6.43616e-06,2.23274e-06,2.31799e-05,2.55448e-05,2.609e-05,4.67336e-06,7.81381e-05,5.17136e-05,3.73224e-05,6.83509e-09,1.27672e-05,5.56961e-08,7.32324e-06,1.47955e-07,1.67713e-05,2.61712e-05,8.71759e-06,1.62769e-06,5.96975e-07,1.84491e-06,2.05478e-05,4.04371e-06,2.55745e-06,0.69938,1.68218e-05,4.63849e-06,,1.58336e-05,1.06678e-06,1.59246e-05,0.930815,2.71217e-06,1.61965e-05,2.15212e-06,2.65467e-06,4.77461e-06,0.915803,1.76731e-06,1.74709e-05,1.70667e-05,0.888208,1.82048e-05,1.97096e-07,1.38673e-06,0.827749,1.81414e-06,3.92076e-06,,1.746e-05,1.68273e-06,4.38674e-06,0.916701,3.80919e-06,1.75223e-05,0.000107542,0.928707,1.32892e-06,0.901777,1.74932e-05,4.64515e-05,1.31458e-06,1.1865e-07,1.44687e-06,2.57223e-07,0.745003,3.83012e-06,1.72074e-05,1.77206e-05,1.71458e-05,7.03809e-06,1.35099e-06,1.80396e-05,2.04216e-06,,1.56522e-06,4.75518e-07,3.46911e-06,3.3675e-06,0.68023,0.845486,0.918264,2.62086e-07,,0.911522,1.0,2.49556e-06,2.81419e-06,0.867057,0.000280162,1.66993e-06,2.04245e-06,0.829919,1.82485e-06,2.28002e-06,1.6866e-06,1.82481e-06,1.57515e-05,2.42475e-06,1.45699e-05,5.61262e-07,4.58292e-06,0.730519,2.06974e-05,1.6737e-05,1.23153e-05,7.5663e-06,1.08169e-05,8.68803e-08,1.94072e-06,7.65904e-05,3.72806e-05,1.54138e-06,1.94356e-06,2.12328e-05,8.14394e-05,5.78567e-07,2.79055e-06,1.0391e-06,1.00527e-05,1.01468e-05,2.87859e-05,8.16693e-07,1.36267e-06,3.69791e-06,1.92991e-05,3.25677e-06,2.992e-06,6.03842e-06,3.23857e-06,1.40133e-06,6.89599e-07,1.11206e-05,6.46224e-07,3.77755e-06,1.67324e-05
rs397509327,7.44429e-06,3.70547e-06,2.28826e-06,3.66045e-06,0.00712444,0.781923,7.39536e-06,0.00112813,0.000173039,0.000153617,2.0033e-05,0.000139279,4.09976e-05,0.000976532,0.00015713,0.000150301,0.000149218,4.33431e-05,9.55968e-05,0.000117583,4.72898e-06,6.24303e-05,0.00118005,2.87454e-06,3.32098e-05,0.000100152,0.00122721,0.00117588,0.0012126,2.02752e-06,3.03736e-05,2.42614e-06,2.55885e-05,5.02638e-06,3.71224e-05,2.2065e-06,0.00122766,1.20622e-05,2.44932e-06,0.00122772,0.0076277,0.00121826,2.54016e-06,3.39685e-06,0.00122093,4.76462e-05,3.2978e-06,4.4471e-07,2.29787e-06,2.17966e-06,0.00123563,0.00123123,2.44229e-06,0.0012446,0.000164955,1.74966e-06,2.02447e-06,2.19534e-06,4.75967e-06,1.97879e-06,0.00123272,1.9732e-06,1.46487e-05,2.39838e-06,4.77818e-06,0.00123372,1.82529e-06,4.98454e-06,1.67664e-06,2.58993e-06,0.00123453,3.41154e-06,1.63257e-06,3.00358e-06,1.82555e-06,2.07639e-06,1.92504e-06,1.81002e-05,0.0012331,0.00123835,0.0012315,8.54956e-06,1.75138e-06,0.00124406,2.55138e-06,2.40219e-06,7.52096e-05,2.3366e-06,4.21763e-06,4.1485e-06,2.19824e-06,2.27453e-06,2.37323e-06,1.51168e-05,1.9747e-06,2.22328e-06,2.49556e-06,1.0,3.57568e-06,2.15013e-06,0.00020182,2.55094e-07,2.55629e-06,2.3004e-06,2.27524e-06,2.97674e-06,2.15293e-06,2.2089e-06,0.00123813,3.05909e-06,1.51707e-05,4.88885e-06,9.6451e-05,3.18904e-06,0.00119931,0.00122671,0.000107112,7.80278e-05,7.45567e-06,1.33057e-05,2.57367e-06,0.000117209,1.27656e-07,0.000257583,2.50171e-06,2.92155e-05,0.000116044,6.55426e-05,1.9563e-05,0.00183669,4.63438e-05,0.000109075,1.03264e-05,0.00105217,0.000109591,7.56706e-05,9.54138e-06,0.0010765,0.00103831,3.38878e-05,0.000104229,7.976e-05,0.000217822,8.60849e-06,3.16362e-06,0.000133596,4.92991e-05
Affx-64150641,2.99706e-05,2.09822e-05,6.68303e-07,8.54925e-05,0.00014393,3.64577e-06,1.24625e-05,0.000790675,0.00028177,0.000187581,1.4021e-05,0.00019365,5.07122e-05,0.0011195,0.000220981,0.000228666,0.000227289,7.94449e-05,0.000175405,0.000141948,4.91074e-05,7.57279e-05,0.00148543,0.0469431,2.2859e-05,6.17889e-05,0.00150804,0.00147877,0.00152965,2.30236e-06,1.34682e-06,2.72072e-06,2.93895e-05,5.74934e-06,2.8874e-05,2.50283e-06,0.0014752,6.56233e-06,2.71862e-06,0.00150839,0.000155063,0.0014638,2.88459e-06,3.86543e-06,0.00150013,2.94029e-06,3.81584e-06,6.04117e-05,2.57688e-06,2.51137e-06,0.00151769,0.00151248,2.80163e-06,0.00153063,0.000310749,1.9487e-06,2.27025e-06,2.59483e-06,5.46799e-06,2.19085e-06,0.00151432,2.38104e-06,1.08827e-05,2.68959e-06,5.36576e-06,0.00151534,2.075e-06,5.58925e-06,1.8802e-06,2.94109e-06,0.00151625,5.35831e-05,1.83369e-06,3.36821e-06,2.04716e-06,2.30053e-06,2.15873e-06,5.56016e-06,0.00151526,0.00152103,0.00151298,1.5319e-06,2.02462e-06,0.00149277,2.94552e-06,2.66565e-06,5.98807e-05,2.61307e-06,4.96475e-06,4.82071e-06,2.49614e-06,2.5506e-06,2.66153e-06,5.50414e-07,2.17153e-06,2.4933e-06,2.81419e-06,3.57568e-06,1.0,1.73772e-06,3.36182e-06,1.43374e-05,2.88973e-06,2.57966e-06,2.66389e-06,3.33834e-06,2.4538e-06,2.5818e-06,0.00152104,3.45906e-06,4.22945e-05,3.18415e-05,6.46529e-06,3.62124e-06,0.00151209,0.00147602,1.78464e-05,3.29224e-05,4.71268e-06,5.06573e-09,2.94235e-06,0.000143812,8.96022e-07,9.05571e-05,2.80545e-06,6.65346e-06,0.000140329,4.47514e-05,0.000103979,0.00217822,1.15519e-07,0.00030244,2.66324e-05,0.000280282,0.000184505,0.000221095,0.0310774,0.00030942,0.000303512,1.5782e-05,0.000253491,0.000186078,0.00300014,4.74155e-05,6.97473e-06,0.000387135,3.56514e-08
rs80357965,4.70751e-07,2.5295e-06,8.35417e-06,8.32765e-07,1.8122e-06,2.13258e-06,8.62271e-05,1.86702e-05,4.83819e-06,7.87273e-05,1.65052e-05,7.66734e-05,1.10549e-07,2.77168e-05,6.40578e-05,6.73516e-05,6.82266e-05,3.92546e-07,0.000117793,0.00010537,7.04639e-08,2.03286e-06,3.47531e-05,9.40423e-07,3.24433e-06,8.24026e-06,4.07496e-05,4.10401e-05,2.65931e-05,1.38454e-06,2.66932e-06,1.57294e-06,1.71913e-05,3.36305e-06,2.11661e-06,0.738795,4.08188e-05,3.8386e-06,1.60666e-06,3.94072e-05,2.05552e-06,3.95105e-05,0.880427,2.26106e-06,3.99282e-05,1.78049e-06,2.24743e-06,9.31892e-06,0.905964,1.47909e-06,4.17611e-05,4.11763e-05,0.879503,4.28567e-05,4.75614e-09,1.14768e-06,0.788167,1.51783e-06,3.33495e-06,1.29798e-06,4.17038e-05,1.39278e-06,3.66386e-06,0.898159,3.14509e-06,4.17858e-05,0.000128962,0.409477,1.09981e-06,0.840754,4.1759e-05,3.57284e-05,1.08743e-06,1.97027e-06,1.19747e-06,1.36215e-06,0.792635,3.25239e-06,4.13931e-05,4.21396e-05,4.12743e-05,5.90735e-06,1.18086e-06,4.26018e-05,1.72297e-06,1.5757e-06,1.31188e-06,1.545e-06,2.90411e-06,2.81985e-06,0.716722,0.834571,0.89742,1.33326e-06,1.29536e-06,0.914122,0.867057,2.15013e-06,1.73772e-06,1.0,0.000335795,3.65855e-06,1.69033e-06,0.776564,1.55818e-06,1.95275e-06,1.44519e-06,1.51021e-06,3.92446e-05,2.02341e-06,4.23444e-07,2.58402e-05,3.82481e-06,0.694658,4.74065e-05,4.06472e-05,1.05106e-05,3.74146e-06,2.03372e-05,1.14863e-06,1.72111e-06,0.000121831,1.27151e-05,1.32659e-06,1.62197e-06,1.50438e-05,0.000128722,5.43894e-06,1.1422e-06,7.6332e-09,3.42713e-07,8.56053e-06,1.42597e-06,5.64904e-06,5.70868e-06,1.71467e-08,1.02505e-05,7.35971e-06,6.99823e-06,3.29528e-06,3.75609e-06,5.98468e-08,5.54354e-08,5.13732e-06,5.18676e-06,3.77956e-07,9.9013e-06
rs397509322,7.63892e-06,2.71731e-05,3.37176e-05,1.3007e-07,8.35183e-06,3.55526e-05,1.12582e-05,8.2949e-05,8.76727e-08,8.40288e-05,1.9829e-05,8.56724e-05,2.05885e-05,6.62456e-05,3.82663e-05,5.07338e-05,5.00283e-05,0.00463135,1.31301e-05,2.42649e-05,2.31971e-08,3.46093e-06,0.000162159,2.35035e-05,6.90154e-08,2.17762e-05,0.000154927,0.000159929,0.000156862,7.40737e-05,8.36353e-06,2.32264e-06,2.42975e-05,4.91081e-06,3.12127e-06,0.000321755,0.00015509,1.20683e-05,2.36925e-06,0.0001532,2.16621e-06,0.000152024,5.6836e-05,3.33425e-06,0.000152935,2.55068e-06,0.000185734,2.30731e-10,0.000317424,6.27313e-05,0.000157389,0.000166408,0.000283757,0.000156538,4.05888e-06,0.00108395,0.000361568,2.18934e-06,4.82847e-06,1.91408e-06,0.000157126,2.05379e-06,5.00294e-06,0.000292909,4.53152e-06,0.000157347,1.76561e-06,0.000111927,0.000105575,0.000266709,0.00015734,2.45198e-05,1.4544e-06,2.88213e-06,8.53118e-05,2.00871e-06,0.00040759,1.66557e-05,0.000167139,0.000170642,0.000156225,3.09878e-06,1.68267e-06,0.000159523,2.49632e-06,2.32355e-06,1.93457e-06,2.23605e-06,4.2583e-06,4.13404e-06,0.000328617,0.000308855,0.000296762,1.54045e-05,1.9102e-06,0.000321851,0.000280162,0.00020182,3.36182e-06,0.000335795,1.0,1.22445e-05,5.27473e-05,0.000313071,2.27356e-06,2.85539e-06,2.09004e-06,2.22704e-06,0.00015799,2.95934e-06,3.31795e-05,1.1655e-07,5.5257e-06,0.000206496,0.000155594,0.000154716,2.03097e-07,4.58835e-05,2.06414e-05,1.2545e-07,2.53795e-06,0.000931283,6.96668e-08,2.08442e-05,2.41996e-06,3.18236e-06,0.00093772,1.70898e-05,6.5927e-05,3.25123e-05,6.7808e-06,2.09037e-05,5.35233e-06,0.000190648,1.52411e-05,5.97647e-06,9.9099e-06,0.000217131,0.000203442,3.26934e-05,5.27e-05,3.87671e-06,2.06435e-05,3.75185e-06,2.86348e-06,1.16686e-05,4.17525e-06
rs80357090,4.25471e-05,1.50706e-05,0.000647736,5.33823e-05,0.00016093,1.23514e-07,0.000113298,0.00126859,0.000513036,0.000361299,0.000117157,0.000368273,8.48347e-05,0.00224873,0.000338494,0.000356998,0.000372443,4.03091e-05,0.000145863,0.00022346,2.11916e-05,2.74647e-05,0.0032501,9.09201e-05,2.57653e-07,0.000293998,0.00334716,0.00331421,0.00334775,8.0683e-06,5.16729e-05,9.48189e-06,9.84321e-06,1.8554e-06,1.61308e-07,3.15646e-06,0.00331999,4.78907e-05,2.09008e-06,0.00334767,0.000314677,0.00331621,1.47165e-06,1.34712e-05,0.00332572,2.79152e-05,1.28921e-05,3.05731e-05,2.71645e-06,3.16152e-06,0.00331631,0.00330277,1.77591e-06,0.00334556,0.000754961,7.38264e-06,4.56717e-06,9.02469e-06,4.05962e-06,7.60504e-06,0.00333761,8.20032e-06,2.14807e-05,2.20718e-06,5.40703e-06,0.00334044,6.23543e-06,1.5511e-06,8.35265e-06,1.29909e-06,0.00334221,3.00006e-05,6.40222e-06,1.17152e-05,7.12033e-06,8.00184e-06,5.51877e-06,3.7858e-06,0.00330974,0.00332559,0.0033319,1.44955e-06,7.44349e-06,0.00330996,1.01271e-05,9.27158e-06,7.78512e-06,2.59103e-06,6.20221e-07,4.59673e-07,3.1334e-06,2.85228e-06,2.32717e-06,3.01858e-07,7.60476e-06,3.14958e-06,1.66993e-06,2.55094e-07,1.43374e-05,3.65855e-06,1.22445e-05,1.0,1.48052e-06,2.71128e-06,2.47113e-06,1.1634e-05,8.55916e-06,2.89768e-06,0.00332465,3.32549e-07,3.65129e-05,2.0549e-05,1.70445e-06,1.88945e-05,0.00332922,0.00326174,6.94141e-06,5.81035e-05,1.35695e-07,6.68153e-05,1.02339e-05,0.000266722,0.000129723,0.000172953,9.73868e-06,8.21402e-05,0.000251816,0.000171139,0.000157131,0.00486055,4.11821e-05,0.000392291,2.6087e-05,0.0017748,0.0188577,0.000199124,2.43314e-05,0.00177229,0.00173296,6.2828e-05,0.000449651,0.00362917,0.000347602,1.04955e-05,9.62589e-05,0.000144091,2.53403e-05
rs80357758,2.69155e-06,3.03115e-06,5.18473e-05,4.69562e-05,1.32303e-08,2.53603e-06,2.63523e-06,4.88325e-06,8.59899e-06,1.96895e-06,1.92152e-06,2.25798e-06,5.51793e-06,1.71567e-05,2.73726e-06,1.60626e-06,3.01475e-06,0.000113318,2.26389e-06,8.84455e-06,3.4852e-05,3.08581e-06,4.12287e-05,1.66847e-07,2.3291e-05,1.43291e-05,4.12089e-05,4.59927e-05,4.36925e-05,1.65927e-06,4.52635e-07,7.46028e-05,1.92147e-06,4.03034e-06,2.53659e-06,1.75451e-06,4.12858e-05,0.31109,1.92545e-06,4.12039e-05,2.51574e-05,3.98507e-05,2.07887e-06,2.7097e-06,4.03092e-05,2.13385e-06,2.6934e-06,1.74694e-05,1.80642e-06,1.77258e-06,4.23033e-05,4.16818e-05,2.01909e-06,4.35172e-05,1.58431e-05,1.37544e-06,1.59147e-06,1.78353e-06,3.99671e-06,1.55552e-06,4.22497e-05,1.66913e-06,,1.88543e-06,0.0178325,4.23382e-05,1.47423e-06,3.91823e-06,1.31803e-06,2.1196e-06,4.23194e-05,9.61973e-06,1.30318e-06,2.36121e-06,0.775554,1.63243e-06,1.49862e-06,3.89773e-06,4.19079e-05,4.27309e-05,4.1784e-05,6.57172e-06,,4.32389e-05,2.06478e-06,1.88834e-06,1.57219e-06,1.83346e-06,3.48034e-06,3.37936e-06,1.79898e-06,1.78804e-06,1.86576e-06,1.25804e-05,1.55238e-06,1.74783e-06,2.04245e-06,2.55629e-06,2.88973e-06,1.69033e-06,5.27473e-05,1.48052e-06,1.0,1.80836e-06,1.86741e-06,2.34021e-06,1.73194e-06,1.80986e-06,2.97099e-05,2.4249e-06,1.22802e-05,7.72974e-05,4.56286e-06,5.07555e-05,3.48319e-05,3.45347e-05,1.10566e-07,3.6876e-05,4.02173e-05,1.896e-07,6.80038e-05,9.06803e-07,1.54202e-05,6.9047e-06,1.9667e-06,1.61544e-07,1.0224e-06,2.872e-05,9.10689e-07,3.95181e-05,5.44438e-07,2.82223e-06,2.53387e-05,1.14584e-05,6.50892e-06,1.01107e-06,2.98508e-06,1.53068e-05,1.58868e-05,5.49171e-08,3.78173e-06,5.99164e-07,2.98164e-06,1.07833e-07,1.43441e-05,1.85739e-06,9.6984e-06
Affx-472941919,1.84789e-06,2.70612e-06,6.87693e-06,1.66327e-07,4.36197e-06,2.28149e-06,7.39267e-05,9.48055e-06,1.82873e-06,1.11331e-05,2.02207e-06,1.04395e-05,7.92829e-06,8.5497e-09,6.46176e-06,7.38974e-06,7.6714e-06,8.60744e-06,5.58829e-05,3.53777e-05,4.79412e-05,7.12415e-06,9.51959e-06,2.06849e-06,8.04692e-15,6.61465e-07,1.28251e-05,1.71385e-05,5.61571e-06,1.48118e-06,1.61576e-06,1.66668e-06,1.84099e-05,3.59788e-06,2.24682e-06,0.674404,1.28642e-05,4.10664e-06,1.70128e-06,1.19665e-05,2.42699e-07,1.21212e-05,0.840955,2.41895e-06,1.23589e-05,1.90482e-06,2.33419e-06,1.77779e-06,0.822853,1.58237e-06,1.33955e-05,1.30594e-05,0.835754,1.40161e-05,1.53407e-06,1.22785e-06,0.783486,1.62373e-06,3.56772e-06,1.38861e-06,1.33894e-05,1.49003e-06,3.89539e-06,0.848705,3.36729e-06,1.34311e-05,0.000118925,0.401936,1.17661e-06,0.805116,1.34062e-05,3.9752e-05,1.16336e-06,2.10785e-06,1.28109e-06,1.45727e-06,0.696097,3.46187e-06,1.31757e-05,1.36141e-05,1.31193e-05,6.26861e-06,1.25117e-06,1.38739e-05,1.84327e-06,1.68568e-06,1.40349e-06,1.63528e-06,3.10689e-06,3.01675e-06,0.668181,0.749551,0.827209,7.95112e-07,1.38581e-06,0.826532,0.829919,2.3004e-06,2.57966e-06,0.776564,0.000313071,2.71128e-06,1.80836e-06,1.0,1.66699e-06,2.06637e-06,1.54614e-06,1.61566e-06,1.17984e-05,2.1647e-06,5.7262e-06,1.38623e-06,4.092e-06,0.652182,1.63811e-05,1.27778e-05,1.11048e-05,4.14672e-06,2.30645e-05,2.3074e-06,7.79929e-05,5.96677e-05,8.94185e-06,1.82564e-07,1.73656e-06,1.73461e-05,6.4046e-05,9.06987e-06,4.88113e-07,7.60155e-07,2.15671e-06,7.43563e-06,3.26287e-06,1.21842e-06,8.69542e-06,4.357e-07,4.90028e-05,1.111e-07,1.62717e-07,4.31339e-06,6.85285e-06,6.47995e-07,3.51135e-06,2.37731e-06,1.41324e-09,1.36793e-05,1.23974e-05
rs34765977,1.26871e-05,2.79448e-06,7.20259e-06,1.31718e-05,1.55309e-05,2.35598e-06,1.26388e-05,0.00010617,0.000153499,1.23113e-05,7.15683e-07,1.29487e-05,4.93382e-05,1.80421e-05,1.32302e-05,1.64073e-05,1.6044e-05,4.85306e-07,4.12269e-05,4.14706e-05,3.2739e-05,8.33302e-06,0.000312333,1.08154e-05,5.47121e-06,7.6229e-05,0.000297105,0.000315256,0.000292112,1.49734e-06,1.62351e-05,1.74004e-06,1.33819e-06,3.71536e-06,2.33834e-06,1.60034e-06,0.000296807,4.24073e-06,1.75626e-06,0.000278353,2.27848e-05,0.000300085,1.85775e-06,2.49793e-06,0.000287561,1.96701e-06,2.39339e-06,2.89891e-06,1.64764e-06,1.63404e-06,0.000294838,0.000296274,1.80379e-06,0.000292692,0.000192129,1.24981e-06,1.44895e-06,1.67684e-06,3.56782e-06,0.000107321,0.000293987,1.53868e-06,3.91937e-06,1.71994e-06,3.2068e-05,0.000293943,1.35905e-06,2.92718e-05,1.21503e-06,1.8945e-06,0.000294405,2.23824e-05,1.17596e-06,2.15373e-06,1.32292e-06,1.48899e-06,1.39506e-06,3.59311e-06,0.000303925,0.000293912,0.000295893,8.50314e-06,1.30736e-06,0.000281814,1.90346e-06,1.74076e-06,1.44931e-06,1.70685e-06,3.19017e-06,3.0971e-06,1.62336e-06,1.63016e-06,1.70182e-06,7.23572e-07,1.43106e-06,1.5931e-06,1.82485e-06,2.27524e-06,2.66389e-06,1.55818e-06,2.27356e-06,2.47113e-06,1.86741e-06,1.66699e-06,1.0,2.15731e-06,1.59663e-06,1.66842e-06,0.000294851,2.23538e-06,2.00264e-05,2.18415e-06,2.41089e-05,2.33666e-06,0.000297283,0.000286004,4.01812e-07,5.21095e-05,4.85898e-05,1.32946e-05,1.90141e-06,6.47217e-05,2.65689e-05,4.16361e-05,1.81299e-06,4.07554e-05,6.60072e-05,3.00317e-06,1.31107e-05,0.000205628,1.26306e-06,0.000128034,4.63033e-06,0.000694428,4.10537e-05,5.74792e-05,3.74415e-07,0.00066051,0.000656897,4.47773e-06,6.22309e-05,6.53512e-05,0.000174822,9.40522e-06,1.2718e-05,7.61204e-05,1.3277e-05
rs886040224,2.0447e-05,3.09107e-05,2.85315e-06,3.49386e-06,6.59491e-05,2.95248e-06,5.65504e-08,0.000970648,0.000266221,0.000113171,5.45559e-06,0.00011495,3.67351e-05,0.000600807,0.000102167,9.62332e-05,9.53592e-05,7.57623e-06,1.25721e-05,1.69785e-07,3.69408e-06,1.68903e-06,0.000398746,6.72516e-05,1.30067e-07,0.000167427,0.00039914,0.000402477,0.000392704,1.85228e-06,7.28635e-06,2.20322e-06,2.37298e-05,4.65603e-06,2.9303e-06,2.00982e-06,0.000398751,5.31442e-06,2.22436e-06,0.000399339,9.21178e-05,0.000383231,2.34089e-06,3.13037e-06,0.000381874,2.44437e-06,3.05897e-06,7.31277e-05,2.08685e-06,2.00793e-06,0.000396187,0.000398044,2.27357e-06,0.000393462,0.000349902,1.58896e-06,1.83853e-06,2.10139e-06,4.50045e-06,1.78183e-06,0.000395079,1.92826e-06,1.91637e-05,2.17813e-06,2.25649e-05,0.000395028,1.70314e-06,4.52651e-06,1.52265e-06,2.38675e-06,0.000395641,5.81488e-05,1.50548e-06,2.70482e-06,1.65786e-06,1.88585e-06,1.74822e-06,4.4648e-06,0.000378153,0.000395021,0.000397545,8.2015e-06,1.54702e-06,0.000393935,2.38532e-06,2.18144e-06,1.81626e-06,2.13895e-06,4.02053e-06,3.90399e-06,1.98564e-06,2.06562e-06,2.15541e-06,5.64506e-05,1.79338e-06,2.01917e-06,2.28002e-06,2.97674e-06,3.33834e-06,1.95275e-06,2.85539e-06,1.1634e-05,2.34021e-06,2.06637e-06,2.15731e-06,1.0,2.00087e-06,2.09083e-06,0.000384625,2.77777e-06,4.42703e-08,7.44302e-05,1.53054e-05,2.93871e-06,0.000379729,0.000379804,1.45519e-05,7.13958e-05,1.51472e-06,3.8463e-06,2.38282e-06,4.84855e-06,8.80625e-07,0.000109125,2.27202e-06,2.58611e-05,9.8308e-06,8.49039e-07,2.20257e-05,0.000392265,5.44252e-06,6.33083e-05,6.42229e-05,0.000221118,6.70124e-05,9.91083e-05,4.83031e-05,0.00026681,0.000269423,0.00087471,9.34009e-05,0.000103414,0.00197065,3.98671e-05,1.33042e-05,0.000137094,2.50264e-05
Affx-289953741,1.05581e-05,2.56234e-06,7.87923e-06,1.03147e-05,2.27279e-05,2.18513e-06,3.25566e-05,5.59779e-06,3.36334e-05,1.93865e-06,2.10157e-05,1.11405e-06,3.36729e-05,3.45716e-08,1.22257e-07,3.31088e-07,5.17993e-07,4.88821e-07,5.22273e-08,2.04463e-06,1.09491e-07,5.68869e-06,1.98846e-06,4.88071e-05,4.80713e-05,2.1287e-05,4.40018e-06,4.88206e-06,3.74346e-06,1.37022e-06,2.30121e-06,1.61386e-06,7.58419e-07,3.14054e-05,2.16877e-06,1.48303e-06,5.76361e-06,3.87171e-06,9.02317e-05,4.40697e-06,1.88473e-05,4.80582e-06,1.71673e-06,2.31678e-06,4.66787e-06,1.82451e-06,2.25009e-06,6.9233e-07,1.54448e-06,0.000100389,4.09873e-06,4.27818e-06,1.66736e-06,3.80001e-06,4.12866e-05,1.17599e-06,1.36069e-06,9.9031e-05,3.2836e-06,0.000117811,4.07426e-06,0.000107778,3.686e-06,1.61203e-06,3.69397e-05,4.05612e-06,0.000125447,3.35839e-05,1.12691e-06,1.75036e-06,4.08089e-06,3.86016e-07,1.11419e-06,0.000326511,1.22698e-06,0.000110951,1.29386e-06,3.33245e-06,4.22146e-06,2.4575e-06,4.24176e-06,6.06994e-06,1.19646e-06,3.86481e-06,1.74534e-06,9.39475e-05,1.34421e-06,1.58303e-06,2.97567e-06,2.88934e-06,1.48555e-06,1.52877e-06,1.59521e-06,1.44874e-06,0.000117836,1.49438e-06,1.6866e-06,2.15293e-06,2.4538e-06,1.44519e-06,2.09004e-06,8.55916e-06,1.73194e-06,1.54614e-06,1.59663e-06,2.00087e-06,1.0,1.52973e-06,4.05784e-06,2.0564e-06,8.32485e-05,4.661e-06,2.66109e-05,2.15508e-06,2.28453e-06,8.07976e-06,1.06305e-05,1.10494e-05,4.50491e-05,1.33817e-06,1.76352e-06,5.40596e-06,7.69247e-06,6.50319e-05,1.68152e-06,6.29928e-07,5.17506e-06,7.13665e-06,6.3521e-06,3.52578e-06,3.19329e-05,3.9068e-05,2.82565e-08,1.60793e-06,2.8019e-05,1.54164e-06,3.02101e-06,8.04863e-06,8.43428e-06,3.61649e-06,4.84335e-05,2.9151e-08,3.11143e-06,6.30272e-05,1.69755e-06,1.02768e-05,5.52002e-07
Affx-82097345,1.08224e-06,2.70837e-06,6.99881e-06,1.65911e-07,1.20769e-05,2.26578e-06,1.44228e-05,3.8662e-06,2.37786e-06,2.65077e-05,2.28115e-05,4.01614e-05,7.92037e-06,5.23647e-06,2.33105e-05,2.52743e-05,2.85076e-05,8.59046e-06,3.1207e-05,2.45875e-05,3.1719e-05,7.4725e-06,3.52697e-05,1.6616e-06,1.87558e-05,2.40353e-05,2.99468e-05,2.39016e-05,3.0031e-05,1.48246e-06,1.81093e-05,1.70401e-06,4.96463e-06,3.58325e-06,2.26628e-06,1.5675e-06,2.98693e-05,4.11005e-06,1.72027e-06,1.88544e-05,1.14034e-05,3.09756e-05,1.85735e-06,5.37746e-05,3.0602e-05,1.88567e-06,2.37994e-06,2.45353e-05,1.61392e-06,1.56641e-06,2.91536e-05,2.96305e-05,1.80394e-06,3.67833e-05,2.48931e-05,1.22887e-06,1.42184e-06,9.49198e-05,3.57073e-06,1.38976e-06,2.90427e-05,1.49127e-06,2.75128e-05,1.68451e-06,3.35197e-06,2.90012e-05,0.000534863,3.5007e-06,1.17758e-06,1.89373e-06,2.90858e-05,6.61662e-06,1.13881e-06,2.1096e-06,1.28215e-06,1.45847e-06,1.352e-06,3.46475e-06,2.53027e-05,2.88585e-05,2.95278e-05,9.27285e-06,1.28037e-06,2.85264e-05,1.80465e-06,1.68712e-06,1.40465e-06,1.65421e-06,3.10938e-06,3.01925e-06,1.60728e-06,1.58012e-06,1.66694e-06,1.08903e-05,1.38696e-06,1.56157e-06,1.82481e-06,2.2089e-06,2.5818e-06,1.51021e-06,2.22704e-06,2.89768e-06,1.80986e-06,1.61566e-06,1.66842e-06,2.09083e-06,1.52973e-06,1.0,2.9068e-05,2.13121e-06,4.22342e-05,7.25023e-08,4.05867e-06,2.33161e-06,2.98759e-05,3.00284e-05,1.12363e-05,2.15964e-05,1.17873e-05,1.77208e-07,1.84277e-06,9.86283e-07,1.02515e-06,5.11179e-08,1.75708e-06,2.40348e-06,6.05202e-07,1.85865e-06,9.40461e-06,2.00823e-05,9.08585e-07,5.63307e-07,1.0012e-05,1.1635e-07,2.24363e-06,1.53321e-05,4.30282e-06,1.19717e-06,9.58801e-07,5.99258e-07,1.52668e-07,1.85367e-05,1.47676e-05,1.80799e-06,1.19034e-05,1.95049e-05,1.6682e-07
rs799912,0.000726886,0.000413219,0.000971293,0.00630189,0.0514677,0.00107651,0.00423816,0.0582478,0.114553,0.00192387,0.0175619,0.00173231,0.0187856,0.436598,0.00264233,0.00304186,0.0029647,0.000717045,0.0839775,0.10408,0.0199206,0.0154641,0.975422,0.0329904,0.00810358,0.0506149,0.997196,0.968342,0.99544,5.67327e-06,0.0138233,0.000946401,0.00349114,0.00244417,5.52056e-05,2.92108e-05,0.996281,2.13119e-05,1.57374e-07,0.993428,0.161111,0.992178,2.2484e-05,0.000499024,0.993763,4.21219e-05,6.78371e-07,0.0344615,3.97224e-05,2.11369e-06,0.998462,0.998995,1.09138e-05,0.99914,0.213729,3.52268e-06,4.77656e-05,2.03291e-06,0.00213954,4.67462e-09,0.999616,0.000455988,4.44109e-07,1.5332e-05,4.20567e-05,0.999557,4.20847e-08,3.81821e-05,3.1025e-05,1.12075e-05,0.998877,0.0158164,1.9136e-05,0.000110366,2.49074e-05,7.11509e-05,1.57767e-05,0.00104538,0.998402,0.999113,0.999497,0.00350452,5.43126e-05,0.999141,0.00107129,1.20914e-05,2.3664e-06,3.67116e-05,0.000688473,0.000669491,1.9265e-05,1.99705e-05,3.65941e-05,0.00205245,5.51686e-05,1.33373e-05,1.57515e-05,0.00123813,0.00152104,3.92446e-05,0.00015799,0.00332465,2.97099e-05,1.17984e-05,0.000294851,0.000384625,4.05784e-06,2.9068e-05,1.0,2.04458e-05,0.0262412,0.0226846,0.000914314,6.07919e-06,0.994975,0.994898,0.00268826,0.0165367,0.0114044,0.011502,0.00024863,0.157851,0.0118821,0.0737268,0.000294393,0.0247476,0.154699,0.0184693,0.0879067,0.604847,0.00747574,0.132206,0.0283086,0.00391011,0.118352,0.0288699,0.0107325,0.00160458,0.00161637,0.00425457,0.0689022,0.0506579,0.00390255,0.0106397,0.00467361,0.00542063,0.00370628
Affx-82097683,6.69364e-06,3.62874e-06,2.23433e-06,9.83661e-05,6.88438e-06,3.05933e-06,3.30548e-05,1.199e-05,3.91131e-05,4.95068e-06,6.48399e-06,4.43379e-06,8.39887e-07,5.89283e-06,6.68649e-06,4.81901e-06,5.0792e-06,2.21952e-05,1.00835e-05,6.96831e-07,4.64199e-06,2.53793e-09,2.18059e-05,2.32328e-05,3.18125e-05,2.89949e-11,2.00676e-05,1.71244e-05,2.42161e-05,1.96985e-06,6.30543e-08,2.28308e-06,4.60204e-06,4.80092e-06,3.03642e-06,2.10024e-06,1.99962e-05,5.37224e-06,2.30486e-06,2.00823e-05,3.10538e-06,1.79226e-05,2.46798e-06,3.24364e-06,2.07058e-05,2.55443e-06,3.17131e-06,2.99713e-07,2.16237e-06,6.59858e-05,1.63198e-05,1.97606e-05,2.39694e-06,1.85427e-05,4.16252e-07,1.64646e-06,1.90506e-06,2.14199e-06,1.85166e-05,1.84687e-06,1.51677e-05,1.99803e-06,4.76461e-06,2.25695e-06,0.000325491,1.51305e-05,1.76478e-06,4.69032e-06,1.57776e-06,2.51633e-06,1.51911e-05,2.27036e-05,1.54729e-06,2.8265e-06,1.70382e-06,1.9541e-06,1.79678e-06,4.64216e-06,1.04014e-05,1.49801e-05,1.2876e-05,8.33654e-06,1.55067e-06,1.47093e-05,5.24339e-05,2.26045e-06,1.88193e-06,2.21636e-06,4.14255e-06,4.02169e-06,2.11811e-06,2.14037e-06,2.21522e-06,5.42564e-09,1.85828e-06,2.09223e-06,2.42475e-06,3.05909e-06,3.45906e-06,2.02341e-06,2.95934e-06,3.32549e-07,2.4249e-06,2.1647e-06,2.23538e-06,2.77777e-06,2.0564e-06,2.13121e-06,2.04458e-05,1.0,1.42366e-05,6.21118e-06,5.48728e-06,3.09826e-06,1.31231e-05,1.59738e-05,1.50548e-05,1.50474e-08,6.77638e-07,1.05646e-05,2.46905e-06,8.34252e-06,1.68246e-05,6.62027e-05,2.35418e-06,1.54249e-06,8.01433e-06,6.44395e-06,1.5986e-06,9.06521e-06,1.85799e-07,9.88016e-06,6.03749e-08,2.87997e-06,5.69838e-06,2.41818e-06,2.18227e-06,6.20721e-06,5.81087e-06,1.00018e-05,1.20085e-06,1.95868e-06,7.6847e-06,8.31274e-07,8.63336e-05,1.15298e-05,1.2551e-05
rs8176100,0.000126389,1.15809e-05,2.62501e-05,2.78639e-06,0.0703939,1.67264e-05,0.000252514,0.0102976,0.0035603,0.00257156,2.61863e-06,0.00256178,0.000276497,0.0152765,0.00267892,0.00255953,0.00257428,8.41213e-06,0.0012909,0.00139623,0.000170873,0.000347872,0.0255879,0.000357187,0.00020043,0.00163891,0.0262647,0.0255145,0.0263151,7.00727e-07,0.000144908,3.03228e-06,0.000147116,4.58687e-05,4.89303e-06,1.78033e-07,0.0262304,1.07147e-05,1.30828e-07,0.0260955,0.163447,0.0261041,1.32097e-05,7.13931e-07,0.0260942,2.52733e-05,6.15622e-06,0.000928454,2.20096e-05,1.40839e-08,0.0263216,0.0262793,1.59166e-05,0.0262906,0.00587934,1.01716e-05,3.29989e-05,8.99775e-12,2.55582e-05,1.67375e-06,0.0263312,1.59627e-05,1.45682e-08,4.24219e-06,1.04412e-05,0.0263535,3.71005e-05,1.47833e-05,2.19504e-05,1.20464e-05,0.0263732,0.000381161,2.93776e-05,2.11296e-08,2.48086e-06,8.55351e-06,2.50093e-06,6.4999e-05,0.0263569,0.0261964,0.026283,7.19857e-05,4.95622e-07,0.0263242,2.41369e-05,3.31746e-06,1.02925e-05,2.48013e-09,1.87623e-05,1.71754e-05,2.44886e-05,2.10601e-05,4.57234e-06,8.42749e-05,9.34015e-07,3.26878e-06,1.45699e-05,1.51707e-05,4.22945e-05,4.23444e-07,3.31795e-05,3.65129e-05,1.22802e-05,5.7262e-06,2.00264e-05,4.42703e-08,8.32485e-05,4.22342e-05,0.0262412,1.42366e-05,1.0,0.000607731,1.03629e-05,2.7717e-06,0.0261993,0.0262194,4.24615e-05,0.000484738,0.00022728,0.000191909,7.51861e-07,0.00157095,0.000427891,0.00184841,6.88514e-06,0.000238888,0.00156662,0.000524047,0.000775966,0.0371365,0.000305497,0.00311416,0.000904541,0.0266989,0.00188535,0.00175659,0.000280396,0.0260401,0.0261894,0.000133388,0.00251653,0.000341679,0.00409116,0.000593733,9.79429e-06,0.004345,0.000301741
Affx-92046649,0.000967843,2.4743e-05,1.97706e-05,1.46058e-06,0.00310949,2.18798e-07,0.000484733,0.00686924,0.0105392,0.00553742,0.00057617,0.00560447,0.000716083,0.0229658,0.00582458,0.00573299,0.00568885,0.000503752,0.00259769,0.00271984,0.000329388,0.00084224,0.0232597,0.00089973,0.000687833,0.00357175,0.0226186,0.0069464,0.0225237,9.09129e-06,0.000284129,5.43027e-05,0.000228469,4.85762e-05,9.85155e-06,3.58382e-07,0.022627,4.27217e-06,0.000123536,0.0226802,0.00347577,0.0227713,3.67575e-06,3.86686e-05,0.0227178,1.39521e-08,1.14813e-05,0.644556,7.55416e-08,5.5563e-06,0.0226438,0.022687,7.20477e-07,0.0225644,0.0130822,9.24162e-06,9.5948e-06,2.97304e-06,3.06065e-05,1.2422e-05,0.0226445,1.21387e-05,5.34392e-07,2.49769e-06,5.28692e-06,0.0226718,6.09125e-07,3.3729e-07,8.49335e-05,1.00402e-07,0.022664,0.000750094,9.47856e-06,8.81734e-07,1.81521e-05,2.42378e-06,7.37992e-06,7.43819e-05,0.0227785,0.0226292,0.0227415,7.22599e-05,9.32452e-08,0.0225904,1.43603e-05,2.6202e-06,2.81665e-06,3.01625e-06,4.61479e-06,1.53632e-05,5.58526e-06,6.51033e-06,2.21747e-06,0.000119041,4.32844e-06,7.67253e-07,5.61262e-07,4.88885e-06,3.18415e-05,2.58402e-05,1.1655e-07,2.0549e-05,7.72974e-05,1.38623e-06,2.18415e-06,7.44302e-05,4.661e-06,7.25023e-08,0.0226846,6.21118e-06,0.000607731,1.0,9.91827e-05,4.52743e-07,0.0227124,0.0227203,0.000182173,0.00104452,0.000649441,0.000798191,4.15293e-05,0.00329716,0.000808408,0.00459052,2.27348e-05,0.00052668,0.00306025,0.000846705,0.00214818,0.0131324,0.000419861,0.00283374,0.415688,0.016868,0.00374299,0.00444576,0.0035284,0.0167147,0.0166337,0.000328156,0.00113152,0.00209626,0.00283893,0.000971331,0.000887339,0.0538378,0.000525417
Affx-36119231,1.97349e-06,6.78454e-06,1.7412e-05,6.04969e-05,0.000105567,9.04453e-05,1.96084e-06,0.000668359,0.00475732,0.000381351,4.56418e-05,0.000389204,3.13549e-05,0.00147079,0.000404562,0.000391983,0.000389781,2.15899e-05,0.000189541,0.000116331,4.81266e-06,2.35378e-10,0.000986935,8.00246e-05,1.03221e-05,6.97768e-05,0.000945709,0.000958878,0.000932206,3.74001e-06,9.22852e-08,4.20764e-06,2.13941e-05,2.88493e-06,5.73988e-06,3.97036e-06,0.000944884,7.98758e-06,4.3569e-06,0.000933228,0.000267355,0.000953987,4.68555e-06,6.08691e-06,0.000938017,4.72359e-06,5.88057e-06,0.022635,4.08751e-06,2.55607e-05,0.000939403,0.000943596,4.53036e-06,0.000920929,0.000358579,3.11234e-06,3.58494e-06,0.000149742,3.57695e-06,3.51988e-06,0.000936919,3.6879e-06,9.76821e-06,4.2663e-06,5.00295e-05,0.00093681,3.48684e-05,8.86628e-06,2.98244e-06,1.90507e-05,0.000938121,3.6136e-08,2.88488e-06,5.34311e-06,3.23269e-06,3.69393e-06,3.34078e-05,8.73077e-06,0.000943007,0.000936884,0.000913513,1.75321e-07,3.03841e-06,0.000934759,4.5387e-06,4.27304e-06,3.55756e-06,4.18993e-06,7.83059e-06,7.60224e-06,4.05481e-06,4.04598e-06,4.2218e-06,3.45078e-05,3.51274e-06,3.95494e-06,4.58292e-06,9.6451e-05,6.46529e-06,3.82481e-06,5.5257e-06,1.70445e-06,4.56286e-06,4.092e-06,2.41089e-05,1.53054e-05,2.66109e-05,4.05867e-06,0.000914314,5.48728e-06,1.03629e-05,9.91827e-05,1.0,5.82949e-06,0.000969153,0.000946414,6.71276e-06,5.18737e-05,0.000116916,1.63152e-05,1.91427e-05,0.000174792,7.1271e-05,0.000175615,4.40564e-06,9.95777e-05,0.000172989,1.1737e-05,8.40556e-05,0.000676574,7.6879e-06,0.000279354,4.33774e-05,0.000506891,0.000132326,0.000155435,1.59399e-05,0.000514172,0.00047667,1.06745e-07,0.000249953,0.007421,0.000326198,4.1644e-05,8.03841e-05,0.00328104,2.89828e-05
Affx-149264245,1.38584e-06,3.87991e-06,1.88018e-06,3.68162e-05,7.02797e-09,3.16569e-06,5.55016e-05,3.61868e-05,2.73289e-06,6.8876e-05,1.353e-06,6.66203e-05,4.79041e-06,5.1e-06,6.07904e-05,5.62993e-05,6.0701e-05,5.83356e-09,8.85839e-05,5.72979e-05,3.4936e-06,2.466e-07,3.95354e-06,4.29743e-06,5.05431e-06,1.25229e-05,6.61017e-06,1.11047e-05,2.5202e-06,2.07981e-06,2.72277e-07,2.36248e-06,1.65952e-07,5.16691e-06,3.26782e-06,0.557386,6.64734e-06,1.1329e-05,,6.0418e-06,3.05029e-06,6.02215e-06,0.744375,3.44017e-06,6.21117e-06,2.74984e-06,3.39216e-06,3.71464e-08,0.729254,2.2154e-06,7.10615e-06,6.81569e-06,0.714844,7.63059e-06,8.96099e-06,1.77192e-06,0.629705,2.31792e-06,5.00981e-06,,7.10851e-06,2.12481e-06,5.61712e-06,0.719445,4.87771e-06,7.1512e-06,7.74919e-05,0.739835,1.69805e-06,0.731055,7.12379e-06,1.32432e-05,1.65365e-06,1.51603e-07,8.02778e-05,3.26117e-07,0.572656,4.86857e-06,6.91132e-06,7.28204e-06,6.8737e-06,8.94157e-06,1.71997e-06,7.50805e-06,2.60941e-06,,2.0001e-06,0.00123927,4.40732e-06,4.2775e-06,0.570465,0.68632,0.73145,1.01077e-05,,0.713104,0.730519,3.18904e-06,3.62124e-06,0.694658,0.000206496,1.88945e-05,5.07555e-05,0.652182,2.33666e-06,2.93871e-06,2.15508e-06,2.33161e-06,6.07919e-06,3.09826e-06,2.7717e-06,4.52743e-07,5.82949e-06,1.0,8.79562e-06,6.58576e-06,1.46334e-07,1.19117e-06,4.13058e-05,1.96824e-05,2.50512e-06,9.01484e-05,1.29211e-05,1.03957e-05,2.4888e-06,3.2979e-05,9.50622e-05,8.1771e-07,1.22897e-07,1.04575e-05,1.73656e-06,2.46602e-06,1.76741e-07,7.32746e-07,2.22061e-07,1.13494e-06,2.2462e-05,1.33256e-09,4.83516e-08,1.18929e-05,2.65098e-06,1.01707e-05,1.05471e-06,2.50545e-06,2.13953e-06,1.91865e-06,3.05869e-05
rs11657835,0.000704437,0.00039921,0.000941771,0.00641129,0.0513717,0.00103974,0.00420697,0.058922,0.114721,0.00183944,0.0183215,0.0016622,0.0183385,0.434651,0.00253921,0.00292455,0.00285821,0.000704915,0.0831271,0.103123,0.0198684,0.0155407,0.971988,0.0327534,0.00808074,0.0504498,0.993807,0.965461,0.992552,6.0123e-06,0.0135625,0.000940774,0.00347934,0.00243083,4.06888e-05,3.07961e-05,0.993425,1.95066e-05,7.57396e-07,0.990421,0.159843,0.989262,2.82123e-05,0.000490768,0.990904,1.92253e-05,5.31039e-07,0.0345292,4.75753e-05,5.66316e-06,0.995512,0.99466,1.51429e-05,0.994677,0.212771,3.7778e-06,5.69991e-05,8.7513e-07,0.00212767,3.76329e-07,0.995201,0.000458783,6.05202e-07,2.03352e-05,4.7063e-05,0.995228,1.90881e-08,4.36902e-05,3.02745e-05,1.5347e-05,0.994015,0.0156616,1.19151e-05,0.000119081,2.42192e-05,6.98937e-05,2.1633e-05,0.00105181,0.994095,0.994804,0.995163,0.00348403,5.33178e-05,0.994798,0.00106507,1.23543e-05,2.19847e-06,3.57759e-05,0.000705924,0.000686781,1.48146e-05,2.57985e-05,4.40184e-05,0.00203655,4.68625e-05,1.82815e-05,2.06974e-05,0.00119931,0.00151209,4.74065e-05,0.000155594,0.00332922,3.48319e-05,1.63811e-05,0.000297283,0.000379729,2.28453e-06,2.98759e-05,0.994975,1.31231e-05,0.0261993,0.0227124,0.000969153,8.79562e-06,1.0,0.995957,0.00268465,0.016543,0.0114502,0.0115289,0.00026145,0.15746,0.0118985,0.0738625,0.000296894,0.0243385,0.154402,0.0184548,0.087524,0.603542,0.00741422,0.131801,0.0284071,0.00401652,0.118695,0.0288538,0.0107942,0.00168033,0.00170102,0.00429367,0.0686644,0.0506422,0.00378388,0.0105553,0.00466187,0.00525153,0.00369935
rs4793213,0.000701352,0.000417111,0.000939307,0.0063662,0.0513529,0.001066,0.00423946,0.058617,0.114503,0.00182787,0.0183427,0.00170895,0.0187093,0.434944,0.00259102,0.00299153,0.00291752,0.000720928,0.0836267,0.103746,0.0198492,0.0155538,0.971951,0.0328344,0.0080784,0.0506966,0.993673,0.965379,0.99245,6.08851e-06,0.0136649,0.00097167,0.00347567,0.0023886,4.03197e-05,3.05133e-05,0.993292,2.317e-05,1.84297e-07,0.990381,0.160512,0.990279,2.35483e-05,0.000502868,0.990715,1.89915e-05,1.37745e-06,0.0341285,4.10289e-05,5.73774e-06,0.995345,0.994525,1.17994e-05,0.994511,0.213474,3.83095e-06,4.92989e-05,2.30902e-06,0.00212078,1.65333e-08,0.995064,0.000458671,6.59023e-07,1.634e-05,3.62589e-05,0.995091,1.42996e-08,3.92523e-05,3.00349e-05,1.20514e-05,0.99391,0.0157593,1.97663e-05,0.000109381,2.39948e-05,6.13314e-05,1.70508e-05,0.00103782,0.993931,0.994639,0.995026,0.0034414,5.29148e-05,0.994662,0.00106162,1.21927e-05,2.14054e-06,3.02198e-05,0.000693542,0.000674375,1.46473e-05,2.11249e-05,3.78453e-05,0.00202512,4.65189e-05,1.43853e-05,1.6737e-05,0.00122671,0.00147602,4.06472e-05,0.000154716,0.00326174,3.45347e-05,1.27778e-05,0.000286004,0.000379804,8.07976e-06,3.00284e-05,0.994898,1.59738e-05,0.0262194,0.0227203,0.000946414,6.58576e-06,0.995957,1.0,0.00276737,0.0165833,0.0114893,0.0116195,0.00025115,0.158019,0.0118861,0.0739997,0.000285847,0.0245955,0.155744,0.0185065,0.0874836,0.604332,0.00745206,0.132038,0.0284084,0.00404781,0.118848,0.0286814,0.0108811,0.00171952,0.00174109,0.00429451,0.0687737,0.0507757,0.00380424,0.0106917,0.00472264,0.005228,0.00374905
rs76584039,5.22292e-05,1.34606e-06,1.05754e-06,9.66133e-05,1.74742e-05,9.67575e-05,2.02623e-05,0.000756406,0.00910176,0.000804234,3.11316e-05,0.000801525,6.69772e-05,0.00373302,0.000865227,0.000824786,0.000832125,6.48291e-05,0.000411352,0.000429381,3.84301e-05,7.05432e-05,0.00274409,6.5912e-05,3.18571e-05,0.000539761,0.00272047,0.00277951,0.00268263,1.00887e-05,6.49962e-10,1.18597e-05,5.71698e-05,2.58767e-07,2.24207e-07,1.07359e-05,0.00267688,2.85595e-05,1.19725e-05,0.00269972,0.0004644,0.00276619,1.24145e-05,1.68494e-05,0.0027446,1.30809e-05,3.99933e-07,0.000291477,1.11104e-05,1.09873e-05,0.00271294,0.00273366,1.21735e-05,0.00270957,0.0122967,3.17875e-06,9.77375e-06,5.70478e-07,4.2877e-06,9.64191e-06,0.00271793,1.03625e-05,8.76659e-06,1.16017e-05,2.33782e-05,0.00271777,9.16735e-06,2.42018e-05,8.18285e-06,1.27856e-05,0.00271868,0.000143694,4.51547e-06,1.46826e-05,8.80126e-06,1.01347e-05,9.39504e-06,2.42369e-05,0.00273198,0.00272809,0.00274344,4.37427e-05,3.12037e-06,0.00269976,6.8267e-08,1.17422e-05,1.75396e-06,1.13906e-05,2.8343e-06,2.4928e-06,8.45515e-07,1.09437e-05,1.14791e-05,4.97292e-06,9.65306e-06,1.0729e-05,1.23153e-05,0.000107112,1.78464e-05,1.05106e-05,2.03097e-07,6.94141e-06,1.10566e-07,1.11048e-05,4.01812e-07,1.45519e-05,1.06305e-05,1.12363e-05,0.00268826,1.50548e-05,4.24615e-05,0.000182173,6.71276e-06,1.46334e-07,0.00268465,0.00276737,1.0,0.000258448,3.24382e-05,0.131563,1.28257e-05,0.000532236,0.000104023,0.000430602,1.22294e-05,9.27741e-05,0.000529162,0.000222898,0.000227597,0.00172007,4.91082e-05,0.000544599,3.41695e-05,0.00327259,0.00041874,0.000716454,0.000151223,0.00325373,0.00324696,9.49092e-05,0.00733364,0.000622002,0.000882196,1.68038e-06,0.0526329,0.000194457,5.06604e-05
rs182096891,3.20343e-05,0.000557396,4.53576e-05,0.000372003,0.0023104,0.000107566,0.000370747,0.0150563,0.0820109,0.00423496,0.000353376,0.00424284,0.000465003,0.0198682,0.00462352,0.00442479,0.0044489,0.000594926,0.0018473,0.00203809,0.000435273,0.000685618,0.0167218,0.000389984,0.000570379,0.336674,0.0164563,0.0170422,0.0163934,4.26302e-07,0.000241604,5.9728e-06,0.000235592,1.60843e-05,9.24972e-07,3.19815e-06,0.0165376,1.87618e-05,8.18481e-07,0.0166122,0.00277257,0.0166704,1.70621e-06,1.48771e-05,0.0166571,1.49325e-06,4.61746e-06,0.00169146,1.35969e-07,2.94879e-08,0.0165914,0.0164771,1.11425e-06,0.0164682,0.0778293,1.50945e-05,8.07652e-06,1.02634e-05,1.26204e-05,7.12156e-06,0.0165814,2.05045e-06,5.02735e-06,4.08999e-07,5.18319e-07,0.0165673,1.03863e-05,2.16644e-06,1.24175e-05,2.17509e-06,0.0166243,0.000719128,1.65397e-06,1.68691e-05,3.47118e-05,1.54974e-06,6.23367e-06,2.31909e-05,0.016504,0.0164658,0.016581,7.67528e-05,3.41258e-05,0.0165137,2.14283e-05,8.34258e-07,9.28758e-07,3.1143e-07,3.56946e-05,3.25852e-05,3.11889e-06,2.0135e-06,4.14349e-07,0.000146651,7.61557e-07,6.81942e-09,7.5663e-06,7.80278e-05,3.29224e-05,3.74146e-06,4.58835e-05,5.81035e-05,3.6876e-05,4.14672e-06,5.21095e-05,7.13958e-05,1.10494e-05,2.15964e-05,0.0165367,1.50474e-08,0.000484738,0.00104452,5.18737e-05,1.19117e-06,0.016543,0.0165833,0.000258448,1.0,0.000592749,0.00060502,2.65567e-06,0.00245562,0.000468101,0.00346882,7.20735e-06,0.000512399,0.00243436,0.00105043,0.00160438,0.0105415,0.000369243,0.00623341,0.00123436,0.0440269,0.00242664,0.00308613,0.000469216,0.0436296,0.0433902,0.000275906,0.00500422,0.00278521,0.00415598,0.000825135,0.000587744,0.00641351,0.00041118
rs117976394,0.000217194,1.69433e-05,4.01344e-05,0.00013002,0.00167521,8.81501e-06,0.000294318,0.0151679,0.00375589,0.00287875,0.000404994,0.0029486,0.000297817,0.0139794,0.00316669,0.00306391,0.00302769,0.000491925,0.00139967,0.00158306,0.000157426,0.000445237,0.0115553,0.000360037,0.000225051,0.00162535,0.0114276,0.0114973,0.0113438,5.0921e-06,0.000165173,1.08087e-06,7.99329e-05,2.23909e-05,4.08069e-05,2.17181e-05,0.0114861,3.45806e-05,7.87765e-07,0.0113908,0.00176882,0.00990528,2.85943e-05,4.51855e-05,0.0114903,1.34797e-05,2.14014e-06,0.00101597,2.30621e-05,6.91258e-06,0.0114571,0.0115562,2.71893e-05,0.0114224,0.00621043,1.60948e-06,1.80471e-05,3.13252e-05,8.99579e-06,3.70356e-06,0.0114704,5.3738e-06,9.64836e-07,2.49564e-05,1.06512e-05,0.0114568,8.48804e-06,9.61918e-06,1.06957e-06,2.95635e-05,0.0114865,0.00037319,1.87201e-05,5.94642e-06,0.000100763,5.66994e-10,3.17724e-06,5.28048e-05,0.0114779,0.0114925,0.0115131,3.94744e-05,3.67384e-05,0.0114669,2.92234e-05,1.07268e-06,4.09244e-05,1.44879e-06,6.46072e-05,6.20528e-05,2.19632e-05,2.26371e-05,2.44872e-05,0.000128742,1.71353e-05,2.16933e-05,1.08169e-05,7.45567e-06,4.71268e-06,2.03372e-05,2.06414e-05,1.35695e-07,4.02173e-05,2.30645e-05,4.85898e-05,1.51472e-06,4.50491e-05,1.17873e-05,0.0114044,6.77638e-07,0.00022728,0.000649441,0.000116916,4.13058e-05,0.0114502,0.0114893,3.24382e-05,0.000592749,1.0,0.000250354,2.91998e-05,0.00202615,0.000266419,0.150912,2.68915e-05,0.000243244,0.00199087,0.000721176,0.00105219,0.00755714,0.000274925,0.00349183,0.00096906,0.0312708,0.00179908,0.00234555,0.000402799,0.0292928,0.0292035,0.000171889,0.00239709,0.00240874,0.00393983,0.000619077,9.94628e-05,0.00516706,0.000364373
rs75035108,8.38267e-05,1.18976e-05,9.14819e-05,0.000133708,0.00103705,1.46711e-05,0.000298965,0.0017618,0.0488323,0.00357005,0.000368607,0.00356243,0.000568393,0.0108848,0.00382349,0.00372677,0.00372502,0.000131795,0.00168787,0.00166149,0.000231983,0.000462103,0.0118598,0.000408329,0.000465198,0.00172231,0.0114801,0.0118916,0.0114444,8.08501e-06,0.00018598,3.19142e-05,0.000155255,4.98278e-05,1.29543e-06,1.07284e-05,0.0115047,9.71861e-06,3.7398e-09,0.0115755,0.00178246,0.0116182,1.94818e-07,1.14419e-06,0.0116017,4.80872e-07,1.61437e-05,0.00126646,5.58489e-06,5.70346e-07,0.0115725,0.0116135,2.72782e-06,0.0114781,0.0572407,2.22515e-05,2.32061e-05,2.92111e-05,4.62472e-05,6.84791e-06,0.0115747,4.97968e-05,9.35528e-07,9.18504e-09,4.65896e-06,0.0115829,2.00513e-05,8.29408e-06,2.61413e-05,1.53656e-06,0.0115449,0.000605426,6.26302e-05,1.08241e-05,1.90225e-05,1.43366e-06,6.12744e-06,1.66164e-05,0.0115205,0.0115461,0.0115797,5.78658e-05,4.00098e-06,0.0115399,5.7439e-06,3.25616e-06,2.26969e-05,2.55393e-06,2.66341e-06,1.84364e-06,7.56897e-06,6.04894e-06,3.23801e-08,0.000131001,6.81171e-06,1.67927e-06,8.68803e-08,1.33057e-05,5.06573e-09,1.14863e-06,1.2545e-07,6.68153e-05,1.896e-07,2.3074e-06,1.32946e-05,3.8463e-06,1.33817e-06,1.77208e-07,0.011502,1.05646e-05,0.000191909,0.000798191,1.63152e-05,1.96824e-05,0.0115289,0.0116195,0.131563,0.00060502,0.000250354,1.0,3.57694e-05,0.00191487,0.000432573,0.00230361,4.39522e-08,0.000220115,0.00190493,0.000865185,0.000794151,0.00787603,0.000272905,0.00379422,0.000751499,0.00344854,0.00108465,0.0064181,0.000304242,0.0032178,0.00324408,0.00021681,0.0107315,0.00164628,0.00218868,0.000538299,0.117156,0.000448013,0.000292138
rs777667512,2.51208e-07,3.08659e-06,4.39698e-06,6.10438e-05,0.000113018,2.60225e-06,2.72952e-07,0.000467815,9.57169e-05,0.000111193,1.18612e-05,0.000112817,1.22167e-05,0.000359205,0.000111795,0.000121646,0.000120757,3.20637e-05,5.73094e-05,3.34616e-05,1.33585e-05,4.73146e-05,0.000276557,2.6044e-06,1.39933e-06,1.63484e-05,0.000261318,0.000245279,0.000256301,1.59274e-06,3.95715e-07,1.94198e-06,2.35653e-06,4.10373e-06,2.58277e-06,1.78645e-06,0.000261033,1.83618e-05,1.94048e-06,0.000244598,6.31558e-05,0.000264293,1.99551e-06,2.75904e-06,0.00026321,2.152e-06,2.63761e-06,2.51276e-05,1.83931e-06,1.80485e-06,0.000259047,0.000260471,1.93812e-06,0.00025686,0.000162102,1.40048e-06,1.62044e-06,1.85212e-06,3.83642e-06,1.53394e-06,0.00025828,1.69953e-06,4.40631e-06,1.91976e-06,2.70378e-05,0.000258222,0.000102362,2.45777e-05,0.00011617,2.0346e-06,0.000258667,2.83033e-05,1.28891e-06,2.3614e-06,0.000104597,1.62644e-06,1.54089e-06,2.45796e-05,0.000266934,0.00025812,0.000260104,6.52379e-06,1.44712e-06,0.000257273,2.10243e-06,1.88452e-06,1.60081e-06,1.86519e-06,3.54371e-06,3.44089e-06,1.72684e-06,1.8206e-06,1.89973e-06,1.21568e-05,1.54574e-06,1.77965e-06,1.94072e-06,2.57367e-06,2.94235e-06,1.72111e-06,2.53795e-06,1.02339e-05,6.80038e-05,7.79929e-05,1.90141e-06,2.38282e-06,1.76352e-06,1.84277e-06,0.00024863,2.46905e-06,7.51861e-07,4.15293e-05,1.91427e-05,2.50512e-06,0.00026145,0.00025115,1.28257e-05,2.65567e-06,2.91998e-05,3.57694e-05,1.0,2.18631e-05,5.61533e-05,0.000166591,2.00251e-06,5.34717e-06,2.26575e-05,1.63228e-05,2.06917e-05,0.000233359,3.73653e-05,6.07231e-05,2.04243e-05,0.000349754,3.86083e-05,7.72013e-05,2.14074e-05,0.000410138,0.000413182,1.80456e-08,9.6228e-05,3.34927e-05,0.00173363,1.52493e-06,7.50979e-06,8.60622e-05,1.82637e-05
rs17599948,0.000989504,1.93034e-06,0.00120229,0.000707956,1.77106e-05,0.000163274,0.0384584,0.000201734,0.0269396,0.197372,0.00160576,0.196016,0.136926,0.0397722,0.213155,0.221699,0.22075,0.00771514,0.515194,0.622569,0.00106273,0.00244047,0.154266,0.00182176,0.00154541,0.00803511,0.157404,0.151724,0.155352,9.25409e-08,0.000869502,0.000126542,0.000710154,0.000148405,1.50731e-06,8.7827e-05,0.157576,1.51579e-05,1.06868e-06,0.157468,0.00863911,0.157012,8.59046e-05,3.92388e-05,0.157284,1.23424e-05,8.46764e-06,0.00477991,0.000157902,2.25491e-06,0.158001,0.157826,6.44176e-05,0.158183,0.0352549,7.83629e-07,8.4226e-05,3.36053e-06,7.8043e-05,1.65318e-06,0.158224,0.000118927,4.05859e-05,9.51069e-05,1.0075e-05,0.158192,1.40625e-06,7.70298e-05,2.42009e-05,7.85029e-05,0.157997,0.00305213,1.3697e-05,3.61884e-05,8.99429e-08,5.91721e-05,8.25903e-05,0.000202697,0.15793,0.1584,0.158011,8.39394e-05,2.62268e-09,0.157888,7.14252e-05,9.60003e-06,2.4919e-05,5.63146e-05,0.000192803,0.000181384,4.15273e-05,7.93646e-05,0.000141058,0.000497948,2.9901e-05,7.00483e-05,7.65904e-05,0.000117209,0.000143812,0.000121831,0.000931283,0.000266722,9.06803e-07,5.96677e-05,6.47217e-05,4.84855e-06,5.40596e-06,9.86283e-07,0.157851,8.34252e-06,0.00157095,0.00329716,0.000174792,9.01484e-05,0.15746,0.158019,0.000532236,0.00245562,0.00202615,0.00191487,2.18631e-05,1.0,0.00187906,0.011963,4.78315e-05,0.00132729,0.985521,0.00248633,0.00524678,0.036532,0.000904953,0.0454019,0.00429064,5.44688e-05,0.00660567,0.00100163,0.00231569,7.53611e-06,6.64686e-06,0.000654582,0.0153344,0.00898206,0.0120669,0.000614383,0.000543722,0.00058766,0.0013837
rs143174187,1.24921e-05,0.026524,2.38384e-05,0.318471,0.000101837,6.80621e-09,0.000108406,0.0112051,0.00366897,0.00324362,0.00035176,0.00323747,0.00040338,0.00984638,0.00345215,0.00336866,0.00338545,0.000362357,0.00159598,0.00182472,0.000209956,0.000427673,0.0080917,0.000566129,0.000548799,0.00139178,0.0119806,0.0123459,0.0118628,5.63981e-06,7.81537e-05,1.09209e-05,0.000149494,4.1579e-05,1.01314e-05,1.0786e-05,0.0120059,1.5664e-05,1.93454e-05,0.0118952,0.00203867,0.0118958,4.35851e-06,2.83103e-05,0.0119032,4.5019e-06,1.21182e-08,0.00096379,8.96424e-06,2.70462e-05,0.0119089,0.011874,5.44974e-06,0.0118023,0.0065877,1.46023e-05,1.66578e-05,9.08108e-06,3.80055e-05,3.63837e-10,0.0118872,2.16818e-05,1.49008e-06,6.95925e-06,1.88358e-05,0.0118867,1.01585e-07,1.08524e-05,1.32274e-05,3.71319e-06,0.0118782,0.000519253,1.10141e-06,1.82286e-05,2.48481e-05,3.56583e-05,5.4589e-06,2.33607e-05,0.0118459,0.0118151,0.0119005,3.3303e-05,1.48349e-05,0.0118248,5.5552e-05,2.10889e-05,4.27531e-05,1.31134e-06,9.46798e-05,9.1967e-05,5.56799e-05,5.064e-05,5.64695e-07,0.000249639,1.56859e-10,1.07303e-05,3.72806e-05,1.27656e-07,8.96022e-07,1.27151e-05,6.96668e-08,0.000129723,1.54202e-05,8.94185e-06,2.65689e-05,8.80625e-07,7.69247e-06,1.02515e-06,0.0118821,1.68246e-05,0.000427891,0.000808408,7.1271e-05,1.29211e-05,0.0118985,0.0118861,0.000104023,0.000468101,0.000266419,0.000432573,5.61533e-05,0.00187906,1.0,0.00198098,2.91212e-05,0.00028428,0.00183453,0.000496315,0.00108144,0.00829126,0.000163442,0.0038251,0.000817086,0.00796837,0.00139158,0.00210581,0.000421605,0.0079742,0.00793916,0.000177643,0.00218756,0.00184417,0.00164803,0.106749,0.0130685,0.0133658,0.000351681
rs17139350,0.000734696,0.00010203,0.000104655,0.000574491,0.00711092,0.000178676,0.00032992,0.00119124,0.0252883,0.0109666,0.00113185,0.0121095,0.00229584,0.0702953,0.0134714,0.0130676,0.0129763,0.0602593,0.00422146,0.00499069,0.0015772,0.112934,0.0748733,0.00255951,0.00208915,0.010404,0.0734345,0.0751572,0.072921,5.17621e-06,0.00107248,2.53187e-05,0.000905438,0.000239173,7.00488e-06,1.23836e-05,0.0729589,3.43059e-05,1.82395e-05,0.0739005,0.0111904,0.0722647,5.99153e-06,0.000162975,0.0731398,1.78238e-05,4.26561e-08,0.00686656,9.91271e-06,4.25894e-06,0.0736861,0.0738674,3.71357e-06,0.0734585,0.0416843,1.49419e-06,6.16895e-07,2.18024e-05,0.000122604,5.92686e-05,0.0737717,4.4629e-05,7.69222e-06,8.75934e-06,2.88939e-06,0.0737861,7.69079e-09,7.48536e-06,6.06862e-07,3.78044e-06,0.0737891,0.00307862,8.76806e-08,1.08886e-05,1.26936e-05,3.06404e-08,9.38156e-08,0.000219937,0.0738406,0.0737415,0.0739625,0.000293851,6.79681e-10,0.0736017,6.28486e-05,4.13352e-05,4.43849e-05,1.80463e-05,0.000163753,0.000150829,2.9604e-06,9.91816e-06,7.75458e-06,0.000688443,1.8654e-09,6.8446e-06,1.54138e-06,0.000257583,9.05571e-05,1.32659e-06,2.08442e-05,0.000172953,6.9047e-06,1.82564e-07,4.16361e-05,0.000109125,6.50319e-05,5.11179e-08,0.0737268,6.62027e-05,0.00184841,0.00459052,0.000175615,1.03957e-05,0.0738625,0.0739997,0.000430602,0.00346882,0.150912,0.00230361,0.000166591,0.011963,0.00198098,1.0,0.00568504,0.00181826,0.011843,0.00289001,0.00655201,0.0487826,0.0834621,0.0225365,0.00258782,0.052943,0.0117665,0.00733776,0.0699711,0.0539609,0.053695,0.0541081,0.0127053,0.0112183,0.0026676,0.00358378,0.000911503,0.0125628,0.039805
rs773007719,2.18193e-06,2.94306e-06,7.60529e-06,3.33446e-05,4.19813e-05,5.19746e-05,3.6948e-05,0.000508665,0.000136207,0.000181035,1.00501e-05,0.000182838,1.73176e-06,0.000506853,0.000178547,0.000172926,0.000171955,1.23861e-05,6.40723e-05,6.43251e-05,1.13283e-05,2.43122e-05,0.000312406,3.34738e-05,2.20047e-05,6.88756e-05,0.000296727,0.00031539,0.000291599,1.59475e-06,4.06808e-06,1.83313e-06,3.15168e-06,2.52096e-05,2.44355e-06,1.66731e-06,0.00028526,4.46621e-06,1.86934e-06,0.000278451,5.16774e-05,0.00029982,1.9786e-06,2.63074e-06,0.000287496,1.99156e-06,2.56254e-06,4.78997e-05,1.73469e-06,1.72092e-06,0.000283293,0.000295905,1.92113e-06,0.000292191,0.0002096,1.33536e-06,1.52599e-06,1.766e-06,3.84128e-06,1.51019e-06,0.000293537,1.60141e-06,4.24012e-06,1.81139e-06,3.6282e-06,0.000293488,1.41698e-06,3.78488e-06,1.27963e-06,2.01774e-06,0.000293955,2.91302e-06,1.23983e-06,2.29241e-06,1.39326e-06,1.58486e-06,1.45014e-06,3.78415e-06,0.000295617,0.000293457,0.000295503,6.89249e-06,1.39254e-06,0.000292585,0.000328689,1.83332e-06,1.52637e-06,1.79751e-06,3.37892e-06,3.28089e-06,1.69227e-06,1.73589e-06,1.7923e-06,1.18648e-05,1.50715e-06,1.67781e-06,1.94356e-06,2.50171e-06,2.80545e-06,1.62197e-06,2.41996e-06,9.73868e-06,1.9667e-06,1.73656e-06,1.81299e-06,2.27202e-06,1.68152e-06,1.75708e-06,0.000294393,2.35418e-06,6.88514e-06,2.27348e-05,4.40564e-06,2.4888e-06,0.000296894,0.000285847,1.22294e-05,7.20735e-06,2.68915e-05,4.39522e-08,2.00251e-06,4.78315e-05,2.91212e-05,0.00568504,1.0,4.1085e-06,4.71905e-05,6.52457e-05,3.49812e-07,0.000178709,1.37752e-05,6.61524e-05,9.92274e-05,0.000379352,0.000130378,6.95601e-05,3.44393e-05,0.000376555,0.000379378,1.48252e-07,9.18048e-05,0.000144893,0.0024668,5.88942e-05,7.82831e-05,0.000228863,5.90754e-05
rs147921525,0.000167735,2.25958e-05,1.0288e-05,0.000299904,0.000300168,1.34476e-05,6.10635e-05,0.000311012,0.00452312,0.00225763,0.000390395,0.00229784,0.000279199,0.0176669,0.00237095,0.00236573,0.00238241,0.000151647,0.0011876,0.0012264,0.000280917,0.000241109,0.024094,0.000457068,0.00016588,0.00122251,0.0245634,0.0239313,0.0248316,7.15125e-05,0.000129653,1.1359e-07,0.000158445,3.94571e-05,1.8929e-05,2.98987e-07,0.0244966,4.6011e-05,5.00194e-09,0.0243541,0.157814,0.0245727,6.49588e-06,7.41229e-08,0.0246259,1.0278e-07,6.22183e-05,0.000954224,4.11808e-05,1.5414e-05,0.0245414,0.0246034,2.08181e-05,0.0244874,0.00536467,3.1356e-05,1.31291e-05,5.15871e-07,9.41605e-06,3.85516e-05,0.0246645,1.32961e-06,1.45843e-05,1.89196e-05,1.95934e-05,0.0246865,1.01977e-05,2.34326e-05,5.98954e-06,2.27947e-05,0.024626,0.000531076,7.60728e-06,4.1989e-05,1.93565e-05,1.20555e-06,3.44835e-05,2.08719e-05,0.024579,0.0246667,0.0246434,1.91761e-05,1.21213e-07,0.0246041,4.52344e-05,5.14368e-06,2.31885e-06,5.91743e-06,5.00531e-05,4.78505e-05,1.64212e-05,1.69782e-05,1.85565e-05,7.04906e-05,1.42806e-05,3.98838e-05,2.12328e-05,2.92155e-05,6.65346e-06,1.50438e-05,3.18236e-06,8.21402e-05,1.61544e-07,1.73461e-05,4.07554e-05,2.58611e-05,6.29928e-07,2.40348e-06,0.0247476,1.54249e-06,0.000238888,0.00052668,9.95777e-05,3.2979e-05,0.0243385,0.0245955,9.27741e-05,0.000512399,0.000243244,0.000220115,5.34717e-06,0.00132729,0.00028428,0.00181826,4.1085e-06,1.0,0.00142232,0.000532213,0.00069306,0.0348881,0.000470213,0.0014421,0.000797981,0.0204788,0.00207804,0.00168045,0.000371592,0.0203344,0.0204564,3.71643e-07,0.00101008,0.00152675,0.0015107,0.000498619,5.79954e-06,0.00399949,0.000258046
rs79555595,0.000993552,1.74433e-06,0.0011809,0.000697212,1.93406e-05,0.000162056,0.03812,0.000200959,0.0262173,0.196735,0.00158613,0.195323,0.135092,0.0393817,0.212583,0.221094,0.220142,0.00781226,0.513506,0.621097,0.00102122,0.00245791,0.151194,0.00182722,0.00155805,0.00801314,0.154272,0.148715,0.152235,6.48395e-08,0.0009136,0.000105303,0.000700202,0.000146824,3.94253e-06,8.9071e-05,0.154443,2.1128e-05,4.14984e-06,0.154387,0.00874781,0.15389,9.10556e-05,3.05631e-05,0.154157,7.2654e-06,8.90926e-06,0.00423753,0.000165784,2.59686e-06,0.154874,0.154726,6.88094e-05,0.155043,0.03492,8.72128e-07,8.98536e-05,3.76681e-06,7.68428e-05,2.34161e-06,0.155085,0.000118104,5.24696e-05,0.000100767,1.06041e-05,0.155052,1.08393e-06,8.36512e-05,2.71243e-05,8.33514e-05,0.15487,0.00295584,1.34031e-05,4.14093e-05,1.21661e-07,6.74061e-05,8.82724e-05,0.000200999,0.15479,0.155253,0.154871,8.86176e-05,3.95374e-08,0.154793,7.06338e-05,9.98369e-06,2.59894e-05,7.28513e-05,0.000191221,0.000179864,4.5091e-05,8.45451e-05,0.000148302,0.000510125,3.30147e-05,7.48963e-05,8.14394e-05,0.000116044,0.000140329,0.000128722,0.00093772,0.000251816,1.0224e-06,6.4046e-05,6.60072e-05,9.8308e-06,5.17506e-06,6.05202e-07,0.154699,8.01433e-06,0.00156662,0.00306025,0.000172989,9.50622e-05,0.154402,0.155744,0.000529162,0.00243436,0.00199087,0.00190493,2.26575e-05,0.985521,0.00183453,0.011843,4.71905e-05,0.00142232,1.0,0.00254573,0.00517061,0.0386125,0.000916668,0.0464246,0.00430983,4.77878e-05,0.00746985,0.00115647,0.00231245,5.3939e-06,4.47737e-06,0.000688503,0.0156129,0.00988167,0.0124766,0.000597322,0.000554834,0.000502094,0.00129301
rs79838937,2.37347e-05,6.85635e-05,3.04018e-05,0.000159022,0.00255683,1.85092e-05,0.0043937,0.00945993,0.00882111,0.120758,0.000705982,0.13399,0.000524111,0.0262532,0.126041,0.131165,0.1314,0.000496197,0.00188628,0.00210515,0.00043848,0.000680217,0.0187052,0.000701834,0.000628079,0.00290725,0.0184091,0.0186148,0.018344,1.43585e-05,0.000270238,2.43348e-05,0.000256863,2.91055e-05,4.88932e-05,2.59142e-07,0.0184088,2.43333e-05,1.51739e-06,0.0183981,0.003186,0.0185921,2.82011e-07,5.54001e-05,0.0185232,7.19053e-05,3.34049e-06,0.00169573,2.11068e-06,3.93607e-06,0.018354,0.0184011,6.95601e-07,0.0183245,0.0120598,2.23557e-07,4.13431e-06,9.08398e-06,1.47078e-05,1.20415e-05,0.0183649,3.17788e-05,3.1104e-05,8.49936e-08,1.93751e-05,0.0183947,1.56048e-07,2.08388e-05,5.34681e-06,6.71761e-06,0.0183668,0.000799126,4.50185e-06,2.2632e-05,8.91688e-06,1.98483e-06,2.71638e-06,6.81094e-05,0.018446,0.0184121,0.0183428,1.00498e-05,1.51127e-06,0.0182711,4.83022e-05,3.51909e-05,1.24124e-05,2.39221e-05,3.69567e-05,6.52382e-05,1.3786e-06,8.55791e-06,3.85459e-08,0.000217867,0.00014286,1.65728e-07,5.78567e-07,6.55426e-05,4.47514e-05,5.43894e-06,1.70898e-05,0.000171139,2.872e-05,9.06987e-06,3.00317e-06,8.49039e-07,7.13665e-06,1.85865e-06,0.0184693,6.44395e-06,0.000524047,0.000846705,1.1737e-05,8.1771e-07,0.0184548,0.0185065,0.000222898,0.00105043,0.000721176,0.000865185,1.63228e-05,0.00248633,0.000496315,0.00289001,6.52457e-05,0.000532213,0.00254573,1.0,0.00186427,0.013067,0.000479588,0.00485378,0.00112796,0.0451016,0.00259401,0.00310438,0.000907135,0.0327427,0.0335947,0.000125752,0.00455445,0.00253837,0.00477327,0.000498279,6.28535e-05,0.0027794,0.000231315
rs148520542,0.000501259,1.44963e-05,0.000260944,0.000615978,0.0133774,7.59063e-06,0.000561209,0.0216982,0.00123959,0.00899568,0.000860842,0.00905561,0.00124581,0.0302978,0.00900017,0.00944938,0.00938553,0.000991798,0.00435563,0.00476036,0.000704077,0.00154353,0.0857194,0.00123278,0.000856845,0.00515538,0.0874434,0.0851984,0.0874949,3.40649e-06,0.000517903,0.000148369,0.000126099,0.0176228,3.31917e-07,2.09792e-06,0.0873756,6.82734e-06,1.96375e-05,0.0874008,0.00121114,0.0868267,3.59304e-06,4.17534e-05,0.0870944,5.32319e-07,1.03143e-12,0.00319967,3.17745e-07,1.17432e-06,0.087818,0.0877841,4.96022e-08,0.0875392,0.0186908,8.36335e-07,2.81051e-07,3.20833e-06,0.000200531,1.62478e-07,0.0878908,6.12046e-06,1.05321e-06,1.41629e-06,5.52119e-06,0.0878116,1.3605e-05,6.75267e-08,1.93519e-06,4.79102e-08,0.0878279,0.00136553,3.10154e-07,1.33997e-05,2.09803e-07,8.5638e-07,1.50135e-06,0.00011606,0.0878502,0.0879306,0.0877286,6.24073e-05,7.38129e-06,0.087718,0.0118357,5.36756e-06,1.41224e-05,6.74063e-06,4.27221e-05,3.77818e-05,8.1119e-06,9.0907e-07,4.70017e-06,0.000165825,3.91081e-05,3.06643e-08,2.79055e-06,1.9563e-05,0.000103979,1.1422e-06,6.5927e-05,0.000157131,9.10689e-07,4.88113e-07,1.31107e-05,2.20257e-05,6.3521e-06,9.40461e-06,0.0879067,1.5986e-06,0.000775966,0.00214818,8.40556e-05,1.22897e-07,0.087524,0.0874836,0.000227597,0.00160438,0.00105219,0.000794151,2.06917e-05,0.00524678,0.00108144,0.00655201,3.49812e-07,0.00069306,0.00517061,0.00186427,1.0,0.123644,0.000561232,0.145466,0.00249084,0.0221651,0.000307159,0.00598207,0.00187894,0.0215376,0.0217121,0.000513494,0.139424,0.00013257,9.95534e-05,0.00191473,0.00112591,0.0223527,0.000966484
Affx-13893989,0.00402008,0.000421385,0.000118139,0.00485275,0.0537631,0.00176914,0.00280535,0.0628026,0.0624653,0.0442817,0.0274678,0.0444533,0.00710127,0.314791,0.045177,0.0459035,0.0460524,0.00708709,0.018806,0.0216101,0.0279047,0.0104755,0.589996,0.0371579,0.00451168,0.0332546,0.604425,0.587815,0.605735,1.25372e-05,0.0198371,0.00156997,0.00223038,0.00350022,5.55658e-05,2.4098e-09,0.603854,7.29555e-06,3.03011e-06,0.60195,0.223139,0.60233,1.24024e-06,0.000439024,0.602362,1.70889e-05,2.64336e-06,0.0203965,2.14992e-06,2.54202e-08,0.605052,0.604561,3.38713e-06,0.604353,0.128262,1.39663e-05,1.74022e-06,7.37208e-07,0.00302114,9.31875e-06,0.605084,0.000291902,2.03432e-05,1.13113e-06,1.81308e-05,0.605163,1.43241e-06,5.125e-07,9.44183e-06,3.12061e-06,0.604171,0.00641215,1.59094e-06,1.76603e-05,4.3839e-05,3.34604e-06,1.05326e-06,0.00065095,0.603888,0.60475,0.604923,0.00432612,4.57554e-05,0.604837,0.00141926,2.17476e-07,1.84831e-05,1.29199e-07,0.000377076,0.000388554,1.69502e-07,1.24465e-06,5.20104e-07,0.0012328,7.62662e-06,5.02296e-06,1.0391e-06,0.00183669,0.00217822,7.6332e-09,3.25123e-05,0.00486055,3.95181e-05,7.60155e-07,0.000205628,0.000392265,3.52578e-06,2.00823e-05,0.604847,9.06521e-06,0.0371365,0.0131324,0.000676574,1.04575e-05,0.603542,0.604332,0.00172007,0.0105415,0.00755714,0.00787603,0.000233359,0.036532,0.00829126,0.0487826,0.000178709,0.0348881,0.0386125,0.013067,0.123644,1.0,0.00558463,0.0610505,0.0178326,0.0045567,0.201314,0.0423196,0.00671064,0.00169081,0.00171691,0.00328099,0.0378674,0.104859,0.000300945,0.00952172,0.0034071,0.00583965,0.00190271
rs3803867,0.000304235,1.37627e-05,2.48541e-05,7.10617e-05,0.000381328,2.34132e-05,0.000217314,0.00557285,0.00178474,0.00191703,0.000211889,0.00189578,0.000315111,0.0082871,0.00183877,0.00202129,0.00200885,0.000244735,0.00100387,0.00107989,0.000233307,0.000362634,0.00764046,0.000303377,0.000147701,0.000797384,0.00746717,0.00769331,0.00743264,8.54423e-06,4.47144e-05,3.52037e-05,5.19234e-05,4.91507e-05,1.70809e-06,1.7059e-05,0.00742336,3.57025e-05,1.2006e-05,0.00746229,0.00169863,0.00744295,9.1574e-06,1.25125e-06,0.00750791,3.41795e-06,8.71032e-06,0.000592194,2.14564e-06,6.91513e-07,0.00738901,0.00745185,8.64801e-07,0.0074278,0.00198876,1.06196e-05,5.52255e-05,2.30902e-06,1.18742e-05,6.03415e-06,0.00744342,9.03294e-05,5.69815e-07,1.37172e-06,1.93756e-06,0.00744324,8.34489e-06,8.90364e-06,1.26422e-05,2.65344e-05,0.00739474,0.000241304,3.69662e-06,4.01798e-08,8.85161e-06,4.51537e-06,6.86307e-06,2.69177e-05,0.00745102,0.00743735,0.00749359,6.02368e-05,2.57853e-07,0.0074106,3.64184e-07,1.54833e-06,7.84383e-06,1.74048e-06,1.11389e-06,7.09082e-07,2.8514e-06,1.5646e-05,1.31173e-05,6.86364e-05,2.66025e-05,1.70462e-05,1.00527e-05,4.63438e-05,1.15519e-07,3.42713e-07,6.7808e-06,4.11821e-05,5.44438e-07,2.15671e-06,1.26306e-06,5.44252e-06,3.19329e-05,9.08585e-07,0.00747574,1.85799e-07,0.000305497,0.000419861,7.6879e-06,1.73656e-06,0.00741422,0.00745206,4.91082e-05,0.000369243,0.000274925,0.000272905,3.73653e-05,0.000904953,0.000163442,0.0834621,1.37752e-05,0.000470213,0.000916668,0.000479588,0.000561232,0.00558463,1.0,0.00240976,0.00292868,0.00771665,0.00159179,0.00128217,2.54242e-05,0.00791455,0.00779869,9.38423e-05,0.000584502,0.00122259,0.0026587,0.000436196,0.000280732,0.000548798,0.000281573
rs16940410,0.00194455,0.000151095,0.000371401,0.00282849,0.000153073,8.81072e-05,0.00910123,0.0122648,0.0175208,2.03312e-06,0.00176902,7.40956e-09,0.0031581,0.0358202,0.00120032,0.000435193,0.000414992,0.00438537,0.0151176,0.0287839,0.00386036,0.00209134,0.130406,0.0435891,0.0623358,0.00887525,0.131739,0.127817,0.131769,7.8144e-06,9.76644e-05,0.00240781,0.000984067,0.00664333,6.52151e-06,1.27601e-05,0.131949,6.66558e-08,3.92752e-07,0.131447,0.00922841,0.130994,1.12219e-05,5.29786e-05,0.131384,1.68479e-06,2.25585e-05,0.00608568,1.74614e-05,3.32438e-08,0.132171,0.132587,1.72382e-05,0.131969,0.038686,5.77545e-06,8.20491e-06,8.09579e-06,0.000396911,1.7266e-06,0.132414,0.000100568,4.08209e-07,1.43227e-05,1.91647e-06,0.132535,1.54037e-07,2.62774e-05,1.13239e-05,1.23036e-05,0.13231,0.00269579,1.83726e-05,4.78671e-05,2.22741e-06,3.90611e-05,1.66028e-05,0.000362481,0.132847,0.132479,0.13255,0.000296431,4.36179e-05,0.131895,0.00234169,2.86327e-05,1.62637e-06,2.71389e-05,7.19691e-05,0.000105754,2.31585e-05,9.0108e-06,1.65235e-05,0.0195087,2.68815e-05,3.33889e-05,1.01468e-05,0.000109075,0.00030244,8.56053e-06,2.09037e-05,0.000392291,2.82223e-06,7.43563e-06,0.000128034,6.33083e-05,3.9068e-05,5.63307e-07,0.132206,9.88016e-06,0.00311416,0.00283374,0.000279354,2.46602e-06,0.131801,0.132038,0.000544599,0.00623341,0.00349183,0.00379422,6.07231e-05,0.0454019,0.0038251,0.0225365,6.61524e-05,0.0014421,0.0464246,0.00485378,0.145466,0.0610505,0.00240976,1.0,0.0116832,0.113141,0.0197319,0.0205409,0.0071335,0.0907562,0.091303,0.0018656,0.480442,0.0158738,0.196707,0.00784826,0.00349304,0.000560325,0.00309469
rs75531813,0.000218282,5.64583e-05,7.12866e-05,1.40981e-06,0.0018432,1.66721e-07,0.000261202,0.00279486,0.000257731,0.00584217,0.000259504,0.00597462,0.00109399,0.0280837,0.00627963,0.00620761,0.00617676,0.00100279,0.00319812,0.00353871,0.000685383,0.00122502,0.0289813,0.00105223,0.000857423,0.00465802,0.0282362,0.0130683,0.0282254,8.61089e-07,0.000393915,7.28487e-05,0.000338006,1.92905e-05,4.46739e-05,1.20773e-05,0.0283566,3.14792e-05,6.71007e-05,0.0284165,0.00545402,0.0259884,1.51036e-05,5.49724e-05,0.0259466,2.17941e-06,1.07754e-05,0.268478,9.1744e-06,1.7539e-05,0.0282827,0.0284756,1.8612e-05,0.0282261,0.00153208,2.15421e-05,6.15242e-07,9.12676e-06,5.09943e-05,2.56716e-05,0.0283732,3.75023e-05,2.47397e-06,1.35293e-05,5.57627e-06,0.0283839,1.46183e-05,4.9235e-05,2.29607e-06,1.2961e-05,0.0283531,0.00108343,2.98683e-05,3.42087e-07,3.89661e-06,1.94124e-05,1.8313e-06,6.52616e-05,0.0284032,0.0283475,0.0284941,0.00014586,6.23143e-06,0.0282874,6.40314e-05,2.39213e-05,1.7178e-07,7.50339e-06,1.47107e-05,1.8695e-05,2.49799e-06,3.70774e-06,1.45402e-05,0.000103587,7.01184e-08,2.23331e-05,2.87859e-05,1.03264e-05,2.66324e-05,1.42597e-06,5.35233e-06,2.6087e-05,2.53387e-05,3.26287e-06,4.63033e-06,6.42229e-05,2.82565e-08,1.0012e-05,0.0283086,6.03749e-08,0.000904541,0.415688,4.33774e-05,1.76741e-07,0.0284071,0.0284084,3.41695e-05,0.00123436,0.00096906,0.000751499,2.04243e-05,0.00429064,0.000817086,0.00258782,9.92274e-05,0.000797981,0.00430983,0.00112796,0.00249084,0.0178326,0.00292868,0.0116832,1.0,0.0289409,0.00645096,0.00674866,0.00137647,0.0290269,0.0290073,0.000330829,0.0102017,0.00339371,0.013935,0.00109882,0.00129516,0.112112,0.00103173
rs12946015,7.09053e-05,7.55112e-05,1.03325e-06,0.000882751,0.00484198,0.00103103,2.36043e-06,0.00234118,0.00727663,0.00241991,0.00557969,0.00270261,0.0204523,2.24956e-06,0.00154039,0.00195186,0.00192632,7.79671e-06,9.48805e-06,2.78234e-07,0.00604933,0.00891208,0.00485743,0.00742254,0.00711865,0.00636822,0.00385737,0.00510573,0.00381126,4.3204e-05,0.00713338,0.00011501,0.00300262,0.000848333,3.48254e-06,2.39025e-07,0.00398343,7.20251e-06,8.6629e-06,0.00410504,0.0821721,0.00389286,1.5309e-06,0.00167077,0.00416661,5.26395e-06,1.71828e-05,0.00974006,2.67409e-06,1.15097e-05,0.00393336,0.00397364,5.39223e-07,0.00384561,0.000254784,8.82209e-07,6.55839e-07,6.53751e-06,0.00277431,1.15469e-05,0.00392344,0.000298844,2.52879e-06,3.10894e-07,2.84707e-06,0.00392957,9.74433e-09,2.65959e-06,1.86655e-05,2.45655e-06,0.00394113,0.00433936,1.62203e-05,4.22205e-06,1.25695e-05,1.17712e-05,1.25743e-06,0.000695227,0.00388942,0.00391385,0.00393199,0.00126196,6.76317e-08,0.00391186,0.000319792,1.87037e-05,2.02576e-06,5.29729e-06,0.000653145,0.000662423,7.69395e-07,7.67388e-07,2.6163e-08,0.00238906,4.19725e-05,9.27654e-06,8.16693e-07,0.00105217,0.000280282,5.64904e-06,0.000190648,0.0017748,1.14584e-05,1.21842e-06,0.000694428,0.000221118,1.60793e-06,1.1635e-07,0.00391011,2.87997e-06,0.0266989,0.016868,0.000506891,7.32746e-07,0.00401652,0.00404781,0.00327259,0.0440269,0.0312708,0.00344854,0.000349754,5.44688e-05,0.00796837,0.052943,0.000379352,0.0204788,4.77878e-05,0.0451016,0.0221651,0.0045567,0.00771665,0.113141,0.0289409,1.0,0.0659883,0.0663567,0.0142711,0.893881,0.894714,0.0172555,0.0447045,0.0575668,0.120179,0.00956693,0.0185038,0.0917438,0.00916624
Affx-13894423,0.0128286,0.000120182,8.58691e-05,0.000479462,0.00190668,0.000120229,0.000205631,0.0147006,0.0157178,0.00422899,0.0616203,0.00426022,0.0019719,0.0620443,0.00446838,0.0044166,0.0044606,0.00166131,0.00261988,0.00309968,0.0255329,0.00112712,0.117196,0.00234843,0.000349285,0.00792158,0.118793,0.115244,0.119126,1.87041e-05,0.000341355,0.000122034,0.000592528,8.53535e-05,3.03726e-06,7.5592e-07,0.118702,1.07238e-06,1.16788e-05,0.118388,0.000413949,0.11852,6.34868e-07,0.000161831,0.118369,3.68658e-05,3.14925e-06,0.00482822,8.04419e-08,4.08329e-06,0.119141,0.118346,1.86352e-06,0.118141,0.0267754,3.24994e-06,2.50518e-06,5.15008e-06,0.000182366,7.78616e-06,0.118546,0.000107077,2.87293e-06,4.60794e-06,2.87286e-05,0.118537,1.52297e-05,1.19604e-07,1.46676e-05,1.53576e-06,0.118605,0.00277191,2.59772e-07,2.76761e-07,2.59818e-06,1.11487e-05,2.22583e-06,0.000200425,0.117664,0.118275,0.118403,0.0151684,2.72617e-05,0.118664,6.20219e-05,3.23237e-05,1.6308e-05,8.22094e-09,0.000251537,0.000236771,7.29079e-07,1.7093e-06,3.51967e-07,0.000344808,3.32163e-06,1.09064e-09,1.36267e-06,0.000109591,0.000184505,5.70868e-06,1.52411e-05,0.0188577,6.50892e-06,8.69542e-06,4.10537e-05,6.70124e-05,2.8019e-05,2.24363e-06,0.118352,5.69838e-06,0.00188535,0.00374299,0.000132326,2.22061e-07,0.118695,0.118848,0.00041874,0.00242664,0.00179908,0.00108465,3.86083e-05,0.00660567,0.00139158,0.0117665,0.000130378,0.00207804,0.00746985,0.00259401,0.000307159,0.201314,0.00159179,0.0197319,0.00645096,0.0659883,1.0,0.0150587,0.00331823,0.0591084,0.0592463,0.000983714,0.0182569,0.546546,0.022522,0.00174144,0.00251208,0.0038836,2.05529e-08
Affx-13894438,0.000892496,7.71915e-05,0.000119469,0.000884395,0.00200611,7.35933e-05,0.00134438,0.000281467,0.151585,0.000652878,0.000259514,0.000669583,0.00201582,0.0342817,0.00101341,0.000840764,0.000823339,0.00095774,0.00249033,0.000787735,0.00141955,1.90933e-07,0.0299457,0.0021704,0.00190984,0.00492754,0.0288717,0.0308527,0.0294789,1.40753e-05,0.00102329,9.15811e-05,0.0417588,0.000246681,1.51926e-07,9.63859e-06,0.0288832,3.09461e-05,9.47226e-07,0.0290399,0.0112752,0.0291359,4.03488e-07,6.97201e-05,0.0291231,1.85309e-07,2.17932e-05,0.0061334,1.13231e-06,2.07291e-05,0.0288398,0.0288512,4.92276e-09,0.0287446,0.16217,3.67078e-05,8.10146e-08,1.10801e-06,0.000224568,7.85122e-06,0.0288302,0.00446185,2.54262e-05,1.7009e-08,4.36544e-07,0.0288533,1.24586e-05,2.51207e-06,2.10138e-05,1.00731e-06,0.0289195,0.104455,6.47985e-07,1.21731e-06,1.26593e-06,7.12629e-06,5.33194e-07,0.000132017,0.0287629,0.0287475,0.0289231,0.000239308,1.4101e-06,0.0287498,6.84428e-05,1.10886e-05,5.52514e-06,1.54266e-07,0.00011839,0.00010622,4.71482e-06,7.45968e-07,4.50837e-09,0.000665778,1.40104e-05,1.67224e-07,3.69791e-06,7.56706e-05,0.000221095,1.71467e-08,5.97647e-06,0.000199124,1.01107e-06,4.357e-07,5.74792e-05,9.91083e-05,1.54164e-06,1.53321e-05,0.0288699,2.41818e-06,0.00175659,0.00444576,0.000155435,1.13494e-06,0.0288538,0.0286814,0.000716454,0.00308613,0.00234555,0.0064181,7.72013e-05,0.00100163,0.00210581,0.00733776,6.95601e-05,0.00168045,0.00115647,0.00310438,0.00598207,0.0423196,0.00128217,0.0205409,0.00674866,0.0663567,0.0150587,1.0,0.00414293,0.0653012,0.0654547,0.00136797,0.0193698,0.00482236,0.0108328,0.0395729,0.00330606,0.0747591,0.00149777
rs75958943,0.000107963,1.26909e-05,1.3561e-05,0.000568841,0.000706312,2.25327e-05,0.000225433,0.00120079,0.00348437,0.000309156,0.000235115,0.000342906,0.000394241,0.00578398,0.000420128,0.000469332,0.000449782,0.203954,3.2074e-06,2.84105e-06,0.000265638,0.365748,0.0111804,0.00051259,0.000525145,0.00175163,0.010829,0.0111048,0.0107309,5.74196e-06,0.000243917,6.15302e-06,0.00030054,0.000114827,8.82268e-07,2.66408e-05,0.0102529,1.44335e-05,5.37587e-05,0.0108001,0.00216411,0.0109498,3.70966e-05,6.25553e-05,0.0102641,8.10905e-06,9.96658e-06,0.0187814,2.87508e-05,3.6122e-06,0.0108256,0.0107518,1.87322e-05,0.0107564,0.00635314,3.20701e-05,2.12898e-05,4.9089e-05,4.99772e-05,7.31845e-06,0.0107686,2.39129e-05,4.02547e-06,1.60939e-05,2.33196e-06,0.0107977,1.80741e-07,3.62357e-05,1.0653e-07,2.1771e-05,0.0107714,0.000771398,2.17571e-05,3.10141e-05,4.55735e-08,4.21186e-05,6.37805e-06,6.74993e-05,0.0108038,0.0107304,0.0107784,5.07292e-05,1.45674e-05,0.0107887,9.53907e-06,5.80228e-06,7.68148e-06,5.0684e-05,2.39408e-05,2.13212e-05,1.24501e-05,2.80264e-05,3.08257e-05,0.000163678,3.89231e-05,2.66851e-05,1.92991e-05,9.54138e-06,0.0310774,1.02505e-05,9.9099e-06,2.43314e-05,2.98508e-06,4.90028e-05,3.74415e-07,4.83031e-05,3.02101e-06,4.30282e-06,0.0107325,2.18227e-06,0.000280396,0.0035284,1.59399e-05,2.2462e-05,0.0107942,0.0108811,0.000151223,0.000469216,0.000402799,0.000304242,2.14074e-05,0.00231569,0.000421605,0.0699711,3.44393e-05,0.000371592,0.00231245,0.000907135,0.00187894,0.00671064,2.54242e-05,0.0071335,0.00137647,0.0142711,0.00331823,0.00414293,1.0,0.0144162,0.014441,0.000323783,0.00191856,0.00305723,0.0510103,5.01632e-05,0.000701658,0.00538274,0.425261
rs72833109,8.28078e-05,8.27195e-05,1.57573e-05,0.000750206,0.00419116,0.001026,1.27894e-06,0.00103778,0.00681527,0.00137566,0.00548724,0.00156197,0.02083,0.000287567,0.000736828,0.00101806,0.000996537,0.00020566,0.000103847,3.88409e-05,5.56826e-05,0.00879228,0.00224094,0.00743792,0.00726263,0.00633348,0.00157917,0.00240595,0.00153409,1.51398e-05,0.00706569,0.00145335,0.00297271,0.000887603,1.90228e-06,9.02727e-08,0.00165147,1.07151e-05,8.63921e-06,0.0017407,0.0730372,0.00161612,4.50149e-06,0.00162177,0.00178141,5.06513e-07,2.932e-05,0.0096177,9.75121e-06,2.072e-05,0.00163962,0.00163306,1.17046e-06,0.00160048,0.000490968,4.19092e-08,2.07652e-11,1.8366e-05,0.00283964,2.15209e-05,0.00161547,0.000237962,1.06656e-05,1.34003e-07,4.40116e-08,0.00160709,2.88296e-07,6.43025e-06,2.67931e-05,1.24272e-05,0.00165253,0.00418561,1.61515e-05,6.54925e-06,1.74274e-05,3.4212e-05,1.2586e-06,0.00059076,0.00159479,0.00160308,0.0016174,0.00129549,3.05739e-06,0.00161756,0.00028849,2.38334e-05,1.9997e-06,1.60739e-05,0.000649046,0.000636762,7.34987e-08,3.25759e-06,5.79404e-07,0.00240301,6.92925e-05,2.14285e-06,3.25677e-06,0.0010765,0.00030942,7.35971e-06,0.000217131,0.00177229,1.53068e-05,1.111e-07,0.00066051,0.00026681,8.04863e-06,1.19717e-06,0.00160458,6.20721e-06,0.0260401,0.0167147,0.000514172,1.33256e-09,0.00168033,0.00171952,0.00325373,0.0436296,0.0292928,0.0032178,0.000410138,7.53611e-06,0.0079742,0.0539609,0.000376555,0.0203344,5.3939e-06,0.0327427,0.0215376,0.00169081,0.00791455,0.0907562,0.0290269,0.893881,0.0591084,0.0653012,0.0144162,1.0,0.99768,0.0172235,0.0454329,0.0630694,0.131871,0.0125679,0.0183433,0.111815,0.0094903
rs72833110,8.65664e-05,9.27314e-05,1.78344e-05,0.000720595,0.00423098,0.000989899,1.53684e-07,0.00100522,0.00686815,0.00136416,0.00553974,0.00155078,0.020826,0.000277628,0.000729398,0.00101196,0.00099326,0.000205636,0.000104457,4.09275e-05,4.79306e-05,0.00880653,0.00226378,0.00733012,0.00731639,0.00627275,0.00160137,0.00243185,0.00155814,1.4005e-05,0.0070732,0.00144795,0.00296271,0.00089385,2.88459e-05,1.36541e-07,0.00167756,1.40458e-05,8.22122e-06,0.00176755,0.0731338,0.00163959,4.18668e-06,0.00161492,0.00180695,2.48076e-05,2.84467e-05,0.0095596,9.31776e-06,2.0096e-05,0.00166197,0.00165369,1.01487e-06,0.00162419,0.000505398,1.01311e-06,3.71657e-09,1.64805e-05,0.00282862,2.09251e-05,0.00163757,0.000248713,1.13582e-05,8.68944e-08,1.49314e-07,0.00162911,2.53693e-08,5.93045e-06,1.86107e-05,1.18991e-05,0.00167495,0.00413467,1.5683e-05,6.14743e-06,1.79515e-05,3.17116e-05,1.1208e-06,0.000595783,0.00161781,0.00162303,0.00163992,0.00130452,2.85166e-06,0.00164148,0.000292545,2.31426e-05,6.90853e-06,1.55108e-05,0.00062114,0.000608625,1.16233e-07,3.01191e-06,4.76492e-07,0.0024555,6.82292e-05,2.34859e-06,2.992e-06,0.00103831,0.000303512,6.99823e-06,0.000203442,0.00173296,1.58868e-05,1.62717e-07,0.000656897,0.000269423,8.43428e-06,9.58801e-07,0.00161637,5.81087e-06,0.0261894,0.0166337,0.00047667,4.83516e-08,0.00170102,0.00174109,0.00324696,0.0433902,0.0292035,0.00324408,0.000413182,6.64686e-06,0.00793916,0.053695,0.000379378,0.0204564,4.47737e-06,0.0335947,0.0217121,0.00171691,0.00779869,0.091303,0.0290073,0.894714,0.0592463,0.0654547,0.014441,0.99768,1.0,0.0171932,0.0456648,0.0633464,0.13231,0.0125192,0.018525,0.111664,0.00952121
rs139661540,6.81225e-05,3.71154e-06,2.21984e-05,0.000435729,0.000755088,1.19807e-05,5.48028e-05,0.00242616,0.00229028,0.000786418,2.32375e-05,0.000792129,0.000113507,0.00267666,0.000926827,0.000862861,0.00089516,8.00826e-05,0.000503782,0.000536417,0.000107123,0.000152665,0.00443303,0.000253711,6.44035e-05,0.000833441,0.00429106,0.00440094,0.00424943,1.99895e-06,5.16536e-05,5.23214e-06,0.000152714,2.63856e-06,1.15667e-05,2.35447e-05,0.00427421,3.79078e-07,7.65545e-05,0.00434768,0.000440594,0.00424119,6.40179e-06,3.65003e-05,0.00430226,7.26043e-06,1.26309e-05,0.000537603,4.31399e-06,2.37876e-05,0.00426944,0.00427449,2.67537e-05,0.00420374,0.00259528,5.06451e-06,2.51794e-06,6.85454e-07,1.66818e-06,6.02344e-05,0.00426883,3.1257e-06,1.46285e-05,5.0349e-06,8.6051e-06,0.00426445,1.98144e-05,1.93691e-05,1.74764e-05,2.80862e-05,0.00425958,0.000150329,1.72537e-05,8.97815e-05,1.9037e-05,1.78447e-06,2.03547e-05,5.21601e-05,0.00427606,0.00425998,0.00425018,4.69265e-05,3.25255e-05,0.00425609,2.78144e-05,8.1754e-05,2.09125e-05,8.3527e-05,7.41346e-06,6.59177e-06,9.36884e-07,4.12312e-06,4.82673e-06,2.24021e-06,6.03039e-05,3.77529e-06,6.03842e-06,3.38878e-05,1.5782e-05,3.29528e-06,3.26934e-05,6.2828e-05,5.49171e-08,4.31339e-06,4.47773e-06,0.00087471,3.61649e-06,5.99258e-07,0.00425457,1.00018e-05,0.000133388,0.000328156,1.06745e-07,1.18929e-05,0.00429367,0.00429451,9.49092e-05,0.000275906,0.000171889,0.00021681,1.80456e-08,0.000654582,0.000177643,0.0541081,1.48252e-07,3.71643e-07,0.000688503,0.000125752,0.000513494,0.00328099,9.38423e-05,0.0018656,0.000330829,0.0172555,0.000983714,0.00136797,0.000323783,0.0172235,0.0171932,1.0,0.0019973,0.00129643,0.00226392,0.000233148,0.000153387,0.00334675,6.09573e-05
rs7208829,0.00184466,6.98397e-05,0.000281213,0.00238466,5.82707e-05,5.18203e-05,0.0109824,0.00464359,0.00547733,0.000836842,0.000760762,0.000872738,0.00273558,0.0149738,0.000824244,0.000829373,0.000865935,0.00361672,0.00268745,0.0086286,0.00178004,0.000137444,0.0672395,0.0259188,0.00249305,0.00633594,0.0688103,0.0660319,0.0687635,1.3704e-06,4.71033e-05,0.00014079,0.000270087,0.00665003,1.08443e-05,3.71172e-07,0.0689877,5.66101e-06,6.35543e-07,0.0685499,0.00663506,0.068304,5.05886e-06,2.31383e-05,0.0683181,1.51043e-07,9.33905e-06,0.000290777,1.28403e-06,2.63396e-08,0.0691093,0.0690955,1.84615e-08,0.0690425,0.0154927,1.62112e-06,4.47458e-07,4.19902e-07,0.000451522,4.01928e-06,0.0690596,0.00010726,6.38847e-08,1.84447e-06,5.11181e-08,0.0691139,1.77099e-08,1.47539e-06,1.7145e-07,2.20535e-06,0.0691202,0.00444568,1.74476e-06,2.4838e-05,1.37763e-05,8.13571e-07,4.08241e-06,0.000265494,0.0693463,0.0690476,0.0692283,0.000355709,3.48567e-05,0.0689395,0.00331182,1.66012e-06,4.46458e-07,6.36582e-06,0.000114144,0.000133315,1.43103e-07,7.90767e-07,1.25033e-06,0.000626596,7.69389e-06,1.27142e-07,3.23857e-06,0.000104229,0.000253491,3.75609e-06,5.27e-05,0.000449651,3.78173e-06,6.85285e-06,6.22309e-05,9.34009e-05,4.84335e-05,1.52668e-07,0.0689022,1.20085e-06,0.00251653,0.00113152,0.000249953,2.65098e-06,0.0686644,0.0687737,0.00733364,0.00500422,0.00239709,0.0107315,9.6228e-05,0.0153344,0.00218756,0.0127053,9.18048e-05,0.00101008,0.0156129,0.00455445,0.139424,0.0378674,0.000584502,0.480442,0.0102017,0.0447045,0.0182569,0.0193698,0.00191856,0.0454329,0.0456648,0.0019973,1.0,0.0160137,0.12495,0.00716794,0.0284721,8.35812e-05,0.000147143
rs9916834,0.00896127,0.000126856,1.70727e-07,0.000757846,0.000480862,9.16606e-05,0.000286895,0.00323429,0.00445325,0.000497951,0.0262171,0.000503746,0.000571923,0.036922,0.000681294,0.000637043,0.00061892,0.00183206,0.00236503,0.00438103,0.0169563,0.00105668,0.0497103,0.00179336,1.99093e-05,0.00412825,0.0508359,0.0486,0.0508918,7.26323e-05,0.000369381,0.000135054,0.00124645,8.32128e-05,6.34752e-05,1.66631e-06,0.0508282,5.51959e-07,1.46568e-07,0.0507248,3.41671e-06,0.0505842,2.44721e-06,0.000232286,0.0505103,1.23693e-06,1.97646e-08,0.0011189,3.33868e-06,1.40137e-05,0.050914,0.0505281,3.15978e-06,0.0504287,0.0118307,3.89037e-07,1.61119e-06,1.85445e-05,0.000244947,3.84352e-07,0.0507146,0.000132939,2.1966e-05,3.35222e-08,5.8537e-05,0.0506449,9.57334e-07,8.58687e-06,1.10686e-06,7.36958e-06,0.0506692,0.00228402,7.49742e-07,4.62434e-06,1.73376e-06,8.37071e-07,1.49127e-07,0.000152265,0.0502453,0.0504763,0.0507194,0.0124246,1.7134e-05,0.0507228,0.000108323,2.33874e-05,1.12989e-05,4.27773e-06,0.000354389,0.000335808,2.0264e-07,2.44169e-05,2.56669e-06,0.000531853,1.92308e-05,8.39922e-06,1.40133e-06,7.976e-05,0.000186078,5.98468e-08,3.87671e-06,0.00362917,5.99164e-07,6.47995e-07,6.53512e-05,0.000103414,2.9151e-08,1.85367e-05,0.0506579,1.95868e-06,0.000341679,0.00209626,0.007421,1.01707e-05,0.0506422,0.0507757,0.000622002,0.00278521,0.00240874,0.00164628,3.34927e-05,0.00898206,0.00184417,0.0112183,0.000144893,0.00152675,0.00988167,0.00253837,0.00013257,0.104859,0.00122259,0.0158738,0.00339371,0.0575668,0.546546,0.00482236,0.00305723,0.0630694,0.0633464,0.00129643,0.0160137,1.0,0.0342698,0.00484744,0.0037302,0.00371692,0.000148534
rs11868915,0.00258593,0.000104238,0.000420577,0.00297914,3.41502e-06,0.00018297,0.00627052,0.003056,0.00144992,0.00825436,0.000975359,0.0079465,0.00397704,0.00190417,0.0125203,0.0111453,0.0111335,0.0115249,0.00382516,0.00967816,7.67124e-07,0.0129867,0.00329366,0.031886,0.0176033,0.00118672,0.0038194,0.00321854,0.00392637,2.31934e-05,0.000343199,0.000138005,0.00149505,0.00042332,1.13001e-06,7.0096e-07,0.00387319,3.69875e-05,3.17441e-05,0.00374548,0.0130227,0.00360957,2.01816e-08,9.47233e-05,0.00374992,2.61251e-05,3.66206e-05,0.00201646,5.54125e-07,5.52478e-05,0.00387293,0.00397862,2.89404e-07,0.00390402,0.0111147,6.62822e-06,1.8034e-06,4.06375e-05,0.000293407,2.58395e-05,0.00390393,0.000166265,3.93353e-06,4.47168e-07,8.31112e-06,0.00392402,4.21129e-07,5.18752e-06,2.69707e-07,2.71242e-07,0.00390013,0.00393313,4.84518e-07,1.2633e-06,5.03979e-06,1.71108e-05,7.11358e-06,0.000506043,0.00393773,0.00391944,0.00390985,0.000403536,1.9537e-07,0.0038745,0.000333248,6.50826e-06,1.42259e-05,2.83001e-06,0.00381721,0.00376488,4.5921e-06,4.55173e-08,1.04741e-07,0.0138977,1.90876e-05,6.84632e-07,6.89599e-07,0.000217822,0.00300014,5.54354e-08,2.06435e-05,0.000347602,2.98164e-06,3.51135e-06,0.000174822,0.00197065,3.11143e-06,1.47676e-05,0.00390255,7.6847e-06,0.00409116,0.00283893,0.000326198,1.05471e-06,0.00378388,0.00380424,0.000882196,0.00415598,0.00393983,0.00218868,0.00173363,0.0120669,0.00164803,0.0026676,0.0024668,0.0015107,0.0124766,0.00477327,9.95534e-05,0.000300945,0.0026587,0.196707,0.013935,0.120179,0.022522,0.0108328,0.0510103,0.131871,0.13231,0.00226392,0.12495,0.0342698,1.0,0.0111852,0.0059111,0.0875653,0.0661108
rs117691817,2.13827e-07,0.011954,4.67574e-05,0.0267982,0.00120096,7.5784e-07,0.00041591,1.71823e-06,0.0156263,0.00124784,0.00047344,0.00127702,0.000323892,0.00843863,0.00148444,0.00141603,0.00142093,7.85255e-05,0.00117991,0.00130146,0.000441966,0.000564185,0.00830572,0.000250011,0.000744279,0.00241558,0.0106069,0.0109411,0.0105479,1.12708e-05,0.000253792,3.39989e-06,0.000168301,0.000145371,1.2357e-07,1.79265e-07,0.0106906,5.36736e-06,8.60101e-05,0.010771,0.00351864,0.0107438,2.97903e-06,4.05934e-05,0.0107414,6.10254e-06,6.30911e-06,0.00108018,8.90502e-06,2.21585e-05,0.0106948,0.0106711,4.25348e-06,0.0106403,0.0150655,1.42194e-05,1.90162e-06,1.04155e-08,0.000115693,2.25913e-05,0.0106959,3.67181e-07,3.83186e-06,1.18637e-06,9.18841e-06,0.0107317,3.41621e-05,3.48736e-05,2.61444e-06,1.93929e-08,0.0106808,0.000868837,2.4273e-05,2.51203e-05,1.6485e-05,7.08387e-06,1.60985e-06,4.64864e-05,0.0106259,0.0106588,0.0107217,8.77771e-06,4.58148e-06,0.0106822,1.54966e-05,4.5551e-05,9.3814e-06,1.73913e-05,0.000138538,0.000133225,1.16722e-05,9.71461e-06,6.90263e-06,0.000285703,6.20641e-05,1.13376e-05,1.11206e-05,8.60849e-06,4.74155e-05,5.13732e-06,3.75185e-06,1.04955e-05,1.07833e-07,2.37731e-06,9.40522e-06,3.98671e-05,6.30272e-05,1.80799e-06,0.0106397,8.31274e-07,0.000593733,0.000971331,4.1644e-05,2.50545e-06,0.0105553,0.0106917,1.68038e-06,0.000825135,0.000619077,0.000538299,1.52493e-06,0.000614383,0.106749,0.00358378,5.88942e-05,0.000498619,0.000597322,0.000498279,0.00191473,0.00952172,0.000436196,0.00784826,0.00109882,0.00956693,0.00174144,0.0395729,5.01632e-05,0.0125679,0.0125192,0.000233148,0.00716794,0.00484744,0.0111852,1.0,0.00102557,0.0872942,0.000603087
rs75094181,0.000172652,1.92946e-05,4.65825e-05,0.00930808,0.000288567,2.24002e-06,0.000473138,0.000576997,0.00091162,0.000571677,6.53916e-06,0.000561102,0.000141942,0.00270719,0.000692169,0.000623593,0.000624764,0.000301758,0.00024446,0.000335551,0.000428832,0.000553722,0.00490662,0.000426812,0.00035828,0.000729076,0.00468238,0.00487226,0.0046358,1.08538e-06,0.000107108,4.55924e-06,0.000251823,6.56491e-05,7.7894e-06,3.81185e-06,0.00470352,5.89114e-07,4.56197e-06,0.00466902,2.22792e-05,0.00477174,3.66276e-07,4.20398e-06,0.00470207,8.81535e-06,9.9718e-06,0.00108188,1.11709e-05,5.40599e-08,0.00468821,0.00469062,6.30104e-06,0.00457193,0.00283302,1.77699e-05,1.07634e-06,1.02218e-05,6.12839e-05,1.78376e-05,0.00466068,6.64905e-05,2.74096e-06,1.56267e-06,6.20267e-06,0.00465447,5.32656e-05,1.0835e-05,1.07425e-05,1.30378e-05,0.00462767,0.00041547,1.03157e-05,5.29514e-06,1.45788e-05,8.99874e-07,1.09481e-05,1.05404e-05,0.00465114,0.00465083,0.00468144,6.62611e-05,5.25483e-06,0.00465742,4.68419e-07,1.37568e-05,6.12083e-06,2.68682e-05,6.44191e-05,6.09598e-05,1.37977e-05,1.19553e-05,1.82137e-06,0.000111818,3.64344e-05,3.8468e-06,6.46224e-07,3.16362e-06,6.97473e-06,5.18676e-06,2.86348e-06,9.62589e-05,1.43441e-05,1.41324e-09,1.2718e-05,1.33042e-05,1.69755e-06,1.19034e-05,0.00467361,8.63336e-05,9.79429e-06,0.000887339,8.03841e-05,2.13953e-06,0.00466187,0.00472264,0.0526329,0.000587744,9.94628e-05,0.117156,7.50979e-06,0.000543722,0.0130685,0.000911503,7.82831e-05,5.79954e-06,0.000554834,6.28535e-05,0.00112591,0.0034071,0.000280732,0.00349304,0.00129516,0.0185038,0.00251208,0.00330606,0.000701658,0.0183433,0.018525,0.000153387,0.0284721,0.0037302,0.0059111,0.00102557,1.0,0.00891141,0.000504698
rs7214914,0.000812105,0.00108824,0.000213559,0.0037938,0.00763536,0.000132637,0.00281996,0.00189018,0.010454,0.00697514,0.00123755,0.00717368,0.00292285,0.0137165,0.00818102,0.00804312,0.00805858,0.00348754,1.39068e-05,0.000392078,0.00040803,0.000834676,0.00524435,0.000628332,0.0029399,0.0145119,0.00548393,0.00320136,0.00567374,1.25603e-08,0.000948183,0.000283862,0.00527605,0.00442433,6.20482e-05,2.47285e-06,0.00556169,2.31343e-05,0.000103289,0.00509869,0.00667414,0.00515428,3.61826e-06,0.000235859,0.00511045,7.92666e-06,1.65892e-06,0.0350423,3.33492e-06,6.70624e-05,0.00546342,0.00546705,1.20634e-05,0.00541112,0.0128721,8.9009e-08,9.67695e-06,1.36587e-05,0.00065742,6.22088e-05,0.00547493,0.000143086,0.000114452,3.00031e-06,5.86773e-06,0.00549256,1.3395e-06,4.05579e-05,5.24431e-07,3.44636e-06,0.00538031,0.0125822,1.13345e-05,1.18536e-05,1.3045e-06,9.27017e-06,7.12987e-07,0.0001575,0.00540712,0.00544999,0.00545951,0.000369152,6.48163e-06,0.00543875,0.00177973,6.17357e-05,2.38091e-06,2.90741e-07,0.000285254,0.000299413,9.29882e-07,2.35404e-06,7.15308e-06,0.00125614,1.49271e-05,1.21407e-05,3.77755e-06,0.000133596,0.000387135,3.77956e-07,1.16686e-05,0.000144091,1.85739e-06,1.36793e-05,7.61204e-05,0.000137094,1.02768e-05,1.95049e-05,0.00542063,1.15298e-05,0.004345,0.0538378,0.00328104,1.91865e-06,0.00525153,0.005228,0.000194457,0.00641351,0.00516706,0.000448013,8.60622e-05,0.00058766,0.0133658,0.0125628,0.000228863,0.00399949,0.000502094,0.0027794,0.0223527,0.00583965,0.000548798,0.000560325,0.112112,0.0917438,0.0038836,0.0747591,0.00538274,0.111815,0.111664,0.00334675,8.35812e-05,0.00371692,0.0875653,0.0872942,0.00891141,1.0,0.00724246
rs149226081,1.47369e-06,2.58079e-05,4.85173e-05,0.000136463,0.000315805,5.09961e-05,0.000214361,0.000404421,0.000366696,0.00180277,7.83622e-07,0.00190003,0.000262461,0.00976025,0.00197763,0.00202153,0.0020132,0.25376,0.00116324,0.00120859,0.00964289,0.212936,0.00393997,0.000148274,0.000249717,0.000220941,0.00374933,0.00389337,0.00370587,6.06735e-07,0.000151622,1.45943e-05,0.000224575,3.37895e-05,4.97009e-06,1.10969e-05,0.00376057,5.82013e-05,5.72241e-05,0.00375601,0.00149033,0.00379284,1.76359e-05,5.55656e-05,0.00377374,9.06899e-07,4.90694e-05,0.00535059,1.24099e-05,1.15576e-05,0.00378663,0.00373037,1.62831e-05,0.00369714,0.00348544,7.50185e-06,7.93055e-06,1.191e-05,9.04008e-05,3.78378e-07,0.00372065,2.57862e-05,7.39518e-06,1.4175e-05,1.3426e-05,0.00373104,2.04566e-05,8.93532e-06,2.34811e-06,1.86194e-05,0.00372222,0.000438292,1.38201e-06,2.55687e-05,6.2909e-09,4.90494e-05,6.44775e-06,6.71357e-05,0.0037563,0.00374184,0.00371535,2.32583e-05,6.46087e-06,0.00370615,3.63624e-05,3.5498e-06,1.94874e-06,5.49298e-05,1.05017e-05,8.97463e-06,1.14138e-05,1.19743e-05,1.37193e-05,8.71624e-05,4.66284e-05,1.11554e-05,1.67324e-05,4.92991e-05,3.56514e-08,9.9013e-06,4.17525e-06,2.53403e-05,9.6984e-06,1.23974e-05,1.3277e-05,2.50264e-05,5.52002e-07,1.6682e-07,0.00370628,1.2551e-05,0.000301741,0.000525417,2.89828e-05,3.05869e-05,0.00369935,0.00374905,5.06604e-05,0.00041118,0.000364373,0.000292138,1.82637e-05,0.0013837,0.000351681,0.039805,5.90754e-05,0.000258046,0.00129301,0.000231315,0.000966484,0.00190271,0.000281573,0.00309469,0.00103173,0.00916624,2.05529e-08,0.00149777,0.425261,0.0094903,0.00952121,6.09573e-05,0.000147143,0.000148534,0.0661108,0.000603087,0.000504698,0.00724246,1.0
