,rs142640006,rs7322062,rs942343,rs73169113,rs2520696,rs144032136,rs77514442,rs76035998,rs798993,rs74642778,rs9525970,rs9567441,rs77544611,rs12429612,rs117415157,rs77241512,rs9567469,rs80144442,rs2073996,rs2073997,rs80201685,rs80344295,rs983130,Affx-9225125,rs60951040,rs148427969,rs206084,rs76594135,rs117274102,rs12877839,rs17635503,rs17592921,rs76324799,rs10492393,rs2078326,rs9534076,rs9595279,rs9567539,rs76221516,rs9526072,rs206111,rs206119,Affx-9225937,Affx-257696093,Affx-257696098,rs11571591,rs876658850,Affx-80247634,rs397507766,rs886040622,Affx-291670456,rs886040759,rs876659359,rs144848,rs886039504,Affx-291674898,Affx-98688230,rs80358428,Affx-98688389,rs397507592,rs80358440,rs397507594,Affx-52159368,Affx-92046495,rs11571643,rs886040397,rs886040411,rs1801499,rs80359785,Affx-9226276,rs80358535,Affx-472940807,rs864622609,rs80359381,rs886040468,Affx-252762817,rs587781436,Affx-161165050,Affx-9226303,rs80358589,rs886040476,Affx-9226315,rs56337919,Affx-149263115,rs886040506,Affx-472940996,rs117187202,rs886040531,Affx-161163083,rs80358683,rs886040537,rs80358694,rs276174847,Affx-472941193,rs886038122,rs80358760,rs587781585,rs80359524,rs397507792,rs276174862,rs79538375,Affx-81304954,Affx-89012303,Affx-472941154,Affx-291158625,rs886038137,rs80359554,rs55794205,rs276174871,rs79456940,rs80359574,Affx-291672251,rs397507856,Affx-81305013,rs80359610,Affx-86893115,Affx-291672998,Affx-291673263,Affx-81305045,rs886040680,rs9567578,rs11571696,rs9943876,rs1460817,rs80358927,Affx-92041253,Affx-9226630,Affx-291672463,rs11571707,rs879255331,rs80358978,Affx-472937119,rs11571717,rs150813429,Affx-81305124,rs397507950,rs886040738,Affx-52159382,rs879255469,Affx-289868232,Affx-291154062,rs146753854,rs117760836,rs80359711,Affx-215007557,Affx-291672352,Affx-139996859,rs886040781,Affx-149263245,rs9534318,rs397507409,Affx-80247652,rs11571765,rs4942485,rs4942486,rs80359730,rs886040949,rs276174916,rs75257853,rs206147,rs11571810,rs11147493,rs7330025,Affx-291673167,rs886040832,Affx-61145185,rs11571827,rs80359773,rs56121817,rs1801426,rs472817,rs77592217,rs206333,rs206334,rs169562,rs118050644,rs497255,Affx-9227620,rs206337,rs9591001,rs798273,rs76173168
rs142640006,1.0,0.00128697,0.000294491,0.00580423,0.0231991,0.000462417,0.00213047,0.00208541,0.00436977,0.000304311,0.00123489,0.0044274,0.00352589,0.00128344,9.0571e-05,0.0012869,0.00435585,0.000278907,0.0111732,0.0084455,0.000690857,0.000931472,0.000548856,0.00618406,0.00134714,0.000959869,0.00595803,0.000538029,0.000112629,0.00498762,0.000569516,0.00318326,0.000563289,7.97168e-07,5.30995e-05,8.41785e-05,0.00289406,4.41889e-05,0.000165408,0.000159042,0.00101747,0.000542825,1.67079e-05,4.61997e-06,3.8201e-07,2.48457e-07,3.9103e-07,5.02562e-05,1.82099e-05,4.84803e-08,1.78681e-05,1.37204e-10,3.44291e-05,0.000215329,5.03417e-05,8.72023e-07,5.00587e-05,3.8139e-07,2.95365e-06,2.93562e-05,6.75589e-06,8.1508e-09,3.47145e-06,8.28341e-07,6.9126e-07,5.05359e-06,2.19228e-05,1.87782e-06,9.30856e-06,3.20362e-05,7.6662e-06,1.37154e-05,6.80699e-07,1.23028e-05,1.74184e-06,3.52772e-06,1.31782e-05,0.000106469,1.43568e-05,1.93625e-06,3.75605e-05,2.56693e-05,2.19342e-05,5.39181e-07,1.24956e-05,7.43887e-06,1.36321e-05,1.40164e-05,2.04782e-05,2.10197e-07,2.01406e-10,0.000126889,6.87045e-08,4.91183e-06,2.51364e-05,7.79846e-06,3.44491e-07,1.19843e-05,5.4729e-06,4.52402e-05,0.000146213,5.34582e-05,2.50935e-05,3.40203e-05,9.02557e-07,1.40743e-05,2.80879e-06,9.07603e-05,2.26826e-05,2.7849e-05,1.03561e-06,8.178e-06,5.77124e-06,3.32348e-05,2.08708e-05,3.08422e-06,4.76286e-05,4.37161e-05,1.36246e-14,4.82501e-09,1.63992e-05,0.000552279,0.000245843,0.000464868,1.80181e-06,1.20762e-05,1.39622e-05,4.11624e-06,3.25179e-08,3.16938e-07,5.11001e-06,1.41588e-05,1.42773e-05,8.18188e-05,1.09505e-06,1.89395e-06,7.46755e-07,5.24695e-05,5.95693e-06,1.16612e-05,3.63678e-06,0.000314836,0.000353168,2.34802e-06,2.84297e-06,1.42211e-05,5.3937e-06,2.4271e-06,8.44878e-06,4.69753e-05,1.94499e-05,1.58034e-05,3.68035e-06,0.000204157,4.49478e-05,2.92143e-06,3.08734e-05,1.08861e-06,2.38216e-06,3.21841e-05,0.000152361,0.00222148,4.21243e-05,2.57039e-07,4.33379e-06,0.000262482,0.000146913,1.69455e-06,2.7625e-05,0.00214684,0.000315843,0.000163773,0.000826249,0.000823811,0.00098001,9.32385e-05,0.000109359,0.00104743,0.000917862,0.000204266,3.29714e-07,0.000220683
rs7322062,0.00128697,1.0,0.000689043,0.0155536,0.051711,0.00143286,0.00510191,0.00726394,0.0121165,0.00111065,0.000745521,0.00587595,0.0103821,0.00079319,8.12424e-05,0.000464736,6.4348e-06,0.000300188,0.000407229,0.000130419,0.000229071,0.000231592,7.06839e-05,1.58208e-06,0.000390784,0.00117762,0.000304378,0.000163031,0.000455641,0.00465918,0.00274799,0.0024621,0.00108576,0.000315003,0.00216286,0.000909135,0.000645288,0.000714031,0.000169952,1.75339e-06,0.00061121,6.86282e-05,0.00254807,1.41725e-08,1.20702e-05,6.28879e-05,7.98373e-06,0.00014463,2.67927e-06,3.38216e-05,1.90631e-05,7.30695e-07,6.98627e-06,0.00210377,9.3975e-06,2.68474e-06,3.11882e-06,1.33415e-06,4.4106e-08,7.07459e-06,1.78412e-06,5.60033e-06,3.59381e-05,1.4978e-05,0.00011826,7.47904e-10,3.10354e-05,0.000108025,0.000367656,3.0956e-05,4.1336e-06,2.1623e-08,2.32374e-05,2.31797e-05,2.02489e-06,4.33546e-06,2.53195e-05,3.73945e-06,0.00202309,3.47646e-05,2.24756e-05,8.15993e-05,8.11084e-06,1.59263e-06,2.38635e-05,5.82568e-06,2.21578e-05,2.75313e-05,1.19454e-05,1.15873e-05,8.96476e-06,3.96545e-05,4.3651e-07,1.51389e-05,1.01421e-08,2.65969e-05,9.61356e-06,3.82941e-06,1.16096e-06,1.79482e-05,0.00341568,2.20035e-06,2.67895e-05,1.27963e-05,1.77616e-05,2.86396e-05,3.12091e-07,0.00175983,2.19548e-05,1.23536e-05,9.12308e-08,1.08463e-05,5.62351e-06,1.58083e-05,1.40716e-05,4.13912e-06,8.17172e-05,5.72878e-06,2.67931e-05,1.87702e-06,0.00200223,0.000255158,0.000149497,3.05174e-05,3.0062e-05,0.00112587,0.00196907,7.30273e-06,4.82439e-05,7.2177e-05,0.000194498,2.81899e-05,0.00199224,0.00038834,3.38018e-06,2.12093e-06,1.86806e-05,0.0003849,5.02434e-06,8.52565e-08,3.90213e-05,2.47601e-05,0.000924634,4.86812e-05,4.38888e-06,5.80416e-06,6.87831e-06,9.91042e-10,6.89549e-06,0.00289288,1.25672e-05,3.05439e-05,1.08802e-06,0.000165674,0.00281482,4.62678e-06,0.000105982,4.21155e-07,0.000236812,0.000708694,0.000101104,4.58632e-05,0.00282221,5.85928e-06,1.71399e-06,0.00132088,0.000111339,1.4046e-05,4.65853e-05,4.60813e-05,0.000967119,6.19148e-05,0.000483618,0.00049944,0.00106311,0.000121695,0.000358064,0.00112446,0.00057285,0.0007382,0.000550426,3.26082e-05
rs942343,0.000294491,0.000689043,1.0,0.00290738,0.00830205,0.000201418,0.00095343,0.00117901,0.0022068,0.000195404,9.29998e-05,0.00288101,0.0017077,9.35179e-05,1.08975e-05,0.000967459,9.15595e-05,0.0136778,5.47341e-06,0.000115238,0.000325096,0.000220323,0.000447439,0.000394832,0.000338291,0.00030065,0.000338686,0.000260216,2.39165e-05,0.000252025,0.00124115,3.21965e-07,3.27388e-05,0.000241502,4.47238e-05,0.000336826,0.000972954,0.000183984,2.08285e-06,0.000850157,0.000432392,5.96864e-07,0.0013596,5.05663e-06,1.00109e-05,7.68416e-05,0.000189319,9.74213e-05,1.52099e-05,2.59058e-06,1.36982e-05,3.52147e-06,2.70536e-07,0.00175185,2.86721e-05,3.21644e-05,6.54761e-06,5.8917e-06,2.17782e-05,4.8494e-06,3.3888e-05,2.3489e-05,1.75698e-05,1.42048e-08,6.83803e-05,4.45517e-06,2.57852e-05,7.33147e-05,3.7999e-06,1.02039e-05,6.74442e-06,3.4669e-06,2.70831e-05,8.93536e-06,2.52801e-08,1.2877e-06,3.1376e-05,2.57978e-05,0.00121137,5.85963e-06,2.91165e-06,5.71843e-05,3.79373e-05,8.35016e-06,3.06169e-05,1.15925e-05,5.40851e-07,3.20848e-05,2.03845e-06,1.44898e-06,6.56761e-06,6.45501e-06,8.45243e-05,4.00586e-06,2.24265e-05,1.40095e-05,1.29131e-06,3.05135e-05,2.29575e-05,2.54665e-05,0.00387864,3.20606e-07,6.23686e-11,3.31827e-05,3.17418e-09,3.24743e-05,2.58216e-05,4.70855e-06,6.90176e-05,7.41767e-05,0.000198647,1.2656e-05,1.18156e-05,1.02814e-05,3.69429e-05,3.82751e-07,6.61528e-05,8.55131e-08,4.02063e-05,3.88613e-07,0.00118732,0.000477881,1.90832e-05,0.000234816,6.30004e-06,6.02574e-06,0.00120571,3.87424e-06,1.1287e-05,1.86601e-07,1.52194e-06,3.1894e-05,0.00115004,5.39006e-06,3.75633e-06,2.30095e-05,2.71516e-05,4.45999e-06,3.53383e-06,8.22314e-06,5.02695e-05,0.000187599,3.35441e-05,8.19841e-07,5.09736e-06,1.00075e-05,4.48678e-06,0.000189126,5.27164e-05,0.000954948,0.000324726,1.02673e-08,5.14962e-07,6.00206e-05,0.000952889,1.10897e-06,4.84685e-07,7.03627e-06,0.00278516,0.000409618,2.05896e-05,4.77225e-07,0.00091415,5.16525e-06,3.28037e-05,0.000268146,1.48706e-05,8.23392e-06,7.97935e-06,6.06072e-07,0.000324872,9.2673e-05,0.000176304,0.000193111,8.18669e-06,1.44347e-06,0.000169741,3.74569e-06,0.000183506,0.000222105,1.86701e-05,2.92177e-05
rs73169113,0.00580423,0.0155536,0.00290738,1.0,0.224929,0.00600239,0.323455,0.0289238,0.0571836,0.00373256,0.0135426,0.0219836,0.494948,0.0119443,9.93286e-05,0.0164426,0.0030659,0.00465689,0.00428584,0.00508551,0.000176734,0.00173668,3.99478e-06,0.00249634,0.0132332,0.00262299,0.00201713,0.000467261,3.05203e-05,0.00100175,0.000129428,0.000752178,0.00710982,0.00391137,0.000773928,0.000250282,0.00144549,0.00119288,0.00078736,0.000151129,0.000243137,0.00203351,0.00016576,2.53433e-05,2.25011e-06,0.000139152,4.54195e-07,0.000580076,1.27732e-07,9.47969e-08,3.28563e-05,9.27911e-06,1.11552e-05,0.000574179,5.55832e-08,4.40857e-05,6.90711e-06,9.13768e-06,4.40228e-07,3.55742e-05,6.67531e-05,3.47839e-06,0.000367432,7.46829e-11,0.000824366,2.67596e-06,2.29401e-06,0.000816302,5.46094e-07,3.34339e-05,3.34014e-05,5.67439e-05,2.03852e-05,1.2436e-05,2.23227e-05,5.66046e-06,8.57665e-06,4.78009e-06,7.9682e-07,0.000431092,1.24166e-05,0.00221004,7.29398e-06,1.49318e-07,6.38895e-06,4.92683e-07,0.000208937,5.55074e-06,3.60496e-05,7.15193e-05,2.6793e-08,0.00711025,1.29433e-05,7.65984e-08,9.35035e-08,7.64815e-08,2.09935e-05,2.0181e-05,8.63079e-06,6.51465e-06,0.000128542,1.0946e-05,4.57947e-05,9.04829e-07,1.2959e-05,2.01934e-06,1.92743e-05,0.000204967,0.000318606,0.000303922,9.32832e-06,3.93245e-10,1.24591e-05,8.70964e-06,1.76875e-05,1.31593e-05,2.8054e-05,1.57717e-05,1.31224e-05,4.61037e-05,4.05718e-08,9.90784e-06,0.000348916,2.0678e-05,9.9162e-07,4.21557e-05,9.25855e-07,9.22478e-06,4.52488e-07,1.44472e-05,0.00244997,4.16528e-06,7.61055e-07,7.73255e-05,2.46206e-07,9.8495e-06,1.2704e-06,0.000114935,2.02631e-08,7.5922e-07,4.5298e-05,0.000619002,0.00218935,3.12835e-06,1.92931e-05,9.16084e-06,1.24985e-05,1.27539e-05,3.07729e-05,0.000337746,1.90498e-06,0.000486408,1.07552e-06,0.000196219,0.000326194,6.69762e-07,5.46495e-06,3.23189e-07,6.70018e-05,0.00110318,0.00271862,0.00122163,0.000319262,1.43646e-07,9.74981e-06,1.11301e-06,0.00287416,1.02213e-06,0.00155459,0.00123366,0.000208459,0.00122059,3.65217e-09,3.79191e-07,3.46878e-05,0.000120271,8.11657e-05,8.47855e-05,1.31953e-05,0.000333271,4.85151e-05,0.000647939
rs2520696,0.0231991,0.051711,0.00830205,0.224929,1.0,0.0273843,0.0722503,0.12977,0.253868,0.0188832,0.0447562,0.0922641,0.104067,0.0435181,0.0108121,0.00191058,3.8942e-06,0.00179626,0.00018151,0.000639058,0.0066284,0.000681903,0.00743468,0.00149095,0.000919025,0.00423143,0.000929777,0.00105989,0.00256581,0.0014657,0.000568326,5.94002e-07,0.00113863,1.01429e-08,2.81481e-05,0.000128206,0.000413716,0.000258025,1.44271e-05,0.00124001,0.000460963,6.11933e-05,6.20211e-05,8.53554e-05,2.25404e-06,0.00134587,3.05458e-07,0.00249822,4.55264e-05,2.17321e-06,4.63703e-05,2.53607e-06,5.72092e-05,0.000500387,7.76394e-05,4.64321e-07,1.9363e-06,1.43068e-06,1.38657e-06,2.06431e-05,5.21991e-06,5.47895e-06,0.000920012,1.13238e-05,7.45365e-05,2.3008e-06,4.47578e-05,8.23261e-05,0.000501623,9.09287e-06,1.19268e-05,6.09163e-05,4.77401e-05,0.00010122,2.41256e-05,2.55511e-05,6.76031e-05,1.96277e-06,0.000315877,2.96249e-07,3.83359e-05,4.10558e-06,3.83449e-05,8.63418e-05,8.72223e-05,6.16513e-07,0.000845614,9.33586e-05,7.38577e-05,3.18513e-05,1.62572e-08,0.00216452,9.79907e-06,1.45789e-06,2.83388e-08,2.00285e-06,2.41738e-05,0.000122562,1.94444e-06,6.20858e-05,0.000833719,3.47584e-05,7.02683e-07,1.51539e-05,2.30069e-05,5.38114e-05,7.00167e-05,0.000301102,0.000105721,0.000103394,9.7139e-08,4.51441e-05,4.45642e-05,5.74942e-06,5.25293e-05,8.69922e-06,2.33506e-06,1.89252e-05,1.57068e-05,1.87057e-06,0.000275856,0.000907423,0.00012659,2.5933e-05,1.40959e-05,0.000371436,0.000302564,1.85902e-07,0.00041727,0.000399209,0.000362928,3.95806e-05,0.000272127,1.68509e-05,4.34397e-06,4.23344e-06,4.11261e-06,2.7916e-05,6.65886e-06,2.6751e-06,1.96971e-05,0.000573796,0.000960328,3.14727e-09,6.23701e-06,7.06669e-07,8.626e-07,2.42821e-07,6.89099e-06,0.000858001,2.22914e-08,0.00140459,7.48306e-06,3.50879e-05,0.000797321,2.24271e-07,0.000250459,8.31014e-08,0.000654712,0.000337108,1.84007e-05,0.000166415,0.000790866,4.44831e-06,5.83649e-05,0.000177135,4.12542e-05,1.90246e-07,0.00031288,0.000141567,0.000164637,0.00115287,0.000207282,0.000221479,0.000687345,0.000849611,0.00284711,0.00083863,0.00013594,0.00582527,0.000221992,0.000385658
rs144032136,0.000462417,0.00143286,0.000201418,0.00600239,0.0273843,1.0,0.00196844,0.00276721,0.00535697,0.000424225,0.00215195,0.00648648,0.00453685,0.00219028,0.000462575,0.00181164,0.00286802,0.000153083,0.0100756,0.007538,0.000843957,0.000477181,0.00072835,0.0049139,0.00148472,2.97998e-06,0.00523801,0.000795297,1.84852e-05,0.0068445,0.00222308,0.00114564,0.000432852,0.0206129,0.000190744,0.000961022,0.00295986,0.000176756,4.92011e-08,0.00112557,0.000593051,0.00180368,0.00213392,2.53757e-05,3.7599e-05,0.000552815,3.22893e-05,8.10714e-05,9.32097e-07,3.27992e-06,2.2373e-06,9.34675e-06,1.58108e-05,0.00242422,1.80096e-06,1.11362e-06,4.6607e-06,6.01855e-06,3.21127e-05,3.83642e-06,4.9587e-06,2.69072e-05,1.21688e-08,1.50366e-05,0.00901611,1.46102e-06,4.97193e-06,0.00893641,3.26319e-05,4.36057e-05,1.66126e-05,3.9143e-07,2.7664e-09,7.92771e-07,8.40372e-06,7.16059e-07,6.6956e-06,3.66139e-05,0.00225458,1.35282e-05,3.66177e-07,0.00471769,6.82616e-07,3.11471e-05,6.44847e-07,3.72473e-07,4.17264e-05,3.04658e-07,8.08955e-07,2.30318e-05,2.2196e-06,5.88897e-05,5.97688e-06,1.13287e-06,2.53465e-06,6.5414e-07,7.55126e-08,7.69317e-06,9.49724e-07,1.82116e-05,0.000323399,7.14522e-06,2.38031e-06,1.30812e-08,3.49042e-05,2.10272e-07,9.39804e-08,3.96994e-05,4.65325e-05,4.21692e-05,3.12631e-08,2.11263e-05,2.75914e-08,2.65817e-06,6.17287e-06,2.19529e-05,5.7905e-05,5.39773e-07,2.0989e-06,4.14879e-05,0.0022114,0.00073848,0.00259749,0.00090722,8.75025e-06,2.09828e-05,0.00220533,9.02152e-06,5.08926e-05,6.01748e-06,0.000127846,2.01557e-07,0.00217599,2.9216e-05,2.92619e-06,7.9907e-06,2.39591e-07,4.31671e-05,6.40434e-07,9.55548e-07,2.97874e-05,0.000659155,0.000503584,2.84556e-06,2.36903e-06,4.2257e-05,1.67012e-06,1.38533e-05,2.24333e-05,4.57361e-05,9.36571e-07,4.98344e-05,9.53753e-06,0.000543384,3.98742e-05,1.70324e-07,1.0534e-07,1.61427e-05,0.000345956,0.0016159,0.0208463,7.36341e-06,4.14135e-05,2.29722e-05,1.30332e-05,0.000361034,0.0198071,3.72099e-06,1.76399e-05,7.40266e-06,0.00304225,0.00436148,0.000338282,0.000325193,0.000393501,0.000161337,0.00232044,0.000408624,0.000303812,0.00202717,2.32039e-05,0.000109708
rs77514442,0.00213047,0.00510191,0.00095343,0.323455,0.0722503,0.00196844,1.0,0.00863483,0.017641,0.00128662,0.0043734,0.0198198,0.172164,0.00580283,0.00125897,0.00246843,5.24914e-06,0.00150193,0.00385609,0.00222868,0.000890795,0.00121072,0.00122314,0.000665831,0.00245392,0.000652207,0.000646182,0.00141021,0.000645061,0.00205367,0.000917293,0.00923612,0.0246629,1.64343e-05,0.000387491,4.06558e-05,0.00232445,0.000149749,0.000245605,0.000397491,0.000163603,5.92394e-06,0.00116529,1.30079e-05,1.10516e-05,0.000386228,1.94006e-06,7.3238e-05,2.84428e-06,6.66991e-06,5.29048e-05,2.23378e-05,3.05087e-05,0.000396755,3.15998e-05,5.06421e-05,6.9334e-07,6.06819e-06,4.43402e-06,9.11272e-06,2.60296e-06,1.91615e-07,0.00010888,6.86235e-06,0.000855412,3.28593e-05,2.57863e-05,0.000866488,0.000119567,2.03168e-08,0.000105811,2.20584e-06,4.13451e-05,3.107e-05,0.000106755,1.06701e-07,1.7505e-05,4.56347e-05,0.00170016,2.8992e-05,4.82124e-05,0.000894749,2.27022e-05,2.10918e-05,1.85115e-05,6.19463e-08,6.4179e-05,1.46831e-05,7.60939e-06,1.30521e-06,8.01859e-06,0.000181827,8.25274e-06,2.27314e-05,1.37754e-05,7.75428e-07,2.29317e-05,7.17812e-06,8.53095e-06,2.79722e-05,0.000128675,3.28098e-06,2.9559e-06,8.53343e-06,4.11194e-06,2.74991e-06,2.00134e-06,4.7102e-05,1.58008e-05,1.64081e-05,4.83618e-06,2.88515e-05,4.08373e-05,1.29614e-05,9.33729e-06,1.2037e-05,1.352e-05,2.16828e-05,5.79354e-06,2.61995e-07,0.00172213,0.00109774,9.92116e-07,0.000899854,2.11334e-06,0.000129064,0.00164466,4.71906e-07,0.000569334,2.53174e-05,0.00023432,2.10029e-05,0.00167915,2.6478e-06,6.61647e-08,5.05641e-07,8.40014e-07,4.68855e-06,1.3196e-05,1.68384e-06,1.22271e-05,0.00244427,0.000498289,1.58793e-08,7.66517e-06,2.28285e-06,1.0967e-08,1.56988e-05,9.35002e-07,0.00142203,6.40555e-07,0.000244993,3.2377e-05,0.00178659,0.00143553,2.92698e-05,0.000123094,6.96669e-07,0.000616471,0.00201761,0.00172609,0.00012047,0.00143358,4.74946e-07,3.60951e-05,7.13548e-08,0.00176226,8.0718e-06,5.72534e-05,0.000114971,0.000668792,0.00106514,0.000179912,0.000178295,0.000446723,9.80578e-05,0.00018451,0.000361153,0.000122181,2.89552e-05,0.000623475,9.9507e-05
rs76035998,0.00208541,0.00726394,0.00117901,0.0289238,0.12977,0.00276721,0.00863483,1.0,0.512196,0.00170711,0.390719,0.000127048,0.0132507,0.389494,0.0016652,0.00142872,0.00211023,0.00130629,0.00164804,0.000709455,0.000739633,0.000253815,5.69962e-05,0.0051315,0.000557093,0.000901863,0.00496964,0.00482501,0.000433122,0.0073601,0.000592331,3.22075e-08,0.00103376,0.000982468,0.000558803,0.000361183,0.000433984,0.00211254,2.3148e-05,4.3938e-05,0.00103531,2.09042e-08,0.000102098,3.13266e-05,6.65625e-05,8.6188e-05,2.1577e-06,0.000296558,4.47497e-05,5.36172e-05,1.22588e-05,3.29225e-06,1.4364e-10,0.000890819,6.52298e-06,3.62663e-06,2.328e-08,6.08334e-07,3.52318e-05,1.60478e-05,3.2052e-07,1.37569e-05,0.00014076,3.02919e-05,6.00259e-06,3.72939e-05,3.74086e-06,2.06815e-06,0.000196744,7.11576e-07,7.14105e-06,5.04504e-06,6.98893e-06,1.15002e-05,1.58299e-06,1.55772e-05,7.9272e-06,6.02547e-05,1.44017e-05,0.000166811,4.05678e-06,0.00163319,2.28854e-06,0.000120761,2.84749e-05,2.58866e-06,7.03428e-05,1.61909e-05,9.50801e-06,5.25293e-06,4.30912e-05,0.000285523,1.70601e-07,4.30968e-06,1.4593e-05,1.24732e-05,2.70578e-05,2.55585e-05,1.1936e-05,3.07279e-06,0.000145553,6.54894e-05,1.1702e-07,9.23385e-06,0.000113531,4.10356e-07,9.18699e-07,0.000220168,0.000202667,0.000185822,3.98129e-06,0.000250711,1.12307e-05,7.10758e-06,5.00482e-06,1.57511e-05,1.16937e-09,4.55426e-06,3.79402e-05,1.62019e-05,1.0667e-05,0.000209073,0.000291462,0.00067578,7.92264e-06,4.99899e-05,1.04862e-05,6.01987e-06,0.000420537,3.20768e-05,0.000122316,1.72654e-05,8.90713e-06,0.000188019,2.50541e-05,3.43598e-07,3.60918e-05,0.000179925,3.59574e-05,2.36485e-07,1.12348e-06,7.12753e-05,1.06747e-05,3.10229e-05,1.41423e-05,3.4159e-05,3.66582e-08,3.54393e-05,4.89342e-05,6.27351e-05,2.05644e-05,0.0115715,4.81739e-05,0.00142576,7.1112e-05,4.88068e-05,7.44632e-05,4.92147e-06,0.000998879,1.92139e-05,5.91429e-05,0.00112649,7.45581e-05,0.000109144,1.40219e-05,0.00102472,2.37104e-05,2.27886e-06,3.17657e-05,0.00116132,0.000282712,0.000119326,0.00160642,0.00166802,0.00684412,8.33134e-06,0.00469185,0.00636389,0.00135555,0.00431654,0.00296065,0.0044105
rs798993,0.00436977,0.0121165,0.0022068,0.0571836,0.253868,0.00535697,0.017641,0.512196,1.0,0.00321903,0.196862,0.00529705,0.0294165,0.1924,0.00216258,0.000811204,0.00731867,0.000179365,0.00393043,0.000364621,0.0290702,0.0017007,0.0270437,0.00249155,0.000934765,0.00270701,0.00323146,0.00230339,0.00118836,0.00363249,0.00365875,0.00320245,0.00114988,0.00117887,0.000129244,8.48233e-07,5.01356e-05,0.000467615,7.32971e-05,3.64135e-05,0.00359146,2.16458e-05,0.000151407,2.27999e-05,3.56972e-08,0.000321388,1.4797e-05,0.000668519,0.000108344,1.2768e-05,3.94058e-07,7.00859e-06,9.82775e-06,0.00435548,1.74115e-05,5.19896e-07,5.03143e-06,1.10629e-06,3.9731e-05,1.35631e-06,4.13615e-06,4.26365e-05,0.000336407,4.80777e-05,0.00043128,3.23975e-05,7.48821e-06,0.000402783,0.00023644,3.58582e-05,4.59605e-07,4.13146e-06,8.88705e-06,3.66416e-05,1.13988e-06,4.43946e-06,1.91935e-05,2.19717e-05,6.80254e-05,1.68088e-06,2.389e-06,0.0072118,1.44544e-05,4.52457e-05,3.06062e-05,5.51216e-07,0.000158119,3.0459e-05,2.45639e-05,2.66873e-05,2.73308e-05,0.00055556,4.6235e-07,3.65943e-07,1.13254e-05,3.8591e-06,1.81715e-05,5.27792e-05,2.32127e-05,1.0595e-05,1.49763e-06,2.67992e-05,1.73883e-09,2.04577e-05,8.41607e-05,8.10261e-07,3.09107e-05,1.47007e-06,0.000226817,0.000237763,1.19629e-05,0.000133476,3.19156e-05,1.44874e-06,3.06742e-05,3.55976e-09,3.85603e-06,1.95921e-08,4.6718e-05,4.28379e-07,7.52638e-05,0.00132027,3.7509e-06,0.000371057,1.57922e-05,0.000131737,7.27837e-05,8.74917e-09,7.37254e-05,0.00182812,3.00883e-05,3.24631e-05,7.98904e-05,8.46651e-05,3.03525e-07,5.74085e-06,5.51446e-06,6.4419e-05,2.36683e-05,8.74345e-06,3.2702e-05,4.07822e-05,2.02909e-05,5.69292e-06,2.998e-06,7.83518e-05,4.93675e-06,2.49629e-05,4.76988e-05,1.21506e-05,9.41926e-06,0.00551755,1.60451e-05,0.000821839,1.84627e-05,6.66439e-06,0.000207335,5.00324e-08,0.00118663,0.00192367,0.00016557,0.00196141,1.9341e-05,1.09568e-06,1.84166e-05,2.49032e-05,0.000115695,2.20655e-06,0.000156597,0.00203256,0.00183188,0.000101537,7.80309e-06,7.37057e-06,0.00145552,4.04674e-05,0.00315753,0.00121007,4.48559e-05,0.00241702,0.0001649,0.00150152
rs74642778,0.000304311,0.00111065,0.000195404,0.00373256,0.0188832,0.000424225,0.00128662,0.00170711,0.00321903,1.0,0.00155725,0.0287706,0.00115272,0.00162842,9.13937e-05,0.00439593,0.00237359,0.000599088,0.00339112,0.0105174,0.00862747,0.127572,0.00271913,0.00854785,0.00183709,0.000416373,0.00630192,8.31094e-05,0.000139925,0.00311123,0.000634619,0.000797725,8.00378e-05,0.00119686,0.00267026,0.000219033,0.000384874,0.00345428,0.00010148,0.00361353,0.000658432,0.000525355,0.000908327,1.08531e-06,6.47018e-06,0.000560674,3.3672e-06,3.69167e-05,1.65144e-06,,3.75249e-07,2.21997e-05,3.94384e-06,1.85558e-05,1.76637e-09,5.8178e-06,4.24619e-05,,5.72375e-07,7.05706e-06,6.20768e-06,3.59056e-05,2.41289e-05,2.4385e-05,0.00041155,1.258e-06,2.89845e-06,0.000383682,9.05947e-06,2.93581e-05,9.8402e-06,2.19678e-05,6.20774e-06,6.34012e-06,1.00421e-06,2.08263e-06,2.90382e-07,2.99238e-05,0.000798319,3.997e-05,7.87162e-06,0.000789845,5.66743e-08,6.63707e-06,2.09331e-07,2.85044e-07,6.51681e-05,4.51384e-07,2.0545e-05,2.3614e-06,,1.88278e-05,6.84964e-07,1.33847e-05,5.4706e-06,1.11617e-05,1.91461e-06,6.08682e-06,1.14868e-05,5.49448e-07,9.97224e-05,3.03719e-06,4.13658e-06,9.18975e-06,8.32523e-06,2.38041e-05,4.4159e-07,8.9276e-05,3.4447e-05,1.70842e-05,5.10404e-05,7.72631e-07,1.47322e-05,4.62044e-07,3.57302e-08,5.85136e-05,1.76232e-05,6.19349e-08,4.75456e-06,1.15785e-05,0.000811565,0.000654179,1.89991e-05,0.000709459,4.87098e-07,5.46318e-06,0.000833807,1.18383e-05,7.62665e-06,4.10983e-05,7.28274e-05,5.45823e-07,0.000817355,7.08842e-05,1.93815e-06,4.637e-06,,5.84109e-05,,1.45212e-05,2.15294e-06,0.000371324,0.000187776,6.84095e-08,6.07678e-05,5.1716e-07,1.65978e-06,1.7868e-05,2.9872e-06,0.000610605,4.77766e-06,4.80979e-08,2.97847e-05,0.000483559,0.000623563,,1.80126e-06,5.01255e-06,0.000223734,0.00130881,0.000397437,8.03186e-05,0.000613524,1.65547e-05,7.59806e-07,0.000188471,0.000371258,,3.55388e-06,7.91657e-05,3.95791e-05,0.000526797,6.3779e-05,6.86742e-05,8.70123e-05,9.87668e-05,8.31243e-06,7.49041e-05,6.37495e-05,8.30254e-05,0.000292348,5.99448e-05
rs9525970,0.00123489,0.000745521,9.29998e-05,0.0135426,0.0447562,0.00215195,0.0043734,0.390719,0.196862,0.00155725,1.0,0.0305909,0.0193507,0.946775,0.00149512,5.80993e-05,0.0055439,5.48787e-05,0.000171439,0.000113549,1.31512e-05,0.000617976,0.000102716,0.00184808,1.15703e-06,0.00061642,0.0016162,0.00669884,0.000888676,0.00276918,0.000598683,0.000330222,0.00108777,0.000660242,1.43911e-05,0.000517432,0.0026701,0.00319993,0.000362674,2.83834e-05,0.00206778,0.000546273,6.35454e-06,2.48009e-06,8.04418e-06,0.00023645,8.04324e-06,0.00014325,5.91577e-06,3.23095e-05,2.03649e-07,9.54614e-10,3.6292e-06,0.00266635,8.85527e-06,2.19361e-06,2.77242e-06,9.41962e-07,8.32473e-06,9.94231e-06,8.26939e-06,1.35303e-05,0.000125102,1.78444e-06,8.04587e-05,3.14077e-07,2.60698e-06,9.98826e-05,0.00012614,9.34919e-06,2.39093e-06,1.10483e-05,9.53706e-06,7.51533e-06,3.98138e-06,1.15367e-05,9.2736e-06,2.18442e-05,4.128e-05,6.1431e-06,1.20096e-05,0.00498039,5.53124e-08,6.97387e-05,8.34143e-06,4.63364e-06,5.79e-05,5.59809e-06,6.36928e-05,4.63384e-06,1.51933e-05,0.000235772,8.32099e-07,1.59272e-05,8.90811e-06,1.31687e-06,1.43129e-05,1.17908e-05,3.35328e-05,5.99087e-06,6.64512e-05,0.000123955,1.15795e-05,9.4984e-06,2.13276e-05,1.32124e-07,7.1372e-06,0.000247712,0.000175604,0.000165412,9.39476e-07,5.14201e-05,3.61538e-06,2.25174e-05,1.06214e-06,5.8952e-06,3.01964e-06,5.92851e-06,7.88352e-07,4.36843e-07,4.24199e-05,0.00021429,0.000103466,1.29394e-05,1.03745e-05,2.67719e-05,4.18096e-05,1.00997e-05,0.000325368,5.73639e-05,9.00102e-05,3.55812e-07,4.20452e-05,6.42775e-05,0.000109015,2.79765e-06,3.17557e-05,7.31585e-05,8.4393e-06,6.59803e-06,6.25802e-06,0.000202997,0.000203106,5.86435e-06,1.26544e-05,2.80559e-05,3.85145e-06,1.29865e-07,7.08106e-06,0.000147947,7.28497e-06,0.0148489,9.14645e-07,7.26743e-05,0.000162305,2.84399e-05,9.06051e-05,2.22855e-05,0.00242912,0.00015012,0.000352605,0.00124947,0.000167343,9.77148e-07,3.41539e-06,0.000181778,0.00040245,3.54674e-06,1.82056e-05,0.00125397,0.000144364,0.000403797,0.000543297,0.000603927,0.00315838,9.31165e-05,0.00255717,0.00286154,0.000425777,0.00281655,0.0015197,5.20302e-10
rs9567441,0.0044274,0.00587595,0.00288101,0.0219836,0.0922641,0.00648648,0.0198198,0.000127048,0.00529705,0.0287706,0.0305909,1.0,0.0718768,0.0292012,0.00473772,0.00648481,0.0102941,0.00393799,0.000310812,8.93775e-05,0.00323006,0.0184485,0.00119282,5.24769e-06,0.00283371,0.00400835,3.17635e-05,0.00156525,0.0121426,3.34195e-06,0.000408735,0.000257309,0.00114581,0.00120885,0.00144521,0.000404248,0.000142761,9.83723e-05,6.79901e-05,0.000522231,0.00238309,0.00219155,0.000114812,5.4798e-05,2.32994e-08,0.000156276,2.00997e-05,0.00123553,1.31309e-10,1.98952e-06,4.25288e-05,2.10043e-06,3.24175e-07,0.00382355,6.55963e-06,1.54723e-05,1.64755e-06,1.20771e-05,7.48277e-09,3.2135e-06,6.02935e-06,8.06863e-06,0.000187284,1.30811e-05,0.000576802,1.37965e-07,2.95735e-06,0.00062037,8.49816e-05,2.5945e-06,1.24402e-05,1.3422e-06,1.34584e-05,8.01531e-06,1.92961e-05,4.68351e-05,8.11655e-07,2.96338e-05,0.000304795,0.000102153,2.9439e-05,0.00219793,5.47443e-07,4.04827e-06,7.59683e-06,1.62206e-05,0.000317546,1.14028e-05,2.32046e-05,1.60262e-05,8.14227e-06,0.000882396,4.36925e-05,1.40921e-06,4.28935e-06,4.92258e-07,3.49644e-06,3.54943e-06,2.4383e-05,1.99434e-05,9.30903e-05,7.0314e-06,8.79617e-06,4.83392e-07,3.78572e-07,4.38539e-06,4.78232e-07,0.000317659,0.000580775,0.000564202,5.90973e-05,1.12593e-05,9.04419e-07,4.1612e-06,3.68402e-06,4.29394e-09,1.72003e-06,5.29937e-06,2.38295e-05,8.14697e-06,0.000341971,5.36275e-06,1.3037e-08,0.000750524,7.70917e-08,9.93152e-05,0.000294548,1.02202e-05,0.000165496,0.00020712,0.000683686,4.84743e-09,0.000332972,0.000510307,9.09594e-05,2.21383e-07,8.1158e-08,0.000551065,3.39105e-05,2.36368e-06,4.02602e-05,0.000496743,0.00241584,4.90428e-05,2.4001e-05,8.38034e-06,1.23973e-05,2.40513e-05,5.38555e-06,0.000226411,1.75671e-05,0.000429661,5.44483e-05,0.000768506,0.000245367,2.4679e-05,2.92519e-05,2.70803e-10,0.000156369,0.000650223,0.00218003,0.000396842,0.00025873,5.65319e-06,6.84781e-07,0.00569247,0.00209611,1.71554e-06,3.30612e-05,0.000414784,0.00577441,0.000577745,0.000248002,0.000276363,0.000559291,0.00147126,0.000199486,0.000710394,0.000395948,4.30381e-05,4.68167e-05,0.00100375
rs77544611,0.00352589,0.0103821,0.0017077,0.494948,0.104067,0.00453685,0.172164,0.0132507,0.0294165,0.00115272,0.0193507,0.0718768,1.0,0.0151794,0.00366831,0.0161748,0.00106041,0.00667385,0.00592595,0.00790318,0.000650063,0.00118815,0.000123764,0.00380109,0.0109309,0.00348317,0.00241836,0.000486848,3.66066e-05,0.000847993,0.000246454,0.00402744,3.91467e-06,0.00140241,0.00209099,5.91776e-05,0.0022913,0.00133437,0.000467962,7.97901e-05,0.000535716,4.3621e-06,0.000264579,7.22914e-07,5.9152e-06,9.15442e-06,1.1361e-05,0.000562201,1.81874e-06,1.54496e-05,5.30451e-05,1.68704e-06,1.98263e-05,0.000333783,3.25267e-05,7.85618e-05,3.138e-08,2.40041e-05,5.20098e-07,1.55232e-05,2.33764e-05,6.87935e-06,0.00280962,8.52649e-06,0.000322474,1.24012e-05,5.71744e-06,0.000315179,3.72825e-06,6.1778e-05,1.84724e-06,0.000110365,6.34023e-05,5.12403e-05,1.62599e-05,1.25732e-05,3.44528e-05,6.2378e-06,2.98973e-05,9.55652e-05,4.48749e-06,0.00417187,3.74092e-05,2.37021e-07,7.93467e-05,1.08879e-06,0.000306791,3.60224e-05,2.5662e-05,3.59104e-05,4.60093e-05,0.00892232,7.0374e-05,2.71829e-06,4.66014e-06,1.0361e-07,2.80573e-05,4.55618e-05,5.15189e-08,5.3205e-05,1.48167e-05,1.05897e-06,6.13316e-05,1.53611e-06,7.57885e-06,1.88417e-05,3.3723e-07,2.91006e-05,0.000581277,0.000613257,5.24882e-05,1.89892e-05,1.35035e-05,1.91345e-05,6.87995e-05,1.26818e-06,8.79326e-06,6.38148e-06,1.65269e-06,4.45933e-05,2.61194e-05,5.64814e-08,0.00111711,0.000740329,1.36472e-05,4.86496e-05,2.95555e-05,2.71561e-07,0.000102556,7.01657e-05,9.78517e-05,2.49634e-05,3.38875e-05,0.00036929,4.55959e-07,5.03889e-06,3.72424e-05,0.000484714,8.86521e-06,4.09327e-07,7.52925e-05,0.000884112,0.00226505,4.50117e-06,1.00742e-05,1.27128e-06,9.1368e-07,9.03284e-05,8.33393e-05,0.00107502,1.93607e-05,0.00032066,5.80148e-05,0.000512696,0.00105901,1.88994e-05,2.93289e-05,7.91499e-08,0.000746148,0.00114202,0.00221035,0.00352157,0.00105552,9.16941e-07,5.13763e-05,0.00152408,0.00217508,2.97696e-06,0.001873,0.00346055,0.000150744,0.00110691,0.000259271,0.000293537,0.000127651,0.000340945,1.3418e-05,6.6985e-05,0.000161045,9.35224e-05,0.000103051,0.000435957
rs12429612,0.00128344,0.00079319,9.35179e-05,0.0119443,0.0435181,0.00219028,0.00580283,0.389494,0.1924,0.00162842,0.946775,0.0292012,0.0151794,1.0,0.00155863,3.32702e-05,0.00562318,7.00352e-05,0.000182479,0.00013218,6.89295e-06,0.000694219,9.70276e-05,0.00165498,1.75627e-10,0.000611219,0.00157335,0.0083234,0.00107494,0.00263823,0.000929105,0.000252589,0.000624889,0.000426054,3.65322e-06,0.000568985,0.0022895,0.00319939,0.000349518,2.50994e-05,0.00265854,0.000513785,7.30671e-06,1.84605e-06,5.68257e-06,0.000223023,3.36206e-06,0.000144799,6.64848e-06,3.62977e-05,1.45092e-06,6.72102e-06,2.3439e-06,0.00327967,9.81126e-06,3.27602e-06,7.19255e-06,2.60093e-07,1.48122e-05,7.72815e-06,7.0646e-06,1.33872e-05,0.000109988,2.31338e-07,7.69665e-05,1.69457e-06,1.49851e-07,9.86698e-05,0.000130191,3.60285e-06,3.08807e-06,6.43496e-06,1.15123e-05,8.44966e-06,1.85027e-06,1.03531e-05,1.03015e-05,1.12995e-05,3.87987e-06,8.66614e-05,8.65428e-06,0.00524641,1.91324e-07,9.92327e-05,9.32336e-06,2.21024e-10,5.23475e-05,6.43851e-06,5.58859e-05,5.87513e-08,2.38313e-05,0.000231462,9.40336e-06,1.72141e-05,1.2664e-05,2.12625e-07,9.27681e-06,1.39743e-05,3.4945e-05,6.74686e-06,7.564e-05,9.99613e-05,1.02864e-05,5.40751e-06,2.53157e-05,3.02124e-08,6.19463e-06,0.000239082,0.000157457,0.000148631,8.47958e-07,3.41838e-05,2.32619e-06,2.38173e-05,1.47454e-06,5.76389e-06,2.41963e-06,5.9781e-06,5.57661e-06,6.48873e-06,4.33082e-06,0.000194934,0.000112247,1.93691e-05,6.14946e-06,2.86086e-05,3.81005e-06,7.80686e-06,0.000594394,6.00245e-05,0.00010748,6.10479e-07,4.25006e-06,6.53816e-05,0.000123006,2.20205e-06,2.33513e-05,6.98298e-05,1.47881e-05,3.0944e-06,5.41864e-06,8.07424e-05,0.0001722,1.83364e-05,1.9288e-06,2.01697e-05,4.46477e-06,4.04897e-07,8.809e-06,6.68766e-05,1.13634e-05,0.0149474,2.60479e-11,9.80561e-05,7.8606e-05,2.91511e-05,8.19022e-05,3.45215e-05,0.00308427,0.000111651,0.000346657,0.00109086,8.12427e-05,1.72387e-06,4.7155e-06,0.000194854,0.000396179,9.65104e-08,1.95231e-05,0.00109408,0.000209573,0.000412721,0.000661793,0.000721221,0.00330039,0.000104501,0.00247396,0.0029992,0.000523702,0.0028249,0.0021609,2.85346e-07
rs117415157,9.0571e-05,8.12424e-05,1.08975e-05,9.93286e-05,0.0108121,0.000462575,0.00125897,0.0016652,0.00216258,9.13937e-05,0.00149512,0.00473772,0.00366831,0.00155863,1.0,0.00441921,0.00129022,0.00021165,0.0106793,0.00820074,0.000613432,0.000149257,0.000559584,0.00677762,0.00429544,0.000495353,0.00714521,0.000575783,1.39276e-06,0.00909513,0.0161744,0.000107139,0.000394803,0.00363617,0.000214506,0.000254736,0.000797408,0.000279869,0.000180674,0.00490996,0.00173388,0.000395314,0.00286056,1.96463e-06,5.02095e-09,0.00721643,2.08821e-05,3.84555e-05,1.07621e-05,1.21122e-05,6.49477e-06,4.93438e-06,7.25692e-07,0.000288688,9.1719e-08,7.65066e-07,3.23355e-06,2.0696e-05,4.07347e-06,2.55524e-05,1.22817e-06,7.53131e-07,3.76885e-06,2.77736e-06,0.00674838,1.0137e-06,1.10257e-05,0.00667963,1.79562e-05,2.88389e-06,3.60861e-05,1.03299e-07,5.60342e-07,2.92681e-10,1.58283e-05,4.14514e-07,4.18382e-06,2.4592e-06,0.00274721,1.42995e-05,7.48237e-06,4.09127e-05,1.77677e-06,1.51768e-05,1.84473e-09,1.3354e-06,6.09414e-05,3.55357e-06,5.281e-07,4.87384e-05,3.14216e-05,4.95542e-05,1.32562e-06,1.6796e-05,1.46202e-05,5.20188e-05,2.4482e-05,5.20494e-06,1.57609e-05,1.13796e-06,5.08246e-05,2.96744e-05,3.21728e-06,3.18598e-05,3.42467e-06,1.50045e-07,1.10542e-05,0.000111722,9.55571e-06,1.29623e-05,2.53656e-05,9.98115e-07,4.19594e-06,1.11505e-05,5.51572e-07,1.98544e-05,3.54794e-07,1.9836e-05,2.15182e-10,6.66825e-05,0.00275574,0.0008068,0.00194479,0.000697797,2.75541e-08,1.4151e-05,0.00280446,7.45664e-07,0.000466602,1.93645e-05,1.53033e-07,3.23018e-06,0.00280796,0.00956189,2.33718e-06,8.63918e-06,6.36911e-06,0.0101553,4.78159e-07,1.96009e-05,4.09511e-07,0.000260038,0.000266201,3.00855e-05,1.20744e-06,4.53957e-05,1.15607e-06,2.19077e-05,3.09278e-05,0.000322689,4.41242e-05,3.13422e-08,2.35317e-06,0.000457032,0.00032057,1.26386e-05,3.92169e-05,1.55776e-05,0.000492601,0.000207166,0.000105156,2.80149e-06,0.000338063,4.14899e-07,6.73274e-06,0.000417403,0.000114098,2.56834e-06,1.78459e-05,4.17458e-06,2.22273e-05,0.000272484,0.000368185,0.000375773,0.000796163,0.00139078,0.000286768,0.00083278,0.000395642,0.000668015,0.00176513,0.000137067
rs77241512,0.0012869,0.000464736,0.000967459,0.0164426,0.00191058,0.00181164,0.00246843,0.00142872,0.000811204,0.00439593,5.80993e-05,0.00648481,0.0161748,3.32702e-05,0.00441921,1.0,0.103636,0.173646,0.243711,0.312848,0.019078,0.00798217,0.0188174,0.294922,0.758435,0.070581,0.243901,0.0127551,0.00386292,0.179122,0.0181437,0.0141918,0.00116397,0.151655,0.00938061,0.0803445,0.000327809,0.00382677,0.000192094,0.0121061,0.000253887,0.00162781,0.00345231,2.55905e-06,2.73838e-05,0.00724692,1.18902e-05,0.00974644,7.49669e-09,7.0397e-07,1.99402e-06,1.03878e-06,9.58466e-06,0.00522526,4.53284e-05,4.07331e-06,2.37865e-05,7.13496e-06,7.3994e-06,2.70363e-05,4.98839e-05,2.81e-06,0.00020985,4.84422e-06,0.00767045,1.47953e-05,2.17293e-05,0.00749477,0.000119275,2.45523e-06,1.13856e-07,6.44209e-07,3.48075e-05,3.29341e-05,3.85055e-06,1.34954e-06,2.59498e-05,9.66318e-06,0.00287009,0.000336419,1.13601e-06,0.00782782,1.20551e-05,3.90685e-05,5.40298e-06,8.33125e-06,0.00276238,3.9324e-05,1.89877e-06,8.82123e-07,1.3281e-06,0.000876365,2.20517e-05,1.19994e-05,2.13363e-05,7.1531e-06,4.17795e-06,1.77208e-05,7.13358e-06,4.03018e-05,0.000798351,4.1974e-06,4.96191e-08,3.40737e-05,3.98416e-06,3.53712e-05,4.0134e-06,0.00116173,0.000300849,0.000270559,4.08669e-06,8.39762e-05,2.35008e-09,7.48221e-05,5.82337e-05,1.47388e-07,7.45982e-05,1.06462e-05,1.27827e-07,1.1564e-05,0.00266709,0.0136323,0.00312629,0.000224956,6.35475e-07,0.00052395,0.00284504,0.000114339,0.000562038,0.000135807,6.66554e-05,5.03635e-05,0.00273663,0.00250942,6.97277e-08,3.43222e-06,4.02628e-06,0.00257957,1.25761e-05,5.67825e-07,2.41674e-06,0.00102395,0.000425615,7.95793e-06,4.13789e-05,3.46008e-05,2.00768e-06,2.06144e-05,2.56227e-06,5.66465e-05,1.10457e-06,0.000539471,4.78898e-05,0.000181022,3.70244e-05,5.06046e-06,0.000687813,1.64115e-07,0.000611091,0.000899946,0.00373681,0.00138703,2.96861e-05,1.70005e-07,4.53906e-05,0.000579692,0.00348542,3.48271e-07,0.000183419,0.00140411,0.00138185,0.000209791,0.000332592,0.00033114,0.00023268,0.000909895,0.00176926,0.00033773,0.00021698,0.0015355,0.00190268,0.0001871
rs9567469,0.00435585,6.4348e-06,9.15595e-05,0.0030659,3.8942e-06,0.00286802,5.24914e-06,0.00211023,0.00731867,0.00237359,0.0055439,0.0102941,0.00106041,0.00562318,0.00129022,0.103636,1.0,0.020494,0.235225,0.304018,0.0204797,0.00761676,0.0108013,0.209527,0.0684038,0.00751523,0.181061,0.00568806,0.00338089,0.152257,0.00103882,0.00171535,0.0273986,0.0337584,0.00581198,0.00428287,0.000220578,3.81561e-05,0.000370488,6.09955e-05,0.0134855,0.00888158,0.0018599,5.63848e-07,1.09395e-05,3.88577e-05,9.78439e-06,0.00102927,7.14438e-06,4.60503e-07,2.49111e-05,4.09831e-06,2.13868e-05,0.0102332,3.33125e-05,2.69126e-08,2.68447e-05,4.00872e-07,2.70184e-06,9.04159e-05,5.08189e-05,8.44379e-07,0.00183299,2.72614e-05,0.000189841,3.87965e-05,8.814e-07,0.000241517,0.000432026,2.06268e-05,6.44419e-07,1.38578e-05,5.13968e-06,2.26536e-05,7.93481e-08,2.53378e-06,2.59714e-06,4.14731e-05,0.00319933,0.000123433,9.17506e-06,0.0202631,2.84316e-05,5.11412e-06,2.50658e-05,2.6853e-06,0.000290383,1.66308e-05,1.76498e-05,7.53836e-06,1.2905e-05,0.00733825,6.58389e-08,7.5756e-06,1.74003e-05,9.83728e-07,4.622e-06,1.0277e-05,1.74849e-08,1.10351e-05,0.00118317,3.10777e-06,1.76377e-06,6.15473e-06,9.74492e-07,9.82562e-06,4.78135e-05,0.00401142,0.00161635,0.00178449,1.02791e-05,1.63186e-06,2.15591e-05,3.41924e-05,3.06451e-05,4.75811e-06,4.0521e-06,8.57993e-07,7.90954e-07,7.60844e-08,0.0031132,0.00240394,0.00238232,0.0070866,1.63242e-06,3.64089e-07,0.0031621,3.96182e-06,0.000537428,0.000151541,6.56241e-05,1.86587e-05,0.00311689,0.0019747,4.7253e-06,1.10262e-05,6.57533e-06,0.00195778,1.51442e-05,1.89996e-05,1.18692e-05,0.00494614,4.04173e-05,6.7075e-05,2.42032e-05,1.68888e-05,3.43719e-06,2.9696e-07,6.82357e-05,0.000426094,5.89052e-06,0.000546972,3.42806e-05,0.00661881,0.000408827,2.74038e-08,2.47813e-05,3.64684e-09,0.00362012,0.00476766,0.00103217,4.99773e-05,0.000410324,5.75797e-07,3.35496e-05,0.00200867,0.0010054,8.58863e-06,0.000161706,5.87162e-05,0.000445262,0.00146088,5.70503e-05,4.72391e-05,3.90629e-06,0.000353868,2.13357e-05,7.55949e-05,0.000211967,0.000186394,5.92445e-05,0.0012661
rs80144442,0.000278907,0.000300188,0.0136778,0.00465689,0.00179626,0.000153083,0.00150193,0.00130629,0.000179365,0.000599088,5.48787e-05,0.00393799,0.00667385,7.00352e-05,0.00021165,0.173646,0.020494,1.0,0.04331,0.0566698,0.00397755,0.00114582,0.0041295,0.0577215,0.15255,0.00118579,0.0526664,0.0024343,0.000790166,0.0371958,0.00709823,0.00295087,0.00158563,0.0567949,0.0015597,0.0501214,4.45287e-05,0.000492891,0.000586807,0.00310498,0.000216832,0.00169304,0.000220198,2.2132e-06,5.13397e-06,0.00214419,1.57614e-05,0.000316248,3.90541e-06,1.20319e-05,0.000137874,4.03964e-07,1.82258e-05,0.00472977,5.72608e-05,7.95748e-07,2.20002e-08,1.73308e-05,4.4217e-05,3.77195e-05,0.000110245,4.49804e-06,7.52498e-05,1.31708e-05,0.000779935,3.25245e-08,1.73073e-05,0.000772471,5.67047e-06,7.6269e-07,5.15994e-05,2.94093e-06,2.14528e-05,2.11351e-05,6.44693e-06,5.07202e-05,5.07488e-05,2.11683e-06,0.000330283,1.93248e-05,8.04189e-08,2.92027e-05,2.17617e-05,1.16093e-06,3.3923e-05,1.06314e-10,0.0128982,1.51692e-05,1.58379e-05,3.09854e-05,1.2868e-05,0.000119131,1.53567e-05,9.52245e-06,4.22979e-05,8.17381e-06,2.46902e-06,1.10164e-05,7.26034e-05,6.12564e-05,2.35708e-05,4.5411e-06,4.39564e-06,7.80918e-05,2.33195e-05,3.94387e-05,2.71563e-06,0.000358849,0.000198676,0.000159235,3.90955e-05,9.06207e-06,7.48735e-06,1.02635e-05,3.17475e-05,2.72046e-05,2.33437e-05,1.85951e-06,6.00537e-06,7.44212e-06,0.000307704,0.00124452,0.00270787,0.00181625,8.02001e-06,9.50089e-05,0.000328665,4.4223e-06,6.628e-05,3.09352e-08,0.00011092,3.88592e-05,0.000295908,0.0159221,1.1971e-07,1.38795e-05,1.0835e-05,0.0161281,2.46238e-05,5.59408e-06,1.35154e-05,0.000169915,8.03256e-06,6.0392e-06,7.79279e-06,3.23636e-07,2.65957e-05,1.46435e-05,1.94432e-06,0.00340531,5.72672e-07,3.503e-05,2.82933e-05,0.00118369,0.00334855,9.02881e-06,1.24976e-06,1.1368e-06,0.00567976,0.00113865,0.000215606,0.000781497,0.00338332,3.90744e-05,1.02244e-05,0.00122992,0.000186317,4.66986e-07,6.93332e-07,0.000815825,0.000981198,0.00171257,0.00161265,0.00158621,0.000589926,1.25965e-05,0.000145622,0.000681838,0.00171866,7.76091e-05,0.00192616,0.000372224
rs2073996,0.0111732,0.000407229,5.47341e-06,0.00428584,0.00018151,0.0100756,0.00385609,0.00164804,0.00393043,0.00339112,0.000171439,0.000310812,0.00592595,0.000182479,0.0106793,0.243711,0.235225,0.04331,1.0,0.771466,0.046341,0.0319638,0.0384479,0.555497,0.222203,0.0187732,0.449878,0.0385197,0.0149572,0.496818,0.0217945,0.0101296,0.0135901,0.0171107,0.00551605,0.0300741,0.000480857,0.000476707,3.26442e-05,0.00499092,0.00805375,0.000993833,0.00184766,1.08091e-05,2.84814e-06,0.00559007,8.91502e-08,0.00257214,1.49085e-06,4.99591e-06,3.24917e-05,1.13258e-05,7.17035e-06,0.0002885,1.10241e-05,3.18772e-07,5.43446e-06,2.65818e-05,2.98364e-06,3.63604e-05,2.58242e-07,9.84373e-06,0.000442948,6.19219e-06,0.00874826,4.34919e-05,3.66234e-06,0.00890923,0.000952579,7.77369e-06,1.17783e-05,1.1594e-05,6.67936e-08,1.56122e-05,1.59688e-05,1.25807e-06,9.4853e-07,3.12288e-05,0.000961348,3.15751e-05,1.76756e-05,7.91617e-07,1.28717e-05,4.12619e-06,1.99645e-05,3.79269e-05,0.000767353,5.95933e-06,4.38405e-06,5.65189e-07,7.55789e-06,0.00192329,8.08061e-06,4.04754e-06,6.21726e-06,2.03236e-06,6.50668e-06,5.65924e-06,1.02495e-05,5.81931e-06,0.00251192,1.59859e-05,3.64519e-06,1.69399e-06,3.30147e-05,1.81479e-06,6.03232e-05,0.00152418,0.000131729,0.000181846,7.59421e-06,1.44433e-05,2.28943e-05,6.43961e-06,5.01399e-09,4.4969e-06,1.69668e-05,2.53847e-05,3.07523e-06,9.63902e-08,0.00091862,0.00431625,0.000473789,0.00489219,1.10439e-05,0.000226252,0.000954423,3.89801e-05,1.75126e-06,0.00063312,4.83949e-05,6.1173e-07,0.000949012,4.81911e-07,5.67953e-08,1.3869e-05,9.40507e-06,8.3096e-07,1.05512e-05,3.16292e-05,1.80807e-05,0.00542954,0.00191376,2.1308e-06,8.30306e-05,1.13334e-05,3.58855e-08,1.9759e-06,2.48467e-05,8.50917e-05,4.1039e-06,0.00221324,1.27783e-05,0.00393551,6.96686e-05,1.75609e-05,0.000430785,6.03733e-07,0.00119442,1.13583e-05,0.00839337,0.00185159,6.08669e-05,1.1507e-05,1.14759e-06,0.00111596,0.0080762,7.13353e-05,0.000742766,0.00182579,8.93989e-05,0.000525245,0.000251884,0.000245842,6.84533e-05,0.000236966,0.000821532,3.77652e-05,0.000318782,0.00217119,6.86869e-06,0.0011814
rs2073997,0.0084455,0.000130419,0.000115238,0.00508551,0.000639058,0.007538,0.00222868,0.000709455,0.000364621,0.0105174,0.000113549,8.93775e-05,0.00790318,0.00013218,0.00820074,0.312848,0.304018,0.0566698,0.771466,1.0,0.0660641,0.0249839,0.0504495,0.718502,0.284098,0.024055,0.601454,0.0283217,0.01162,0.466116,0.0242851,0.0210749,0.0112037,0.0356176,0.0232966,0.0404759,1.76407e-05,6.72801e-05,3.22078e-05,0.00927862,0.0125337,0.00206045,0.00012344,6.26488e-09,1.0089e-06,0.00540223,3.5739e-06,0.003391,1.01193e-05,7.68686e-12,2.16513e-05,3.79853e-06,2.89303e-06,0.00020377,1.10887e-07,1.24386e-06,9.06832e-08,5.6706e-06,6.3456e-06,1.39738e-05,7.51671e-07,5.1636e-07,0.000547158,2.34504e-05,0.00883896,4.31134e-05,6.43046e-06,0.0088988,0.000766464,1.03405e-06,1.89734e-06,1.32017e-06,9.70066e-06,1.65268e-07,6.38528e-07,3.28306e-07,6.66198e-06,2.10279e-06,2.257e-05,9.72782e-06,2.58945e-06,0.00170664,1.05508e-07,9.72188e-06,5.117e-06,1.70478e-05,0.000922028,2.30601e-06,1.14035e-05,3.4996e-06,1.51704e-06,0.00222756,3.01002e-05,1.76256e-07,5.86287e-07,3.11367e-06,3.48509e-07,8.61717e-07,9.6053e-06,3.78571e-06,0.00288785,6.89239e-06,8.58075e-08,6.65285e-06,7.28972e-07,4.24645e-06,8.11984e-05,0.00116436,0.000308764,0.000398314,3.15226e-07,1.29961e-05,1.11823e-05,9.57912e-07,6.86614e-06,2.78428e-06,2.33691e-05,1.75938e-05,1.4882e-06,1.05039e-05,2.86049e-05,0.00708725,0.000100301,0.00752778,1.65853e-06,0.000337164,2.03034e-05,3.1414e-05,0.00147459,0.000532014,4.12746e-06,4.19785e-06,2.33126e-05,2.903e-05,9.74984e-06,5.62603e-07,5.17004e-08,4.21814e-05,1.91798e-07,3.99427e-06,3.66617e-06,0.00785033,0.000916967,1.68069e-05,7.24672e-05,4.26311e-05,2.1908e-07,2.57558e-05,4.97083e-05,0.000254354,5.41679e-06,0.00171677,6.66571e-06,0.00718251,0.000285844,3.72591e-06,0.000654205,1.90494e-06,0.000157241,0.00154326,0.00743415,0.000864035,0.000304007,8.36054e-08,1.04937e-06,0.000397746,0.00709567,1.00136e-05,0.000552424,0.000847703,0.000209378,5.94697e-05,0.000381495,0.000360085,0.000108257,0.000123516,0.00126672,5.74472e-05,0.000487282,0.00181361,0.000665047,0.00154094
rs80201685,0.000690857,0.000229071,0.000325096,0.000176734,0.0066284,0.000843957,0.000890795,0.000739633,0.0290702,0.00862747,1.31512e-05,0.00323006,0.000650063,6.89295e-06,0.000613432,0.019078,0.0204797,0.00397755,0.046341,0.0660641,1.0,0.00150219,0.766583,0.0481615,0.0176251,0.00153415,0.0505552,0.00271307,0.000939708,0.00135772,0.000424442,0.00906341,0.000421339,0.0151549,0.223411,0.00356167,0.00135566,0.000838753,2.56734e-06,0.00306419,0.00234874,0.000786183,0.00437173,2.22076e-05,4.74174e-05,4.33626e-06,1.66347e-05,0.000206519,2.28312e-06,7.54103e-06,6.17416e-06,1.61374e-05,4.19755e-06,1.31021e-05,1.26224e-08,6.47608e-06,3.03166e-05,1.18881e-05,1.96774e-05,1.73027e-08,7.99506e-06,2.63509e-05,5.26263e-05,4.1814e-05,4.24658e-06,2.45138e-06,1.52684e-05,1.09698e-06,2.21912e-05,2.20579e-05,2.44043e-05,1.96506e-06,4.16109e-06,2.93206e-06,2.69642e-05,2.35775e-05,8.51129e-08,4.82543e-06,0.00546629,3.75824e-05,6.736e-07,0.00742834,4.13721e-06,1.04938e-05,3.40634e-06,8.04614e-06,4.56332e-05,1.28038e-06,6.70814e-07,1.66674e-05,3.52613e-05,5.12777e-05,3.92621e-05,3.42334e-06,6.39244e-05,1.16161e-06,7.18498e-07,1.92785e-07,1.55274e-09,8.11074e-06,5.64865e-05,2.41952e-06,3.32786e-06,7.91747e-06,9.66161e-05,1.31165e-08,2.12075e-06,0.000104051,0.000145806,0.00016798,0.000105347,4.14526e-06,3.3545e-06,5.11957e-05,1.83989e-06,1.96256e-08,2.86663e-06,1.74786e-06,1.0431e-06,1.87718e-05,0.00548859,0.00153077,0.000585929,0.0012826,4.55114e-06,6.76676e-05,0.00534802,6.40062e-06,0.00672153,0.010183,0.000109686,1.46821e-08,0.00547602,0.000179536,6.14357e-06,7.09949e-07,1.41651e-05,0.000160747,3.65582e-05,1.39092e-05,1.18306e-05,0.000946412,0.000733926,1.48646e-05,2.74513e-07,1.93735e-05,1.84345e-07,9.54082e-05,2.00534e-05,0.00277562,1.07526e-08,0.00012951,4.6769e-07,0.00214554,0.00280034,9.54532e-06,8.59472e-05,1.87524e-05,0.0020823,0.0059412,0.000117837,0.000745954,0.00280711,3.78575e-05,2.55875e-06,0.000670447,0.000116066,8.5269e-05,3.51824e-05,0.000718772,8.52055e-05,0.000971536,5.87852e-05,5.34825e-05,7.75699e-06,9.5175e-05,0.000155769,1.00664e-06,9.13869e-05,7.48739e-05,0.00349311,0.00012858
rs80344295,0.000931472,0.000231592,0.000220323,0.00173668,0.000681903,0.000477181,0.00121072,0.000253815,0.0017007,0.127572,0.000617976,0.0184485,0.00118815,0.000694219,0.000149257,0.00798217,0.00761676,0.00114582,0.0319638,0.0249839,0.00150219,1.0,0.00167127,0.0217635,0.00838983,0.000688631,0.023119,0.00061263,0.000422545,0.029595,0.00233106,0.000979109,0.000494857,0.0076727,0.000127152,0.00120492,0.000947176,0.000401178,0.000153009,0.0205069,0.00750895,0.001184,0.00192213,8.91395e-06,3.48582e-06,0.000384942,5.91578e-06,0.000145746,1.87864e-06,2.15207e-05,1.77128e-05,2.77235e-05,2.79126e-05,0.000282002,4.31715e-08,1.28651e-05,1.70936e-09,1.53483e-05,3.16114e-06,3.69839e-05,2.28129e-05,3.55114e-07,2.40891e-05,4.9655e-06,0.000219535,8.91394e-07,3.49816e-07,0.000191501,1.70765e-05,3.64537e-05,5.32979e-06,8.61846e-07,1.63066e-05,1.41958e-06,1.4685e-05,1.25977e-05,1.01814e-06,7.6661e-06,0.000975,2.90457e-05,3.58969e-05,0.00224737,2.52304e-07,6.19288e-05,6.16528e-06,3.492e-06,9.87643e-05,7.11892e-07,8.4893e-06,1.01165e-07,1.73098e-05,6.57202e-05,1.45119e-06,2.1046e-05,3.20811e-05,1.68855e-07,1.05392e-08,3.02504e-07,4.66416e-07,2.72498e-05,0.000168073,5.9041e-07,1.43749e-05,1.67906e-06,3.72796e-06,2.07571e-05,2.78946e-05,0.000189787,3.02681e-06,2.22192e-06,4.79995e-09,1.15581e-05,1.09085e-05,3.45016e-07,1.86918e-07,8.67289e-07,1.33655e-05,5.17249e-06,3.48166e-05,1.95145e-05,0.000981024,0.0011258,9.17081e-05,0.000822666,4.28359e-06,1.1789e-05,0.000998569,7.99277e-06,8.52497e-06,4.27012e-05,9.9195e-05,5.72997e-07,0.00098999,0.000146585,5.02253e-06,6.9034e-05,1.43827e-05,0.000118365,4.04558e-05,0.000106307,2.17282e-05,0.000276557,0.000321918,2.94496e-05,4.5041e-05,8.27099e-07,9.27306e-06,5.05792e-08,3.21493e-06,0.00052348,1.064e-07,7.91107e-06,3.91465e-05,0.000551355,0.000549103,3.11877e-05,1.91248e-05,5.79816e-05,6.94622e-06,0.00233261,0.000843009,0.000411425,0.000544528,1.33126e-05,2.69701e-07,0.000183784,0.000798587,5.36747e-05,8.41306e-08,0.00040403,1.94242e-05,0.000484334,2.72127e-05,2.51431e-05,0.00028098,0.000473664,0.000300479,0.000291126,3.13473e-05,0.000531359,0.00143846,3.64637e-05
rs983130,0.000548856,7.06839e-05,0.000447439,3.99478e-06,0.00743468,0.00072835,0.00122314,5.69962e-05,0.0270437,0.00271913,0.000102716,0.00119282,0.000123764,9.70276e-05,0.000559584,0.0188174,0.0108013,0.0041295,0.0384479,0.0504495,0.766583,0.00167127,1.0,0.0633438,0.0249245,0.00201823,0.0662836,0.00329636,0.00102082,0.00420135,0.00351251,0.0100047,0.000326679,0.01976,0.258164,0.00538001,7.94938e-05,0.000618019,2.79175e-05,0.00169666,0.00250983,0.000635061,0.00412839,1.8397e-05,3.30141e-05,4.33995e-06,4.15014e-10,0.000219466,3.44776e-06,3.2081e-05,1.67858e-06,3.19197e-05,5.65953e-06,8.48407e-07,6.37196e-06,1.56304e-06,2.60984e-05,4.41746e-05,2.60097e-05,1.8392e-05,1.45245e-05,3.37628e-05,6.73916e-05,3.61417e-05,3.60275e-07,5.06882e-06,9.23203e-06,5.74587e-08,5.58165e-05,3.08775e-05,1.82872e-05,1.90055e-05,1.45259e-06,8.24879e-06,4.6439e-05,4.5986e-05,2.16426e-06,3.37096e-05,0.00537049,3.19277e-05,1.28854e-05,0.00867474,8.21716e-06,2.03087e-05,2.78492e-06,3.21423e-06,1.03626e-05,5.04759e-06,9.27123e-06,3.44515e-08,5.14902e-05,4.8087e-05,4.06406e-06,1.57766e-05,4.90664e-05,2.02473e-08,6.18847e-07,7.88657e-08,3.25591e-07,3.41711e-06,2.83497e-05,3.04417e-06,3.3749e-07,7.23626e-06,0.000112383,1.38558e-06,2.83796e-06,0.00026847,0.000215199,0.000241499,3.5496e-05,3.27786e-05,6.24805e-08,6.07471e-05,1.67978e-05,1.32691e-06,1.98909e-06,5.62636e-06,1.90027e-06,1.32612e-06,0.00538691,0.00144707,0.00068031,0.00137391,4.84967e-06,8.20299e-05,0.00526284,4.2563e-06,0.00642554,0.0100145,0.000208661,1.02114e-06,0.00539666,0.000247121,2.0038e-05,3.59566e-07,2.27406e-05,0.000234832,8.1976e-05,1.27975e-05,2.59275e-06,0.00101789,0.00137,1.59358e-08,3.455e-06,4.15242e-05,1.27589e-05,7.51378e-06,1.48955e-05,0.00257735,1.51109e-05,0.000153247,3.01052e-06,0.00246556,0.00259311,3.4949e-05,8.28727e-05,1.58167e-05,0.00131913,0.005607,0.000190799,0.000718513,0.00261263,4.7844e-05,2.07113e-07,0.000568304,0.00020606,8.33503e-05,4.45514e-05,0.000706359,0.00010969,0.00122172,2.31434e-06,1.85806e-06,0.00039282,9.24786e-05,0.000834089,0.000318866,1.50456e-05,3.68095e-05,0.00274952,0.000130776
Affx-9225125,0.00618406,1.58208e-06,0.000394832,0.00249634,0.00149095,0.0049139,0.000665831,0.0051315,0.00249155,0.00854785,0.00184808,5.24769e-06,0.00380109,0.00165498,0.00677762,0.294922,0.209527,0.0577215,0.555497,0.718502,0.0481615,0.0217635,0.0633438,1.0,0.370098,0.0292512,0.832947,0.0348249,0.00951169,0.622417,0.0373455,0.0260208,0.0168445,0.0584958,0.0205331,0.0479071,0.000101494,0.00180129,1.76506e-08,0.00581798,0.0146108,0.000242563,3.36387e-05,3.74613e-06,2.0239e-06,0.00335348,1.85547e-08,0.00455313,8.4832e-06,7.99813e-07,7.34432e-06,2.23874e-07,2.16197e-05,0.00123513,2.05873e-05,1.47906e-07,3.75669e-07,2.06092e-05,1.92652e-08,5.51042e-05,5.242e-09,2.30435e-05,0.00060702,3.23517e-05,0.00580984,3.36352e-05,4.18966e-06,0.00593233,0.000731351,1.50851e-05,9.8715e-08,3.63404e-06,1.11196e-05,1.60497e-05,2.47953e-06,2.11722e-06,8.31237e-06,6.88565e-06,7.58991e-05,1.53658e-06,4.6338e-05,0.00277407,3.79296e-05,1.62749e-05,3.84831e-05,2.39923e-05,0.000944886,1.19634e-05,1.74514e-05,6.2036e-07,3.12136e-06,0.00238199,9.90542e-06,6.50211e-08,1.11561e-06,6.87509e-06,3.1558e-05,2.1022e-05,1.12529e-05,2.07777e-05,0.0020788,2.81926e-06,2.61395e-07,5.62259e-07,4.75215e-06,1.64684e-06,2.92152e-05,0.0030881,0.000768014,0.000752444,1.75107e-06,2.56024e-05,3.62149e-05,5.1147e-07,3.97865e-09,5.85783e-06,2.06286e-05,6.52584e-06,4.42061e-09,1.62179e-05,9.03476e-05,0.00669439,0.000117311,0.00945583,3.20054e-06,0.000347403,7.18117e-05,0.000145779,0.00115436,0.000484563,0.000686988,8.1863e-06,7.86641e-05,0.000337423,1.24216e-05,2.64039e-05,3.76717e-07,0.000371267,5.7233e-06,6.19089e-06,1.81087e-07,0.00986268,0.000579375,2.64033e-05,2.41651e-05,1.68109e-05,9.10335e-07,1.89805e-05,2.09134e-05,2.69305e-05,6.86633e-06,0.0015218,2.87735e-06,0.00874536,3.6678e-05,9.00913e-06,0.000807115,5.30896e-06,0.000887093,0.00153249,0.0048167,0.000793456,4.16113e-05,4.865e-07,8.50842e-06,2.34758e-05,0.00467503,1.57054e-05,0.000405813,0.000787711,4.00687e-06,1.33676e-05,5.59312e-05,4.38041e-05,0.000594247,0.00363225,0.00168757,0.000431325,0.000116702,0.0017878,0.00035565,0.00031446
rs60951040,0.00134714,0.000390784,0.000338291,0.0132332,0.000919025,0.00148472,0.00245392,0.000557093,0.000934765,0.00183709,1.15703e-06,0.00283371,0.0109309,1.75627e-10,0.00429544,0.758435,0.0684038,0.15255,0.222203,0.284098,0.0176251,0.00838983,0.0249245,0.370098,1.0,0.0734464,0.322561,0.0137505,0.00417777,0.238544,0.0222687,0.0157505,0.00721317,0.212239,0.0104603,0.138561,0.000255979,0.00399285,0.000403106,0.00881233,5.01218e-05,0.00182642,0.00238149,3.34026e-07,5.1638e-07,0.00392273,4.99971e-06,0.0101876,7.36778e-07,6.47996e-08,1.29411e-06,4.8331e-06,3.73616e-06,0.00436666,1.477e-05,1.41649e-06,4.10292e-05,5.73284e-06,2.325e-06,1.88588e-06,2.52553e-05,6.94926e-06,0.000267463,4.2128e-07,0.00441783,1.58015e-05,2.40527e-05,0.00434375,0.000182466,4.11193e-06,7.14181e-06,2.83228e-06,1.26719e-05,1.72875e-05,1.358e-06,1.96811e-05,1.25038e-05,5.08386e-06,0.00204025,4.76614e-05,7.71704e-09,0.00944623,7.08953e-06,2.35472e-05,5.91369e-07,1.44706e-06,0.00248911,2.23887e-05,1.10687e-05,6.45435e-08,4.61166e-06,0.000863402,2.43311e-05,1.93967e-06,1.19049e-06,2.41638e-06,2.15905e-06,1.04956e-05,1.54232e-05,2.10479e-05,0.000828212,3.54441e-08,4.61456e-07,3.73401e-05,1.31817e-07,3.16844e-05,8.5547e-07,0.000332224,0.000491802,0.00046809,5.84722e-07,2.97749e-05,2.81213e-06,2.54524e-05,6.28132e-05,9.07318e-09,6.98653e-05,8.39882e-06,3.14939e-07,3.73712e-05,0.00189619,0.0163692,0.000611755,0.00130377,8.69984e-09,0.00060657,0.00205903,0.000128105,0.000542648,0.000239525,0.000207804,3.80871e-05,0.00196133,0.00357639,2.99034e-06,5.20615e-07,4.86254e-07,0.00368693,1.55555e-05,2.2724e-07,1.49465e-08,0.00109186,0.00100567,2.50924e-07,2.1601e-05,1.00742e-08,4.20813e-08,3.0079e-05,8.70937e-06,0.000514499,1.25384e-05,0.00056793,6.48485e-06,0.00111983,0.000449055,1.26519e-05,0.000500674,6.68793e-06,0.000475675,0.00175877,0.00474905,0.00147842,0.000422994,2.05695e-05,2.753e-05,0.00101106,0.00455708,2.62782e-06,0.000189917,0.00151031,0.00185498,0.000166325,0.000379592,0.000363321,0.000148637,0.00124356,0.00152085,0.000235293,0.000242168,0.00142275,0.00158659,0.00341154
rs148427969,0.000959869,0.00117762,0.00030065,0.00262299,0.00423143,2.97998e-06,0.000652207,0.000901863,0.00270701,0.000416373,0.00061642,0.00400835,0.00348317,0.000611219,0.000495353,0.070581,0.00751523,0.00118579,0.0187732,0.024055,0.00153415,0.000688631,0.00201823,0.0292512,0.0734464,1.0,0.0272687,0.00100048,0.000306798,0.0211635,0.00382008,0.00155766,0.000858226,0.0357773,0.000736748,0.00185476,0.000118355,0.00034377,0.000111576,0.000228316,0.0018798,0.00152043,0.00571676,1.07592e-05,9.41045e-06,1.933e-05,9.24863e-07,0.000164672,4.16477e-05,4.51929e-06,3.59202e-05,1.82733e-06,1.27867e-06,0.000675746,9.16088e-07,2.57877e-05,7.68698e-07,1.60231e-05,1.05541e-06,1.07238e-05,1.26663e-07,6.17042e-06,6.1305e-07,3.69496e-05,9.20543e-05,4.65074e-06,1.49991e-05,7.67745e-05,1.52587e-05,3.8063e-06,1.36973e-05,2.54398e-05,5.44744e-06,1.8732e-06,2.80058e-05,4.05615e-07,2.34782e-06,1.70781e-05,0.00516016,1.67353e-05,3.78384e-06,0.00089934,3.58051e-08,1.78547e-05,2.10068e-06,3.52223e-05,0.000334211,2.8468e-06,2.45037e-05,1.29433e-06,5.4559e-06,0.000143359,1.36188e-05,1.19744e-05,2.59174e-05,2.26758e-05,6.77958e-07,1.66989e-06,1.15024e-05,1.44165e-05,5.32042e-05,3.15078e-06,7.19732e-06,1.37294e-05,9.24038e-07,3.10857e-06,5.32316e-05,0.000112271,3.63722e-05,2.43142e-05,7.36726e-06,5.03111e-05,9.85172e-06,2.83123e-05,3.46916e-06,8.34736e-09,1.84178e-05,9.05704e-06,1.54072e-05,2.45092e-05,0.0042345,0.00159014,0.000793414,0.000919415,5.15173e-06,1.29644e-05,0.00519013,5.34273e-05,0.000110885,3.4598e-05,5.12369e-05,5.93475e-09,0.00425017,0.000133419,1.22613e-07,3.82506e-05,6.10287e-06,0.000138309,3.15298e-05,4.31268e-06,4.76022e-05,0.000823588,6.95944e-05,4.09439e-05,1.53825e-05,0.00010486,1.89104e-08,8.76238e-07,1.06451e-06,0.00228088,7.98693e-06,2.66983e-05,3.78166e-06,0.000506112,0.00169802,8.35653e-06,1.96079e-05,6.18813e-07,0.000770159,0.00035743,0.000119051,0.00298131,0.00169655,1.36978e-06,3.93099e-06,0.000836351,7.4183e-05,4.37451e-05,2.18916e-05,0.00289532,0.000487265,0.00114164,5.97899e-06,4.67036e-06,1.55851e-05,7.45509e-05,8.42581e-05,1.42785e-05,1.45533e-05,0.000181434,0.00172252,0.00491597
rs206084,0.00595803,0.000304378,0.000338686,0.00201713,0.000929777,0.00523801,0.000646182,0.00496964,0.00323146,0.00630192,0.0016162,3.17635e-05,0.00241836,0.00157335,0.00714521,0.243901,0.181061,0.0526664,0.449878,0.601454,0.0505552,0.023119,0.0662836,0.832947,0.322561,0.0272687,1.0,0.0408119,0.0143185,0.746957,0.0423544,0.0295452,0.0157153,0.0521027,0.0228324,0.0492728,9.75766e-06,0.00219166,4.26671e-05,0.000961077,0.00910845,0.000162665,0.000568658,1.32522e-07,1.79093e-06,1.71295e-06,1.47178e-06,0.00398473,9.74994e-06,1.15021e-05,8.63121e-06,8.56792e-07,2.92015e-06,0.000887132,1.17844e-08,6.27535e-08,1.46907e-06,1.47576e-06,3.35013e-06,6.84251e-06,5.7459e-07,1.37528e-05,0.000573836,6.41472e-05,0.000394789,5.87462e-06,8.20466e-06,0.000372585,0.000702827,2.08806e-05,1.63583e-06,1.48216e-05,2.46054e-07,8.89941e-07,7.68956e-08,3.32853e-06,1.2956e-05,1.76829e-05,0.00138794,1.15133e-05,4.33979e-06,0.00134264,3.05785e-06,3.15826e-05,1.121e-05,5.43588e-07,0.000725264,7.96285e-07,1.07619e-05,3.78105e-06,4.06589e-06,0.00228473,2.99967e-06,3.87976e-06,3.88958e-07,2.91611e-06,3.01325e-06,3.12475e-06,2.9815e-05,3.8754e-07,0.00253036,2.62172e-06,2.50613e-06,8.2746e-06,1.42697e-05,9.01464e-06,3.34268e-05,0.00274622,0.000894319,0.000883073,7.37109e-09,3.32739e-05,8.03371e-07,2.86866e-06,1.3465e-05,2.43301e-08,2.67119e-05,1.74352e-08,2.40064e-06,2.95927e-05,0.0014245,0.00586585,0.00320802,0.00992811,4.23136e-06,0.000378531,0.00134408,9.65928e-05,0.00136197,0.000489226,0.000711106,3.71128e-06,0.00138606,0.000182058,1.74841e-05,1.71804e-07,1.85523e-05,0.000207923,1.37041e-07,9.68999e-06,4.56488e-07,0.00990965,0.00113994,3.04208e-05,3.0624e-06,8.1304e-06,3.2982e-06,2.63884e-05,1.90896e-05,2.69294e-06,1.36694e-05,0.00121304,1.80158e-06,0.00878189,3.79106e-07,1.99254e-07,0.000780297,1.19319e-05,0.00015563,0.00132038,6.57629e-05,0.000617963,9.86693e-08,4.25519e-07,1.02603e-07,1.8443e-05,7.0226e-05,1.46518e-06,0.000472078,0.00061901,3.204e-06,8.94949e-06,0.000629762,0.00060407,2.16485e-05,0.00410078,0.00116466,1.85935e-06,0.000796464,0.00149325,9.33984e-10,0.000563461
rs76594135,0.000538029,0.000163031,0.000260216,0.000467261,0.00105989,0.000795297,0.00141021,0.00482501,0.00230339,8.31094e-05,0.00669884,0.00156525,0.000486848,0.0083234,0.000575783,0.0127551,0.00568806,0.0024343,0.0385197,0.0283217,0.00271307,0.00061263,0.00329636,0.0348249,0.0137505,0.00100048,0.0408119,1.0,0.00042152,0.0526598,0.177608,0.00019655,0.00110706,0.0113156,0.00148387,0.00333733,5.85931e-05,0.000431217,0.000199286,0.000733868,0.000114921,0.000430366,0.00135358,6.48114e-06,2.25288e-05,0.000121269,2.3444e-05,0.000250714,1.74209e-07,2.79633e-05,1.03293e-05,9.45513e-06,2.22832e-05,0.00540791,1.03396e-06,3.75208e-06,1.26603e-05,6.80352e-05,2.93788e-06,3.62368e-06,2.0273e-05,1.92237e-05,1.15945e-05,3.82898e-06,0.000442153,6.21797e-06,8.7529e-06,0.000441154,0.0165652,2.28724e-05,8.23076e-07,1.09271e-05,9.8088e-08,5.0406e-08,3.42354e-05,2.85795e-06,3.16505e-06,3.94832e-05,0.00141556,0.000742915,1.88348e-05,9.49179e-08,1.24569e-06,1.06186e-05,2.79684e-06,2.00339e-07,1.09478e-05,3.56132e-06,9.09196e-06,1.04532e-05,1.40086e-05,3.52113e-05,8.61289e-05,3.21887e-07,3.19248e-05,1.02697e-06,4.03811e-06,7.95105e-06,1.91179e-06,3.72703e-08,0.00032941,7.59292e-07,1.27204e-05,3.22406e-06,0.000106384,2.76235e-07,1.01033e-07,5.13091e-06,2.92424e-05,3.11878e-05,5.15141e-05,8.8471e-06,4.91735e-06,2.27274e-06,7.04553e-06,5.14495e-05,3.02023e-06,1.25646e-10,4.14719e-05,2.72625e-07,0.00139865,0.000704889,0.00108336,0.000564653,8.80873e-06,6.04778e-06,0.00146007,1.74446e-05,8.39839e-05,5.63228e-05,7.93808e-05,6.38048e-07,0.00140258,3.35884e-05,9.58935e-07,6.31057e-05,5.44863e-05,2.94044e-05,3.29706e-05,1.51286e-06,2.12158e-05,0.000713681,0.00785685,9.29982e-06,1.07851e-05,3.72525e-06,3.41321e-07,9.93683e-05,3.08164e-07,0.00386806,1.59601e-05,0.0296798,9.66467e-05,0.000790287,0.0037736,6.661e-05,6.37303e-05,2.54317e-05,0.0164704,0.00427658,3.67176e-05,0.000919313,0.00374722,4.25435e-05,1.35567e-05,0.000265255,5.19797e-05,4.60955e-05,1.81834e-06,0.000910995,0.000240912,9.51734e-06,0.000903854,0.000878034,0.000470158,0.000198723,1.94105e-05,0.00016134,0.000348167,4.62167e-05,0.00119704,9.5756e-05
rs117274102,0.000112629,0.000455641,2.39165e-05,3.05203e-05,0.00256581,1.84852e-05,0.000645061,0.000433122,0.00118836,0.000139925,0.000888676,0.0121426,3.66066e-05,0.00107494,1.39276e-06,0.00386292,0.00338089,0.000790166,0.0149572,0.01162,0.000939708,0.000422545,0.00102082,0.00951169,0.00417777,0.000306798,0.0143185,0.00042152,1.0,0.0108464,0.00121711,0.000467342,0.000360814,0.00494277,0.000279483,0.0014134,0.0015246,0.000319799,0.00012381,0.00145737,0.00189544,0.000685313,0.000262748,2.4565e-05,1.35025e-05,0.00184376,8.09528e-05,0.000106832,9.31238e-06,2.39955e-06,6.60387e-06,1.98014e-05,2.0262e-05,0.000720267,1.69771e-05,3.11983e-08,4.47292e-07,8.09089e-07,4.82308e-06,8.30513e-06,5.84623e-06,3.26633e-05,7.11845e-06,9.35772e-06,0.00100348,6.5413e-06,5.6315e-05,0.00118727,7.88602e-06,1.97781e-06,1.94737e-05,3.26405e-05,5.01896e-05,3.69882e-05,6.68091e-07,3.43367e-05,1.24512e-05,3.1943e-06,0.000138817,1.27367e-07,4.45951e-05,0.00103682,0.000120626,2.39434e-07,3.59693e-05,4.58235e-05,2.51185e-05,6.51847e-05,4.58997e-06,2.51197e-05,2.63464e-07,2.48437e-05,2.62732e-05,1.36558e-06,3.20975e-05,4.58193e-06,2.36689e-05,0.000179716,5.86012e-06,5.8182e-05,0.000259022,6.52259e-08,4.41903e-07,2.80472e-05,5.19824e-07,1.09475e-05,7.90094e-06,8.90859e-05,0.000133346,0.000139299,3.83524e-06,3.41081e-06,2.48986e-07,7.85477e-06,1.94204e-05,1.65622e-06,3.83842e-06,3.93406e-05,6.66132e-06,1.73488e-06,0.000126764,0.000222538,0.000312103,0.000125299,1.105e-05,3.26355e-07,0.000125963,6.16787e-08,2.06295e-06,1.02505e-05,1.42791e-05,0.000105684,0.000131513,5.43018e-05,1.19582e-05,1.74008e-05,1.04779e-05,5.19113e-05,1.23428e-06,1.85092e-06,5.41201e-06,0.00020472,0.000217941,3.98885e-06,3.45129e-08,1.09544e-06,6.39228e-05,4.51497e-06,1.16591e-05,9.73375e-07,3.68805e-08,7.67627e-05,1.35477e-05,9.82771e-05,3.91333e-07,3.29287e-06,2.23938e-05,3.18983e-07,0.00534003,0.000176089,0.00019673,1.44721e-05,7.08181e-07,3.46718e-05,5.86665e-05,0.000111799,0.000201286,2.38033e-07,3.3006e-05,1.69727e-05,0.00107543,4.50188e-06,8.0251e-05,6.72357e-05,0.000441409,0.000155011,0.000358314,0.0004107,5.89943e-05,5.34658e-05,2.99755e-05,0.000101869
rs12877839,0.00498762,0.00465918,0.000252025,0.00100175,0.0014657,0.0068445,0.00205367,0.0073601,0.00363249,0.00311123,0.00276918,3.34195e-06,0.000847993,0.00263823,0.00909513,0.179122,0.152257,0.0371958,0.496818,0.466116,0.00135772,0.029595,0.00420135,0.622417,0.238544,0.0211635,0.746957,0.0526598,0.0108464,1.0,0.0544503,0.0434856,0.0114833,0.0309938,0.0112555,0.0399716,0.000266463,0.00144064,0.000782533,0.00295516,0.00744415,0.000144866,0.00057102,2.24388e-07,2.49727e-06,1.37461e-05,1.10706e-06,0.00510521,3.01538e-06,2.41599e-07,2.60213e-06,1.39793e-05,3.55569e-06,0.000119406,4.772e-06,1.10118e-06,9.6965e-07,3.14501e-05,2.34594e-07,1.79107e-05,2.29896e-06,5.4001e-05,0.000473383,4.55456e-05,0.000763537,2.89698e-07,3.69144e-06,0.000766647,0.000903463,2.65204e-05,3.3964e-07,5.08729e-05,4.9359e-08,5.31044e-07,1.47894e-05,1.07567e-06,4.61361e-06,5.40921e-05,0.00122864,2.02623e-05,2.42109e-05,0.000534139,9.93334e-06,3.22505e-05,5.66412e-06,1.23727e-05,0.000650547,2.32332e-07,1.16387e-05,7.88931e-06,2.85736e-06,0.00185931,5.71933e-08,1.55317e-06,1.19704e-05,9.53663e-08,1.146e-05,9.23939e-06,3.56953e-05,5.57841e-06,0.00224111,8.25528e-07,4.45912e-06,9.06462e-06,4.23086e-06,4.42564e-07,1.08907e-05,0.000605319,0.00137685,0.00143156,1.84255e-06,2.87575e-05,8.46335e-06,2.33044e-06,7.1999e-10,8.8709e-08,3.80948e-05,1.32971e-06,6.24562e-06,3.92264e-05,0.00127134,0.00371566,0.00184968,0.00788268,1.85549e-07,0.000307747,0.00121161,8.31783e-05,3.45596e-05,0.000618839,0.00119284,3.60656e-07,0.00124317,6.66619e-05,2.41102e-06,4.22425e-06,7.64073e-07,8.35786e-05,3.05212e-05,2.93698e-05,7.73126e-08,0.00853721,3.26258e-06,2.13024e-05,2.08517e-06,3.4965e-06,2.81799e-05,7.31185e-06,1.36223e-05,5.37955e-05,1.51467e-05,0.00161328,5.37967e-05,0.00589737,6.97305e-05,1.66661e-05,0.000580686,4.19541e-06,0.000947387,0.000118731,0.000432372,0.0013557,7.09319e-05,6.31272e-06,6.36339e-08,8.97064e-05,0.000434873,2.71301e-05,0.000579749,0.00134442,0.00142197,0.000211539,0.0014807,0.00142911,5.94227e-05,0.000553406,0.00102826,0.000103388,0.00162455,0.00201105,0.000238896,0.000256833
rs17635503,0.000569516,0.00274799,0.00124115,0.000129428,0.000568326,0.00222308,0.000917293,0.000592331,0.00365875,0.000634619,0.000598683,0.000408735,0.000246454,0.000929105,0.0161744,0.0181437,0.00103882,0.00709823,0.0217945,0.0242851,0.000424442,0.00233106,0.00351251,0.0373455,0.0222687,0.00382008,0.0423544,0.177608,0.00121711,0.0544503,1.0,0.357414,0.00490147,0.0649695,0.00639819,0.0152843,2.9595e-05,0.00135223,0.00278277,0.00548416,0.00262351,0.000316955,0.0004196,4.43689e-06,3.79222e-06,0.00290961,2.61952e-06,0.000770807,4.09181e-05,2.89739e-06,1.17812e-05,4.99099e-06,1.89787e-06,0.000339342,9.46436e-11,2.10543e-05,5.5125e-06,1.73785e-06,1.32562e-05,3.27912e-06,6.94774e-08,8.14398e-08,7.32576e-05,7.0895e-06,0.00400796,3.21952e-07,3.10519e-05,0.00405241,0.00496237,1.34557e-05,5.46942e-06,7.14175e-08,1.32148e-07,7.72356e-07,6.40669e-06,1.91681e-05,1.69326e-07,5.1181e-06,0.000517861,0.000357141,3.48919e-06,0.00662687,4.72375e-07,2.67733e-06,4.50681e-06,1.30392e-06,0.000304749,2.81476e-06,2.09673e-06,4.92496e-06,9.25894e-06,0.000387471,1.53547e-05,1.66244e-06,3.22438e-05,4.94835e-06,1.34319e-05,6.13637e-06,3.31639e-07,2.51345e-06,0.00981205,1.65221e-05,1.50469e-05,8.47602e-05,5.47578e-07,4.76921e-07,4.62886e-07,0.00271352,0.000404008,0.00043445,2.12095e-05,3.47888e-08,1.65482e-06,9.80593e-06,4.32445e-07,2.39093e-05,8.62611e-08,6.95072e-06,1.35549e-05,5.04952e-05,0.000547196,0.000659511,0.00160038,0.000132038,5.44701e-06,5.04349e-05,0.000500925,3.83119e-06,4.35396e-05,0.00015516,0.000249007,1.83665e-09,0.00055034,3.71504e-05,8.79032e-05,1.74391e-05,1.06873e-06,5.05945e-05,1.45046e-06,9.76184e-06,7.90061e-06,0.00236174,0.00103233,1.00976e-05,4.22227e-06,3.88717e-06,4.7306e-06,7.74877e-06,1.80606e-05,0.00246734,3.03498e-05,0.00850119,1.81925e-05,0.00413873,0.0025413,1.42547e-06,3.63675e-05,6.60094e-11,0.00968639,0.000974143,0.000150768,6.1739e-07,0.00251742,1.16171e-06,3.13867e-05,2.68178e-06,0.000155951,4.16774e-06,8.64991e-05,4.97475e-07,0.000269401,0.000244528,0.00437524,0.00430847,0.00499397,0.0010009,0.000515164,0.0045332,0.00375483,0.000674211,0.000973687,0.000338966
rs17592921,0.00318326,0.0024621,3.21965e-07,0.000752178,5.94002e-07,0.00114564,0.00923612,3.22075e-08,0.00320245,0.000797725,0.000330222,0.000257309,0.00402744,0.000252589,0.000107139,0.0141918,0.00171535,0.00295087,0.0101296,0.0210749,0.00906341,0.000979109,0.0100047,0.0260208,0.0157505,0.00155766,0.0295452,0.00019655,0.000467342,0.0434856,0.357414,1.0,0.00181042,0.0255665,0.00260304,0.00539895,0.000602206,0.00105283,0.000585479,0.0145436,0.00120869,2.46164e-05,0.00189738,3.50853e-05,1.86176e-07,0.000916262,6.44343e-06,0.000206161,1.99114e-05,2.19347e-05,7.62964e-07,2.58683e-06,1.58877e-05,1.29375e-05,4.17625e-05,5.96718e-07,3.91116e-05,1.04367e-05,1.73015e-06,9.72537e-06,1.48036e-06,3.65115e-06,8.2212e-05,1.86453e-05,0.000652347,1.35281e-06,2.43073e-07,0.000645113,1.84773e-05,1.19641e-05,3.70541e-06,4.28941e-06,5.93563e-06,1.4121e-05,1.37934e-05,8.34928e-07,2.59184e-05,8.8268e-06,0.00275575,8.2326e-05,2.43613e-05,0.00434999,1.0016e-05,1.44024e-06,3.62236e-05,5.65249e-06,0.000102474,9.9732e-06,2.54301e-05,2.40617e-05,4.934e-06,0.00017774,4.01055e-06,2.05028e-06,1.85492e-05,1.50547e-05,5.51915e-07,4.68703e-05,6.61982e-07,2.80642e-05,0.0047032,3.1657e-05,3.17558e-07,7.29226e-06,1.68497e-05,2.84579e-05,2.81131e-06,0.00951241,0.000180867,0.000191268,4.65482e-07,7.14486e-06,1.50201e-05,9.42609e-06,2.40024e-05,1.18584e-05,6.59813e-06,2.78061e-08,2.5082e-07,4.84569e-06,0.00284756,0.00133097,6.45579e-05,0.000236078,4.46812e-05,2.79854e-05,0.00279399,4.28729e-06,3.34097e-05,5.70437e-05,0.000156295,1.87594e-05,0.00283902,0.000307113,8.34597e-05,3.07797e-05,2.73059e-05,0.000283155,1.26044e-05,6.09619e-07,1.20915e-05,0.000815493,0.00102299,7.56475e-05,1.84679e-05,7.58044e-07,4.74791e-09,5.92381e-06,6.69186e-10,0.00291555,4.38331e-06,8.16653e-05,1.21574e-07,0.00122627,0.00293497,2.65692e-05,7.1122e-05,2.87701e-06,1.64327e-05,0.00462816,0.00129772,0.00204257,0.00294556,1.75979e-05,4.58807e-05,0.000175906,0.00129501,6.65375e-10,6.07244e-05,0.00202562,1.46257e-06,0.00157199,0.00184718,0.00192289,0.00325807,0.000337905,0.000856459,0.00357207,0.00217572,0.000338809,0.00217209,0.000159113
rs76324799,0.000563289,0.00108576,3.27388e-05,0.00710982,0.00113863,0.000432852,0.0246629,0.00103376,0.00114988,8.00378e-05,0.00108777,0.00114581,3.91467e-06,0.000624889,0.000394803,0.00116397,0.0273986,0.00158563,0.0135901,0.0112037,0.000421339,0.000494857,0.000326679,0.0168445,0.00721317,0.000858226,0.0157153,0.00110706,0.000360814,0.0114833,0.00490147,0.00181042,1.0,0.0112428,0.00086359,0.00373759,0.0251576,0.000421513,0.000267173,0.00221959,0.000170272,0.0202765,0.000765602,2.03527e-07,4.14642e-06,0.00113915,2.3708e-06,5.23135e-05,3.59281e-06,4.21534e-06,1.19959e-06,6.51549e-07,1.33831e-06,0.00459175,2.56764e-06,5.50874e-05,2.05422e-06,2.47586e-05,2.29541e-06,5.63473e-06,1.47083e-06,3.06143e-05,5.17196e-05,4.988e-06,0.00100888,8.18333e-05,6.76193e-06,0.00103036,1.16532e-05,6.80272e-07,2.77095e-05,6.48242e-06,2.18272e-05,4.08174e-06,1.85779e-05,3.27465e-06,4.75419e-06,3.11117e-07,0.000794716,7.56689e-06,7.95923e-07,4.01111e-05,3.25136e-07,1.35902e-06,4.39929e-06,1.13697e-05,5.90058e-05,5.47549e-06,2.5658e-05,1.74142e-05,3.46503e-05,7.68753e-05,1.45538e-06,1.45728e-05,4.29076e-08,4.83581e-05,2.34942e-06,6.97578e-08,3.03263e-06,6.29348e-06,3.34998e-05,7.47275e-07,8.60012e-08,1.84595e-05,1.3231e-05,7.03826e-07,7.75896e-06,9.43015e-05,5.19143e-05,7.5986e-05,1.28468e-06,3.73471e-05,1.5476e-05,6.77241e-06,1.06692e-06,8.47586e-07,2.35258e-07,2.73734e-08,1.96852e-05,5.07261e-07,0.000791087,0.000679008,0.0157989,0.0441083,2.4755e-05,0.000464619,0.0007961,1.50355e-05,3.20413e-05,0.0263713,4.9532e-05,5.79367e-06,0.000783634,0.000390485,1.01312e-06,1.34308e-06,3.26801e-06,0.000381321,3.71061e-05,3.65936e-06,4.38282e-08,0.135614,0.000563999,1.20582e-05,6.50549e-06,3.46237e-05,1.74213e-07,2.0709e-06,5.50211e-06,0.0045051,1.54309e-07,6.38352e-05,3.1965e-05,0.0621862,0.00451276,3.51052e-05,2.8235e-05,2.06599e-06,0.00109332,0.000966495,0.000197921,0.000641131,0.00444845,2.80748e-10,6.95363e-06,0.000147109,0.000202409,5.47735e-06,4.66594e-05,0.000604187,0.00460905,0.000846403,0.0013751,0.0014288,0.00175168,4.97602e-06,0.0103696,0.00169967,0.0015273,0.00696759,0.000544009,0.000260248
rs10492393,7.97168e-07,0.000315003,0.000241502,0.00391137,1.01429e-08,0.0206129,1.64343e-05,0.000982468,0.00117887,0.00119686,0.000660242,0.00120885,0.00140241,0.000426054,0.00363617,0.151655,0.0337584,0.0567949,0.0171107,0.0356176,0.0151549,0.0076727,0.01976,0.0584958,0.212239,0.0357773,0.0521027,0.0113156,0.00494277,0.0309938,0.0649695,0.0255665,0.0112428,1.0,0.0122729,0.259528,0.00600406,0.000197657,0.000110727,0.00462146,0.00650768,0.00253103,0.00046063,0.000105796,4.06482e-05,0.000285961,3.07768e-07,0.00133793,5.63143e-06,3.38264e-06,5.98424e-07,6.43649e-07,7.24777e-06,0.00171463,1.48099e-10,4.53339e-07,3.30726e-06,2.93633e-05,2.14425e-07,9.11545e-06,2.36275e-06,1.26377e-05,0.000260291,3.10823e-06,0.000164177,2.10319e-05,6.84257e-06,0.000176014,0.000270004,7.61013e-09,2.18816e-06,3.34545e-07,7.28848e-06,5.25362e-06,1.92039e-05,2.32932e-05,3.36295e-09,1.11984e-07,0.000399643,0.000261681,6.77577e-06,0.000134821,6.44245e-07,6.24441e-07,2.47745e-06,1.86744e-07,0.00300101,8.847e-06,1.1458e-05,5.58936e-06,1.32167e-05,0.00103657,7.93873e-07,1.50119e-06,4.47795e-06,2.67934e-05,4.05541e-06,1.82308e-06,2.04658e-06,2.74151e-06,0.000497638,3.09822e-06,6.51879e-06,2.5604e-05,1.64728e-05,8.53471e-07,2.06801e-05,0.000231695,0.00047539,0.000511508,6.84625e-06,3.21159e-05,2.2468e-06,2.09479e-05,2.3159e-07,2.24049e-05,4.07421e-06,2.71463e-06,2.35635e-06,5.63199e-06,0.000343122,0.0171727,0.000570701,0.000373413,4.98585e-09,0.000236797,0.000425829,6.83257e-05,0.000755752,0.000210148,0.000292202,1.48178e-05,0.00035193,0.00348788,3.24608e-06,7.12158e-07,1.36379e-05,0.00352577,7.43302e-05,6.48112e-06,1.03763e-06,0.00105369,0.000424173,2.51724e-07,4.82452e-05,1.26933e-05,1.46998e-06,1.70931e-05,3.47494e-05,0.00133908,9.65455e-07,0.000645219,9.02638e-05,0.00300718,0.00122642,2.4148e-05,0.000246394,6.05082e-06,0.00768791,0.00374647,0.00380524,0.00229037,0.00121181,6.95334e-05,7.4262e-06,0.00273883,0.00353807,1.33703e-05,0.00016673,0.00234115,0.00156924,0.0071733,3.74397e-05,3.82568e-05,0.00014577,0.000559706,0.000576196,6.82054e-05,0.00010599,3.46898e-05,0.000165348,7.37939e-05
rs2078326,5.30995e-05,0.00216286,4.47238e-05,0.000773928,2.81481e-05,0.000190744,0.000387491,0.000558803,0.000129244,0.00267026,1.43911e-05,0.00144521,0.00209099,3.65322e-06,0.000214506,0.00938061,0.00581198,0.0015597,0.00551605,0.0232966,0.223411,0.000127152,0.258164,0.0205331,0.0104603,0.000736748,0.0228324,0.00148387,0.000279483,0.0112555,0.00639819,0.00260304,0.00086359,0.0122729,1.0,0.00416343,0.00493342,0.00208154,0.000637825,0.000820962,0.00537957,0.00235945,0.000210356,2.40669e-05,8.38382e-06,0.00058258,5.73034e-06,0.000103024,3.78255e-05,4.46391e-05,7.478e-06,4.70633e-05,2.07165e-06,0.00898003,9.8837e-07,5.20028e-05,6.50457e-07,9.70737e-05,3.60932e-05,1.89183e-05,8.85075e-06,2.16463e-05,4.49464e-05,5.05518e-06,0.000460534,8.97344e-06,2.85966e-06,0.000499222,6.63999e-05,3.90849e-06,1.34505e-05,7.82109e-05,2.06344e-05,2.73379e-06,2.32121e-05,6.44688e-05,8.901e-06,7.64223e-06,3.13403e-05,2.80192e-05,1.05541e-05,0.00398437,6.70086e-06,6.15176e-05,1.0257e-11,8.4617e-06,5.0645e-06,1.78884e-06,7.18986e-06,6.20881e-06,6.82503e-05,4.5573e-05,1.42299e-05,2.16254e-05,4.36378e-05,3.09023e-06,7.39942e-08,8.57167e-08,1.19507e-06,1.10372e-08,0.000486367,4.32896e-06,5.89283e-06,4.5852e-06,7.65069e-05,3.63507e-06,3.20461e-06,0.000128491,3.14181e-05,5.00635e-05,3.10168e-06,7.60405e-08,1.39656e-07,1.21822e-05,7.02381e-06,2.28036e-05,1.04927e-06,8.15575e-06,1.45017e-05,8.01289e-08,3.57003e-05,0.000890605,0.00232167,0.00194004,1.25625e-05,2.79737e-05,2.88973e-05,5.83457e-06,0.0447447,5.01534e-06,9.02444e-05,7.62494e-06,3.72134e-05,0.000183117,2.29432e-05,8.82406e-07,7.36044e-05,0.000175653,6.76184e-05,8.61267e-06,9.93259e-07,0.000667933,0.000747398,6.34526e-05,1.04825e-09,2.37344e-05,1.04357e-07,2.71583e-05,2.08692e-07,0.0010321,1.75512e-05,6.35099e-05,8.41401e-07,0.00142748,0.000996969,2.84482e-05,1.45297e-05,5.91896e-06,0.000919217,0.00387228,0.000437688,0.000368151,0.000962966,5.80706e-08,4.08351e-07,0.000980395,0.000428317,3.66917e-05,1.82188e-05,0.000369211,0.00371892,0.000785309,7.06975e-06,8.88726e-06,5.97306e-05,1.15921e-06,0.000195705,7.13532e-05,1.96959e-06,0.000786571,0.0021411,0.000355697
rs9534076,8.41785e-05,0.000909135,0.000336826,0.000250282,0.000128206,0.000961022,4.06558e-05,0.000361183,8.48233e-07,0.000219033,0.000517432,0.000404248,5.91776e-05,0.000568985,0.000254736,0.0803445,0.00428287,0.0501214,0.0300741,0.0404759,0.00356167,0.00120492,0.00538001,0.0479071,0.138561,0.00185476,0.0492728,0.00333733,0.0014134,0.0399716,0.0152843,0.00539895,0.00373759,0.259528,0.00416343,1.0,0.0245953,0.00251463,2.2931e-06,0.000547295,0.0031425,0.00478168,0.00643855,7.16386e-05,3.05101e-05,0.00394589,1.65189e-05,0.00060551,2.69003e-07,4.75033e-07,3.29524e-05,4.45119e-07,4.03377e-09,0.00435215,2.76099e-06,9.43603e-06,1.6742e-05,4.88715e-06,5.82203e-06,5.2611e-06,1.83966e-05,1.13268e-05,9.26814e-05,7.97039e-06,0.00301637,7.42053e-06,1.38185e-07,0.00311235,0.000156847,9.68124e-09,4.68961e-06,1.91824e-05,1.30673e-06,5.915e-08,2.10927e-06,1.22103e-05,8.45585e-07,5.51355e-06,0.00624935,0.000143298,2.87005e-08,0.00233794,1.40652e-08,1.51544e-05,1.15269e-07,7.34831e-07,0.00578366,1.15553e-06,5.53429e-06,4.18831e-05,1.50292e-06,0.000328161,2.75207e-05,1.84954e-08,7.63096e-06,1.42003e-06,2.3046e-06,1.04696e-05,1.56987e-05,3.57214e-07,0.000942608,5.40728e-07,4.02715e-06,4.18712e-06,4.69539e-07,4.23167e-06,1.40656e-07,1.68541e-05,0.000154828,0.000183626,1.01026e-05,2.15351e-05,3.72659e-06,2.35854e-07,2.17731e-07,5.14026e-06,6.037e-09,2.01624e-06,9.50666e-10,2.40143e-07,0.00636109,0.0645988,0.0011466,0.000159989,3.98557e-05,0.000103334,0.00632154,4.53693e-05,0.000464426,0.000116078,2.68438e-05,7.83144e-06,0.00641511,0.00878221,7.20535e-06,1.42618e-05,3.22706e-06,0.00896817,1.46602e-05,3.1747e-08,1.06651e-07,0.000803589,0.000544,6.70549e-05,2.1627e-05,3.5049e-06,4.38133e-05,3.92193e-06,2.50901e-05,0.010341,5.87924e-06,0.000102811,0.000124119,0.000107004,0.0104533,1.88069e-08,0.000162211,8.09146e-06,0.0038234,0.00959007,0.00207254,0.00183707,0.0104404,2.64066e-05,1.19827e-06,0.00348516,0.00191883,6.94569e-06,3.65478e-05,0.00184362,0.000133947,0.0106492,0.00126727,0.00127914,0.00174449,0.00113469,0.000274394,0.00189738,0.00142982,0.000383762,0.00205921,0.00196851
rs9595279,0.00289406,0.000645288,0.000972954,0.00144549,0.000413716,0.00295986,0.00232445,0.000433984,5.01356e-05,0.000384874,0.0026701,0.000142761,0.0022913,0.0022895,0.000797408,0.000327809,0.000220578,4.45287e-05,0.000480857,1.76407e-05,0.00135566,0.000947176,7.94938e-05,0.000101494,0.000255979,0.000118355,9.75766e-06,5.85931e-05,0.0015246,0.000266463,2.9595e-05,0.000602206,0.0251576,0.00600406,0.00493342,0.0245953,1.0,0.00598497,0.00497125,0.0266095,0.123548,0.0307829,0.0365085,1.35792e-05,1.93917e-05,0.0102447,6.33006e-05,0.00133971,1.7896e-05,3.00393e-08,3.41276e-05,7.53442e-08,4.56191e-09,0.0425827,1.1145e-05,4.32528e-05,3.24752e-05,6.92965e-07,1.91722e-05,4.58356e-06,4.41556e-06,2.73735e-05,0.000412411,9.28466e-06,0.00783633,1.03363e-05,4.23783e-05,0.00801433,0.000325383,1.13062e-06,3.76923e-06,6.76317e-06,4.05801e-05,5.62799e-06,5.06726e-06,6.47543e-06,8.82856e-06,4.50222e-05,0.040762,0.00152319,2.322e-06,0.00670057,4.21157e-05,6.28527e-06,4.06883e-06,2.29214e-05,0.000462027,5.47964e-06,1.62559e-05,1.08042e-05,7.45024e-07,0.000983271,3.47931e-07,1.24021e-05,2.14125e-05,1.97833e-05,1.86426e-06,2.38351e-05,9.37536e-08,2.00377e-05,0.00234804,3.6005e-06,6.93489e-07,1.00359e-05,9.98923e-06,6.45875e-07,2.08554e-06,0.000956624,0.00672295,0.00694319,2.75938e-05,4.68575e-05,4.12256e-06,8.99322e-09,1.11105e-06,3.06178e-08,3.2121e-05,2.1924e-08,4.63615e-06,1.21961e-05,0.0406667,0.0135949,0.00385763,0.0333784,1.20293e-06,0.00119448,0.0410599,1.25359e-06,0.00034269,0.00245356,0.000286915,1.45887e-05,0.0406052,5.50282e-05,6.2016e-06,3.42184e-07,3.04998e-06,5.65225e-05,3.74799e-10,8.8161e-06,2.49839e-05,0.0400759,0.00744299,2.75321e-05,1.11931e-05,6.45765e-07,7.19253e-06,4.80033e-05,1.87654e-05,0.0229471,1.19247e-05,0.000545429,7.9878e-06,0.0413707,0.0227278,5.74135e-06,0.00294012,7.78453e-05,0.0256847,0.00553415,0.00502238,0.0343358,0.022705,2.00139e-06,4.19623e-05,0.00891708,0.0049701,1.56412e-06,0.00148937,0.0342472,0.0214327,0.0110992,0.0014,0.00138843,0.0129936,0.000482123,0.0132129,0.0159955,0.0027671,0.00746302,0.0216974,0.00113549
rs9567539,4.41889e-05,0.000714031,0.000183984,0.00119288,0.000258025,0.000176756,0.000149749,0.00211254,0.000467615,0.00345428,0.00319993,9.83723e-05,0.00133437,0.00319939,0.000279869,0.00382677,3.81561e-05,0.000492891,0.000476707,6.72801e-05,0.000838753,0.000401178,0.000618019,0.00180129,0.00399285,0.00034377,0.00219166,0.000431217,0.000319799,0.00144064,0.00135223,0.00105283,0.000421513,0.000197657,0.00208154,0.00251463,0.00598497,1.0,0.000441368,0.00283848,0.020581,0.0028343,0.0246854,4.93057e-06,4.51375e-07,0.00191375,7.69923e-06,8.80189e-05,3.14507e-08,7.86136e-05,1.53453e-05,7.42784e-06,1.84904e-05,0.00413349,5.73089e-07,7.50449e-06,1.14769e-06,0.000107566,3.01916e-06,1.15622e-06,9.54485e-07,4.25895e-05,4.73078e-05,8.33608e-06,0.0019974,4.12092e-06,2.40965e-06,0.00203102,2.79626e-06,1.17092e-08,1.50143e-06,1.39051e-05,1.42256e-06,2.51664e-06,1.95633e-05,3.85709e-06,3.85423e-08,3.68818e-06,0.0248815,2.31425e-05,1.50772e-05,0.00361583,3.51037e-07,7.89125e-06,2.69085e-06,9.47483e-05,6.10233e-05,1.72862e-09,1.26383e-06,0.000135453,4.45705e-05,7.75404e-07,1.33231e-07,4.39e-08,2.98141e-06,8.42269e-06,1.83752e-05,1.79513e-07,4.40006e-06,2.72755e-06,0.000126369,1.01653e-05,8.67019e-07,2.2628e-06,0.000116536,8.12706e-10,6.80205e-06,0.000159023,3.31311e-06,2.18093e-06,1.04529e-05,0.000299636,5.95244e-06,3.28393e-05,4.32967e-07,1.39008e-05,4.83543e-05,2.03819e-06,1.11413e-05,1.10578e-09,0.0251723,0.0487104,0.00384117,0.00150475,4.31912e-05,2.67279e-05,0.0247898,4.50534e-06,0.000139961,1.77425e-05,9.6864e-05,3.65265e-06,0.0249318,0.000125659,2.11095e-05,1.24564e-08,0.000113483,0.000131759,3.04921e-05,5.55843e-06,1.68185e-05,0.000401009,0.000415324,8.77169e-09,6.27897e-06,3.81556e-06,3.76134e-06,3.74806e-07,2.77813e-07,0.0108938,6.8709e-07,0.000123749,4.03071e-06,0.00109807,0.011023,1.87453e-05,4.58955e-05,2.5915e-05,0.001435,0.00681134,0.000946653,0.000257306,0.0110764,3.38654e-07,1.18477e-05,0.000997601,0.00085468,2.77752e-05,6.96952e-06,0.000253344,0.00431798,0.00537313,3.37026e-05,3.3599e-05,0.00124461,0.000334662,0.00170227,0.00132725,6.28226e-05,0.00208699,0.00296766,0.000158863
rs76221516,0.000165408,0.000169952,2.08285e-06,0.00078736,1.44271e-05,4.92011e-08,0.000245605,2.3148e-05,7.32971e-05,0.00010148,0.000362674,6.79901e-05,0.000467962,0.000349518,0.000180674,0.000192094,0.000370488,0.000586807,3.26442e-05,3.22078e-05,2.56734e-06,0.000153009,2.79175e-05,1.76506e-08,0.000403106,0.000111576,4.26671e-05,0.000199286,0.00012381,0.000782533,0.00278277,0.000585479,0.000267173,0.000110727,0.000637825,2.2931e-06,0.00497125,0.000441368,1.0,0.00179963,0.015414,0.00319397,0.0223049,2.78073e-06,7.46571e-06,0.00117308,8.36883e-06,3.15762e-05,4.15132e-07,1.80325e-07,5.46207e-06,5.22856e-06,8.10393e-06,0.00383716,2.50187e-05,2.63964e-05,2.6008e-06,3.44245e-06,4.98459e-06,3.29772e-08,9.77509e-07,3.28005e-06,3.1731e-06,2.04762e-06,0.00138149,3.26577e-05,1.26872e-05,0.0014094,6.79985e-07,5.87639e-06,6.49948e-06,7.18562e-05,1.02719e-05,5.46575e-06,1.43091e-05,9.36892e-06,4.7374e-06,9.86485e-06,0.0218001,3.54743e-05,5.00289e-08,0.00332814,8.29081e-06,1.36444e-05,5.12799e-06,9.19021e-07,2.25284e-06,4.1164e-06,9.6998e-06,1.53461e-07,2.83993e-06,4.51443e-05,1.40963e-05,4.57311e-06,6.84348e-08,1.07007e-06,1.15458e-05,2.17091e-05,4.5664e-07,1.34034e-05,0.000169422,4.0254e-05,4.24198e-07,1.40216e-05,2.83832e-06,3.80166e-06,3.49974e-05,8.71225e-05,2.4373e-05,2.91063e-05,1.0169e-11,1.518e-06,2.13633e-06,1.38045e-06,8.39614e-06,1.74686e-05,3.71893e-05,9.26383e-08,3.01182e-05,7.75416e-09,0.0217162,0.00105737,0.0031127,0.00142379,6.68909e-06,3.00346e-06,0.0215393,3.19842e-05,9.10344e-05,6.09347e-05,8.37794e-06,3.83047e-06,0.0216378,4.96923e-06,3.57137e-09,6.29541e-06,2.55672e-07,3.57764e-06,2.15927e-07,6.19141e-06,2.54045e-07,0.000478094,0.000343966,1.34252e-06,1.26481e-06,1.87778e-05,8.20871e-07,8.03519e-06,8.05192e-06,0.00993121,9.12394e-06,4.33358e-05,5.56815e-06,0.000966302,0.00995014,1.64312e-06,1.32855e-05,9.30504e-06,0.000825345,0.00510024,0.000781181,0.000450583,0.00988129,1.03527e-05,1.48077e-05,0.000439316,0.000674326,1.01712e-05,1.43381e-07,0.00045219,0.00380508,0.000120102,0.000515553,0.000471895,0.00176473,4.51761e-05,0.00112797,0.00188916,0.000530766,0.0011532,1.4998e-05,0.000116529
rs9526072,0.000159042,1.75339e-06,0.000850157,0.000151129,0.00124001,0.00112557,0.000397491,4.3938e-05,3.64135e-05,0.00361353,2.83834e-05,0.000522231,7.97901e-05,2.50994e-05,0.00490996,0.0121061,6.09955e-05,0.00310498,0.00499092,0.00927862,0.00306419,0.0205069,0.00169666,0.00581798,0.00881233,0.000228316,0.000961077,0.000733868,0.00145737,0.00295516,0.00548416,0.0145436,0.00221959,0.00462146,0.000820962,0.000547295,0.0266095,0.00283848,0.00179963,1.0,0.130441,0.0232848,0.010373,1.39706e-05,1.2575e-05,0.448298,5.9736e-07,0.000843984,7.53002e-06,2.05543e-07,8.08765e-06,3.33832e-05,9.1625e-07,0.024078,1.74906e-05,1.21292e-07,8.55901e-08,4.97558e-06,2.60039e-05,2.52103e-06,3.85221e-06,2.49151e-08,2.61808e-05,0.000127265,0.382478,1.19767e-06,6.67853e-05,0.385106,0.000274408,9.27352e-06,4.6262e-06,4.94128e-08,3.88222e-05,3.19318e-05,2.14148e-06,3.4178e-06,4.7271e-05,1.54075e-06,0.00877468,0.000126154,1.85693e-05,0.00836747,1.30929e-05,4.96696e-10,1.37765e-05,3.5978e-06,0.000302158,5.24805e-05,5.49331e-06,1.20199e-05,1.02308e-06,0.000275735,3.50489e-05,9.98603e-06,7.69304e-08,1.04303e-05,4.34053e-05,1.11977e-05,1.70129e-05,1.20618e-06,0.00141661,1.63853e-05,4.08874e-06,8.22605e-06,4.78383e-09,8.41888e-06,4.08458e-05,0.0419122,0.000385409,0.000308693,3.19688e-06,4.95318e-06,1.99166e-05,2.10013e-05,2.25987e-06,2.64586e-05,4.72428e-05,9.57516e-07,4.91812e-05,3.49005e-06,0.0087088,0.00882923,0.162136,0.0106487,8.30838e-06,0.000132332,0.00866827,3.95182e-05,0.000315741,9.22436e-05,6.95109e-05,2.03323e-05,0.00858188,0.0012251,1.6979e-05,3.51481e-06,9.75454e-07,0.00118901,9.09828e-08,2.61965e-06,6.90959e-06,0.00316514,0.00219912,4.67175e-06,6.67396e-06,0.000104168,1.04678e-06,1.58694e-05,1.45923e-06,0.0457815,2.53857e-08,0.0168271,9.9241e-06,0.00676674,0.0460052,3.42437e-06,0.00017776,7.05191e-08,0.000597178,0.0127534,0.134944,0.00194483,0.0458817,3.12878e-08,9.40196e-06,0.00384624,0.126274,1.78867e-05,9.81346e-05,0.00189822,0.0343505,0.00095931,0.0011971,0.00121599,0.000212131,0.00033663,0.0036226,0.000306072,0.000983558,0.00460782,0.0271406,0.000281252
rs206111,0.00101747,0.00061121,0.000432392,0.000243137,0.000460963,0.000593051,0.000163603,0.00103531,0.00359146,0.000658432,0.00206778,0.00238309,0.000535716,0.00265854,0.00173388,0.000253887,0.0134855,0.000216832,0.00805375,0.0125337,0.00234874,0.00750895,0.00250983,0.0146108,5.01218e-05,0.0018798,0.00910845,0.000114921,0.00189544,0.00744415,0.00262351,0.00120869,0.000170272,0.00650768,0.00537957,0.0031425,0.123548,0.020581,0.015414,0.130441,1.0,0.0154447,0.192318,2.7556e-07,4.29194e-06,0.0601666,1.17537e-05,0.00518223,6.93004e-07,1.23531e-06,1.33208e-06,4.27246e-05,2.95656e-07,0.249914,1.8533e-05,1.58427e-05,9.50899e-05,5.53923e-06,5.05115e-06,3.10065e-05,2.59854e-05,1.43131e-07,0.000834802,6.00132e-06,0.0760077,6.98355e-07,9.62075e-07,0.0769138,0.00122129,2.90243e-06,3.66074e-05,2.27042e-06,4.52144e-06,4.22229e-06,2.03898e-06,2.23099e-05,1.82941e-07,3.87255e-06,0.177386,0.000370062,4.73925e-06,0.144673,2.95431e-05,4.91649e-05,6.67562e-06,1.56609e-05,0.00174925,1.86776e-07,4.30125e-06,1.01117e-06,3.48372e-06,0.00292815,6.57809e-06,2.89966e-06,4.29836e-05,5.88272e-06,3.95158e-06,1.80721e-05,4.79259e-06,2.48003e-06,0.00149782,3.71838e-06,8.71292e-06,6.35733e-09,8.56852e-06,1.84877e-07,7.51686e-06,0.0064302,0.00183254,0.00200052,1.28203e-05,4.90108e-05,3.21839e-07,5.95034e-07,3.45756e-05,6.14395e-05,1.63297e-06,1.81897e-05,9.86031e-07,6.57436e-06,0.176451,0.0549462,0.101268,0.0216058,1.58976e-05,0.000480454,0.177193,1.07871e-05,0.00286629,0.000860807,0.00056261,9.46346e-06,0.176055,0.00579357,9.88001e-06,7.38349e-06,8.69198e-06,0.00585382,7.04054e-07,1.52244e-05,1.46106e-07,0.0145562,0.0174921,2.32051e-05,1.14023e-05,1.33598e-05,3.14867e-05,4.41956e-05,5.21241e-06,0.0257512,1.21962e-05,0.0023046,2.54076e-05,0.0196451,0.0252474,1.38476e-05,0.0010744,1.43661e-05,0.0615419,0.0176331,0.0399453,0.0172882,0.0252443,4.92911e-07,1.67036e-05,0.0333934,0.036909,1.76742e-06,0.000312575,0.0172309,0.0928123,0.00146251,0.0263971,0.0265592,0.026701,0.00149525,0.00150084,0.028825,0.0291446,3.70667e-05,0.000546297,0.00387142
rs206119,0.000542825,6.86282e-05,5.96864e-07,0.00203351,6.11933e-05,0.00180368,5.92394e-06,2.09042e-08,2.16458e-05,0.000525355,0.000546273,0.00219155,4.3621e-06,0.000513785,0.000395314,0.00162781,0.00888158,0.00169304,0.000993833,0.00206045,0.000786183,0.001184,0.000635061,0.000242563,0.00182642,0.00152043,0.000162665,0.000430366,0.000685313,0.000144866,0.000316955,2.46164e-05,0.0202765,0.00253103,0.00235945,0.00478168,0.0307829,0.0028343,0.00319397,0.0232848,0.0154447,1.0,0.0827819,7.13308e-07,1.0389e-06,0.0129203,7.31679e-06,0.000926974,2.68611e-07,6.70764e-06,1.42247e-05,2.08248e-05,4.5329e-06,0.0181222,1.3817e-08,2.70658e-08,1.96222e-05,7.11758e-05,3.17098e-06,2.17213e-06,6.59078e-06,1.26484e-06,0.000233044,3.43331e-05,0.000129383,2.79575e-05,6.79012e-07,0.000136692,5.72569e-05,1.87502e-07,1.36703e-05,1.04711e-06,3.44712e-07,1.41334e-06,3.13637e-05,8.37034e-07,2.05795e-06,7.14416e-05,0.083404,6.9893e-05,2.58017e-05,0.00496513,3.65153e-06,8.60944e-06,3.26248e-07,4.54789e-05,0.00663037,9.21123e-07,2.85856e-05,1.40873e-07,8.7974e-06,0.0133599,1.22151e-05,6.15162e-07,1.77788e-07,2.725e-05,2.09661e-06,2.03271e-06,3.61045e-05,3.59644e-06,0.0513901,1.16091e-05,8.49089e-06,6.75073e-05,7.36317e-07,1.31066e-05,6.93786e-10,0.000885874,0.0118671,0.0124084,3.74863e-06,3.20728e-05,2.08415e-07,2.26467e-05,9.15816e-06,2.27864e-05,3.99418e-06,9.75055e-06,2.2404e-05,2.69296e-07,0.0825436,0.00625232,0.15862,0.323715,8.48486e-05,0.000174206,0.082871,3.69471e-05,0.000247318,7.09951e-05,0.00042989,1.96763e-06,0.0824022,0.00167349,2.70664e-05,9.64442e-06,8.4475e-06,0.00164336,1.25504e-05,1.51441e-05,1.36293e-05,0.110844,0.00461795,6.93455e-05,2.09876e-05,3.70326e-06,3.04932e-07,2.11735e-07,3.3571e-06,0.000386034,1.39025e-07,0.00051859,3.53307e-06,0.195972,0.000418362,1.48405e-05,0.000286227,8.36809e-07,0.00698397,0.00218045,0.00428437,0.00461709,0.000424759,6.05169e-08,4.44844e-06,0.00259724,0.00408818,1.40559e-05,0.00286953,0.00455362,0.0441791,0.00169155,0.000467554,0.000452448,0.0021003,0.0196218,0.00767983,0.00176061,0.000633447,0.0154201,0.000249387,0.000941987
Affx-9225937,1.67079e-05,0.00254807,0.0013596,0.00016576,6.20211e-05,0.00213392,0.00116529,0.000102098,0.000151407,0.000908327,6.35454e-06,0.000114812,0.000264579,7.30671e-06,0.00286056,0.00345231,0.0018599,0.000220198,0.00184766,0.00012344,0.00437173,0.00192213,0.00412839,3.36387e-05,0.00238149,0.00571676,0.000568658,0.00135358,0.000262748,0.00057102,0.0004196,0.00189738,0.000765602,0.00046063,0.000210356,0.00643855,0.0365085,0.0246854,0.0223049,0.010373,0.192318,0.0827819,1.0,5.3546e-07,9.68267e-07,0.0445815,1.12662e-12,0.00784315,2.09126e-06,6.83259e-06,2.088e-06,1.05139e-05,1.04639e-05,0.183914,3.63005e-05,3.50737e-05,8.7375e-05,6.35618e-05,7.55331e-07,3.10146e-06,2.3812e-05,2.00841e-05,0.00136085,1.17636e-07,0.0525528,3.10265e-05,9.63452e-06,0.0531085,0.00219435,1.49066e-05,5.85717e-06,9.97327e-07,2.34064e-05,1.89481e-05,1.68257e-05,1.30535e-06,8.53258e-06,3.41671e-05,0.908188,0.000309568,5.96966e-07,0.128255,4.59626e-05,1.18229e-06,7.89914e-06,2.72012e-06,0.00061813,1.83906e-05,1.33841e-05,1.08216e-05,1.97488e-05,0.00141627,2.15754e-06,3.33812e-06,1.62732e-07,1.01413e-06,5.37731e-06,6.45796e-06,2.3197e-05,2.80353e-07,0.00547973,1.0632e-05,1.19914e-05,2.34159e-06,1.06624e-06,1.24049e-06,5.54332e-06,0.00411326,0.00104135,0.00113099,1.17629e-05,5.85283e-05,8.83342e-08,6.48423e-09,2.09496e-05,1.90087e-07,7.07584e-08,9.81596e-07,1.36556e-06,9.8954e-07,0.904396,0.0949584,0.112928,0.0495053,4.6836e-05,0.000707285,0.904711,1.00838e-05,0.00157537,0.00137915,0.00353509,1.49123e-05,0.902982,0.00477107,1.1797e-05,3.7976e-07,3.67245e-05,0.00476285,7.822e-06,9.11156e-08,1.03469e-07,0.0174259,0.0126647,5.23416e-05,1.30183e-06,2.38074e-05,2.03341e-05,3.76983e-05,1.08351e-05,0.43868,1.40536e-07,0.00151792,8.71757e-05,0.0341524,0.437045,2.71743e-05,0.000753995,2.94978e-06,0.0323132,0.204966,0.0267136,0.0144127,0.436756,7.66835e-07,4.08109e-05,0.0748215,0.0247387,1.6425e-05,0.000254086,0.0143412,0.124578,0.00154351,0.00680693,0.00698182,0.0167706,0.00158169,0.00696102,0.0153922,0.00597884,0.00834245,0.000514708,5.51373e-07
Affx-257696093,4.61997e-06,1.41725e-08,5.05663e-06,2.53433e-05,8.53554e-05,2.53757e-05,1.30079e-05,3.13266e-05,2.27999e-05,1.08531e-06,2.48009e-06,5.4798e-05,7.22914e-07,1.84605e-06,1.96463e-06,2.55905e-06,5.63848e-07,2.2132e-06,1.08091e-05,6.26488e-09,2.22076e-05,8.91395e-06,1.8397e-05,3.74613e-06,3.34026e-07,1.07592e-05,1.32522e-07,6.48114e-06,2.4565e-05,2.24388e-07,4.43689e-06,3.50853e-05,2.03527e-07,0.000105796,2.40669e-05,7.16386e-05,1.35792e-05,4.93057e-06,2.78073e-06,1.39706e-05,2.7556e-07,7.13308e-07,5.3546e-07,1.0,1.77662e-05,1.27245e-05,1.85427e-06,1.99206e-06,1.96887e-06,2.79504e-06,0.000213749,4.73572e-06,3.82765e-06,5.69816e-06,2.41466e-06,4.17866e-05,0.000292112,2.47127e-06,1.81471e-06,3.58343e-06,3.08308e-06,1.98915e-06,3.5702e-05,2.28645e-06,5.61507e-05,1.98352e-06,2.17434e-06,5.62652e-05,4.7244e-06,5.0953e-05,2.91836e-05,2.5362e-06,2.2823e-06,2.58197e-06,4.59283e-06,1.70687e-06,2.63853e-06,2.39734e-05,3.04434e-07,6.91139e-05,5.97261e-06,5.72936e-08,3.1083e-06,6.56505e-05,2.5785e-06,2.98262e-06,5.0644e-06,2.67257e-06,3.06068e-06,1.86726e-06,3.38668e-06,3.16546e-05,2.12065e-06,2.47686e-06,3.39868e-06,2.96985e-06,2.94087e-06,2.52534e-06,1.8025e-06,2.1474e-06,1.18705e-07,3.09396e-06,6.35638e-05,2.76946e-06,2.37076e-06,2.70677e-06,6.68159e-05,2.6134e-05,9.68447e-06,1.01567e-05,1.75125e-06,2.83047e-06,2.24855e-05,0.000320282,3.05802e-06,2.54111e-06,2.29812e-06,2.26267e-06,3.4757e-05,2.68592e-06,4.60584e-08,2.13191e-06,1.52758e-05,6.58694e-06,2.47725e-06,3.57186e-05,4.6895e-08,7.8198e-05,9.8861e-06,3.64893e-06,7.88258e-06,2.68777e-06,1.3787e-07,0.000119262,7.25567e-07,4.01067e-06,2.41761e-06,0.000121698,3.70775e-06,2.50636e-06,1.81083e-06,2.68151e-05,9.59512e-07,2.51384e-05,1.94347e-06,5.45878e-05,1.91321e-06,1.82763e-06,1.74886e-06,4.70622e-06,3.06911e-06,9.21706e-06,2.52914e-06,5.8224e-06,6.18241e-06,4.13904e-06,1.00737e-05,2.39031e-06,3.28376e-05,7.44876e-06,1.94077e-05,5.30973e-06,6.21555e-06,8.28752e-05,2.77135e-06,3.97472e-05,1.86318e-05,2.28398e-06,2.417e-06,1.00186e-06,5.08431e-06,1.06058e-05,1.33436e-05,1.0356e-05,1.95918e-05,6.54066e-06,6.18255e-06,2.51874e-05,1.52773e-05,6.21249e-06,3.66927e-05,7.42168e-13
Affx-257696098,3.8201e-07,1.20702e-05,1.00109e-05,2.25011e-06,2.25404e-06,3.7599e-05,1.10516e-05,6.65625e-05,3.56972e-08,6.47018e-06,8.04418e-06,2.32994e-08,5.9152e-06,5.68257e-06,5.02095e-09,2.73838e-05,1.09395e-05,5.13397e-06,2.84814e-06,1.0089e-06,4.74174e-05,3.48582e-06,3.30141e-05,2.0239e-06,5.1638e-07,9.41045e-06,1.79093e-06,2.25288e-05,1.35025e-05,2.49727e-06,3.79222e-06,1.86176e-07,4.14642e-06,4.06482e-05,8.38382e-06,3.05101e-05,1.93917e-05,4.51375e-07,7.46571e-06,1.2575e-05,4.29194e-06,1.0389e-06,9.68267e-07,1.77662e-05,1.0,3.41512e-07,2.42696e-06,2.92315e-05,2.64701e-06,3.67841e-06,1.40803e-05,6.23189e-06,0.00390076,3.91154e-07,3.14244e-06,3.9342e-06,3.11871e-06,3.25227e-06,5.1556e-05,4.67987e-06,4.1655e-06,2.6122e-06,4.48094e-06,3.04446e-06,2.13765e-06,2.76347e-06,2.81087e-06,2.77971e-06,6.3361e-06,3.74068e-06,0.176209,3.50481e-06,2.96823e-06,3.39265e-06,6.12541e-06,2.51126e-06,3.46775e-06,5.55752e-06,3.86844e-08,2.93537e-06,7.8243e-06,7.03993e-05,4.17718e-06,0.000197998,3.358e-06,4.10578e-06,6.85747e-06,3.54019e-06,4.25994e-06,2.47599e-06,4.4569e-06,8.42757e-06,2.75553e-06,0.548992,4.43558e-06,2.26813e-05,0.0113402,3.36905e-06,4.756e-05,2.79067e-06,1.64763e-10,4.28484e-06,3.04345e-06,3.6447e-06,3.13823e-06,3.5856e-06,2.86369e-06,6.23844e-05,1.31364e-05,1.3723e-05,2.30464e-06,2.49962e-05,0.0823345,0.6225,4.10217e-06,3.49268e-06,3.04715e-06,3.27918e-06,1.93787e-05,3.51464e-06,7.08954e-08,1.50315e-09,8.39554e-07,1.79905e-07,3.25993e-06,4.48762e-06,1.88312e-05,2.58876e-06,4.97037e-09,4.97915e-06,8.1394e-07,3.50171e-06,2.33267e-08,2.41317e-05,1.5077e-05,5.2132e-06,3.16451e-06,2.37189e-05,4.87948e-06,3.29202e-06,2.57255e-06,5.33191e-06,1.59941e-06,5.3414e-06,2.89343e-06,3.57914e-06,0.460149,2.40518e-06,5.19698e-05,1.31754e-07,4.00321e-06,1.35759e-07,2.72077e-05,4.11417e-06,3.32297e-07,5.44703e-06,8.46438e-06,3.14494e-06,2.63505e-05,1.31931e-05,2.05046e-05,6.63828e-06,5.08107e-08,0.583099,3.57253e-06,2.48228e-06,2.74239e-05,3.00577e-06,3.25164e-06,1.37143e-05,2.53616e-06,5.53071e-06,3.11629e-07,3.27164e-07,4.39463e-05,9.2123e-08,9.86348e-05,3.96626e-05,8.40118e-07,8.7629e-05,3.01168e-05,1.74111e-05
rs11571591,2.48457e-07,6.28879e-05,7.68416e-05,0.000139152,0.00134587,0.000552815,0.000386228,8.6188e-05,0.000321388,0.000560674,0.00023645,0.000156276,9.15442e-06,0.000223023,0.00721643,0.00724692,3.88577e-05,0.00214419,0.00559007,0.00540223,4.33626e-06,0.000384942,4.33995e-06,0.00335348,0.00392273,1.933e-05,1.71295e-06,0.000121269,0.00184376,1.37461e-05,0.00290961,0.000916262,0.00113915,0.000285961,0.00058258,0.00394589,0.0102447,0.00191375,0.00117308,0.448298,0.0601666,0.0129203,0.0445815,1.27245e-05,3.41512e-07,1.0,1.34535e-06,0.000296826,3.80402e-05,1.61754e-07,8.57385e-06,3.48569e-05,2.16035e-06,0.031601,2.82627e-06,3.31634e-06,1.73595e-05,2.85386e-06,1.21537e-05,3.02109e-08,4.18017e-05,6.0538e-06,1.23154e-07,6.1263e-05,0.797098,2.02457e-08,1.96381e-05,0.797298,0.000222313,1.11856e-06,6.04855e-07,9.7821e-06,2.30656e-06,3.45657e-06,3.18341e-06,7.13352e-06,2.02299e-05,2.35369e-06,0.0453405,7.69209e-05,8.9574e-06,0.0182807,2.34373e-07,1.40237e-05,2.81196e-06,7.8553e-10,0.000139213,1.42738e-06,5.85863e-06,1.97199e-05,2.70292e-06,0.000179741,3.46951e-05,1.16976e-05,2.61493e-05,5.10793e-06,2.74407e-05,9.82544e-07,4.17355e-05,6.776e-07,0.0010074,3.09319e-05,4.11238e-06,1.5987e-07,1.86221e-05,1.06408e-06,9.82893e-06,0.0794234,0.000331204,0.000247559,4.06642e-06,1.79107e-07,2.45207e-05,4.27687e-06,9.09551e-06,3.18549e-05,1.78632e-06,2.70645e-05,3.28859e-06,3.04951e-06,0.0453309,0.00623491,0.391143,0.00701189,1.13424e-05,3.89965e-05,0.04516,1.45219e-05,0.000173977,7.32721e-05,0.000200147,1.04782e-06,0.0448956,0.0007172,5.98489e-07,8.80915e-08,2.85884e-06,0.000666338,2.68123e-06,1.01972e-06,2.52919e-05,0.00192917,0.00169386,2.04119e-05,8.35935e-08,7.51247e-05,1.99614e-06,3.6696e-05,1.38823e-06,0.0710319,1.9176e-05,0.0247015,1.43021e-06,0.00437166,0.0712672,1.80076e-05,0.000193013,4.49033e-06,0.00616619,0.0317622,0.253817,0.0020832,0.0711995,1.10034e-05,1.61344e-07,0.00338826,0.239887,1.40044e-05,3.28338e-05,0.00202226,0.03164,5.89169e-05,0.00414881,0.00432403,0.000898887,0.000826345,0.00112563,0.000728574,0.00381531,0.00171889,0.0164205,0.000672816
rs876658850,3.9103e-07,7.98373e-06,0.000189319,4.54195e-07,3.05458e-07,3.22893e-05,1.94006e-06,2.1577e-06,1.4797e-05,3.3672e-06,8.04324e-06,2.00997e-05,1.1361e-05,3.36206e-06,2.08821e-05,1.18902e-05,9.78439e-06,1.57614e-05,8.91502e-08,3.5739e-06,1.66347e-05,5.91578e-06,4.15014e-10,1.85547e-08,4.99971e-06,9.24863e-07,1.47178e-06,2.3444e-05,8.09528e-05,1.10706e-06,2.61952e-06,6.44343e-06,2.3708e-06,3.07768e-07,5.73034e-06,1.65189e-05,6.33006e-05,7.69923e-06,8.36883e-06,5.9736e-07,1.17537e-05,7.31679e-06,1.12662e-12,1.85427e-06,2.42696e-06,1.34535e-06,1.0,2.89614e-05,1.00779e-06,1.3702e-06,5.33164e-06,2.28775e-06,1.89036e-06,6.23879e-06,1.18372e-06,1.4787e-06,1.14486e-06,1.21146e-06,9.16019e-07,1.75647e-06,,9.97145e-07,1.68742e-06,0.000144309,1.72824e-07,1.03509e-06,1.06592e-06,8.04834e-08,0.000271943,,1.88927e-06,1.29233e-06,1.11884e-06,1.28419e-06,2.2817e-06,9.35436e-07,1.31233e-06,2.1044e-06,1.11138e-08,1.09342e-06,2.92776e-06,2.53956e-06,1.59557e-06,1.11158e-06,1.26403e-06,1.53782e-06,2.55439e-06,1.33946e-06,1.56758e-06,0.000180696,1.66019e-06,5.20782e-06,0.489652,1.26872e-06,1.67893e-06,1.53295e-06,1.44116e-06,1.2754e-06,9.49581e-07,1.05269e-06,2.8557e-06,1.59605e-06,1.16007e-06,1.37084e-06,1.17535e-06,1.35646e-06,1.06672e-06,1.32671e-05,4.89328e-06,5.1118e-06,0.578977,1.45109e-06,2.17904e-06,1.07454e-06,1.55007e-06,1.3081e-06,1.13509e-06,1.21495e-06,1.66607e-06,1.31632e-06,4.93382e-07,2.15359e-06,2.09354e-07,1.13234e-06,1.1967e-06,1.67163e-06,2.12166e-09,9.74868e-07,5.03235e-06,1.85472e-06,3.96997e-06,1.31757e-06,1.01636e-07,5.78827e-06,5.61614e-06,1.96584e-06,1.18522e-06,6.03916e-06,1.81759e-06,1.24652e-06,9.68799e-07,1.34797e-05,2.20474e-06,1.98964e-06,1.11407e-06,1.37809e-06,1.01848e-06,0.506417,0.000183672,1.56758e-07,0.319612,4.63769e-06,1.29257e-06,3.02091e-07,8.4514e-08,2.029e-06,3.65795e-05,1.17148e-06,4.17834e-06,1.36101e-05,1.42956e-07,4.97508e-07,8.6677e-08,3.21504e-06,1.35854e-06,3.06937e-07,3.01973e-06,1.11964e-06,1.21123e-06,3.8772e-07,6.27816e-05,3.70389e-06,6.57662e-05,1.72446e-05,8.65128e-06,3.48816e-06,1.25913e-08,7.53103e-06,1.28601e-05,1.05486e-06,1.31457e-05,5.65199e-05
Affx-80247634,5.02562e-05,0.00014463,9.74213e-05,0.000580076,0.00249822,8.10714e-05,7.3238e-05,0.000296558,0.000668519,3.69167e-05,0.00014325,0.00123553,0.000562201,0.000144799,3.84555e-05,0.00974644,0.00102927,0.000316248,0.00257214,0.003391,0.000206519,0.000145746,0.000219466,0.00455313,0.0101876,0.000164672,0.00398473,0.000250714,0.000106832,0.00510521,0.000770807,0.000206161,5.23135e-05,0.00133793,0.000103024,0.00060551,0.00133971,8.80189e-05,3.15762e-05,0.000843984,0.00518223,0.000926974,0.00784315,1.99206e-06,2.92315e-05,0.000296826,2.89614e-05,1.0,6.46139e-07,0.000100834,6.17913e-06,2.9196e-08,3.01941e-06,0.00196184,1.41615e-05,4.68208e-07,1.34422e-05,1.38694e-05,1.04485e-05,2.59761e-06,1.81388e-05,8.21592e-05,3.69118e-06,1.78944e-05,0.000362866,4.62227e-07,1.53574e-07,0.000370639,2.81147e-05,1.09463e-05,2.93573e-06,1.52828e-05,4.60483e-08,3.57144e-08,8.56537e-06,1.23907e-06,5.08209e-08,4.46577e-06,0.00773457,1.29401e-05,1.37975e-05,0.0007878,5.88482e-06,1.77847e-05,6.19981e-08,6.54005e-06,5.58494e-08,1.20542e-07,7.13623e-07,2.72167e-05,0.000133231,3.71356e-05,2.41003e-07,1.53534e-05,3.59888e-06,8.53899e-05,7.17405e-06,2.28889e-08,6.78837e-07,1.92582e-07,5.68013e-05,1.04666e-06,1.37202e-05,3.0575e-07,1.38427e-05,1.48723e-07,1.56335e-07,4.81752e-09,3.27339e-05,3.53485e-05,1.51083e-06,2.63198e-07,1.73885e-07,1.28898e-05,1.84165e-05,1.2351e-05,6.95992e-08,1.43951e-05,4.0596e-06,1.44202e-07,0.00773371,0.000260474,0.000914265,0.000455517,0.000122936,1.63304e-06,0.00757254,1.11747e-05,1.61202e-05,2.19298e-05,7.56356e-06,1.63351e-07,0.00766701,5.64669e-05,4.18534e-05,4.79091e-05,1.4601e-05,4.1085e-05,2.05173e-05,1.22327e-08,1.13599e-05,7.21162e-05,0.000137698,3.99373e-06,2.93014e-07,1.58497e-05,1.18823e-05,1.24918e-06,9.27706e-05,0.0038059,6.23696e-06,5.41248e-05,1.74863e-07,0.000275559,0.00382745,1.42378e-05,3.69764e-05,5.22228e-09,0.000384267,0.0015947,0.000261022,1.02043e-05,0.0038475,3.74886e-05,2.68064e-07,0.000219374,0.000204837,7.15551e-08,1.4507e-05,1.25284e-05,0.00218916,0.00031418,0.00141219,0.00141173,0.00258545,0.000162849,0.000749005,0.00257984,0.00140347,0.000739526,0.00262508,0.000118952
rs397507766,1.82099e-05,2.67927e-06,1.52099e-05,1.27732e-07,4.55264e-05,9.32097e-07,2.84428e-06,4.47497e-05,0.000108344,1.65144e-06,5.91577e-06,1.31309e-10,1.81874e-06,6.64848e-06,1.07621e-05,7.49669e-09,7.14438e-06,3.90541e-06,1.49085e-06,1.01193e-05,2.28312e-06,1.87864e-06,3.44776e-06,8.4832e-06,7.36778e-07,4.16477e-05,9.74994e-06,1.74209e-07,9.31238e-06,3.01538e-06,4.09181e-05,1.99114e-05,3.59281e-06,5.63143e-06,3.78255e-05,2.69003e-07,1.7896e-05,3.14507e-08,4.15132e-07,7.53002e-06,6.93004e-07,2.68611e-07,2.09126e-06,1.96887e-06,2.64701e-06,3.80402e-05,1.00779e-06,6.46139e-07,1.0,1.50438e-06,4.51369e-06,2.00194e-06,2.06646e-06,3.4707e-06,1.31237e-06,1.55142e-06,1.24401e-06,1.34309e-06,0.000171772,1.22713e-06,1.68572e-06,1.09123e-06,8.60412e-05,1.22793e-06,1.57067e-05,1.05751e-06,1.18175e-06,1.44522e-05,2.54315e-06,1.53136e-06,2.02132e-06,1.38891e-06,1.24043e-06,1.42461e-06,2.50025e-06,1.02241e-06,1.45573e-06,1.09604e-06,1.92861e-06,0.000140301,3.23132e-06,7.56387e-06,1.77063e-06,1.18826e-06,1.40137e-06,1.67601e-06,2.68558e-06,1.48587e-06,1.75576e-06,2.9121e-08,1.82596e-06,5.68152e-06,1.15254e-06,1.3919e-06,1.86182e-06,1.65559e-06,1.61289e-06,1.39987e-06,1.02355e-06,1.16705e-06,2.24968e-05,1.66695e-06,1.27141e-06,1.49056e-06,1.28834e-06,1.50483e-06,,1.49871e-10,5.24851e-06,5.50584e-06,9.51843e-07,1.55002e-06,2.4034e-06,1.1914e-06,1.70472e-06,1.37692e-06,1.17049e-06,1.34701e-06,1.82016e-07,9.57666e-07,2.22246e-06,3.6011e-06,1.16563e-05,3.0214e-07,1.33164e-06,1.82395e-06,2.23655e-06,9.9303e-07,5.41767e-06,1.98314e-06,4.28403e-06,1.46079e-06,2.5883e-06,4.62934e-06,0.00371277,2.16518e-06,1.29939e-06,4.84256e-06,2.00052e-06,1.32266e-06,1.07495e-06,1.79446e-06,8.89529e-06,9.15117e-07,1.15929e-06,1.52973e-06,1.07042e-06,9.93283e-07,8.91903e-07,1.42719e-05,1.66804e-06,5.00952e-06,1.3891e-06,3.88276e-09,1.50677e-05,2.23492e-06,3.43719e-06,1.26957e-06,4.06074e-05,5.31115e-05,1.2814e-05,2.65883e-05,1.5049e-05,3.53621e-06,1.49157e-06,3.4648e-06,1.4202e-05,1.22672e-06,1.3136e-06,2.5976e-05,3.86776e-05,5.35901e-07,1.05718e-05,8.37782e-06,9.29544e-05,1.95317e-06,9.98067e-05,8.3506e-05,5.39145e-06,4.35843e-05,6.2617e-06,9.63384e-06
rs886040622,4.84803e-08,3.38216e-05,2.59058e-06,9.47969e-08,2.17321e-06,3.27992e-06,6.66991e-06,5.36172e-05,1.2768e-05,,3.23095e-05,1.98952e-06,1.54496e-05,3.62977e-05,1.21122e-05,7.0397e-07,4.60503e-07,1.20319e-05,4.99591e-06,7.68686e-12,7.54103e-06,2.15207e-05,3.2081e-05,7.99813e-07,6.47996e-08,4.51929e-06,1.15021e-05,2.79633e-05,2.39955e-06,2.41599e-07,2.89739e-06,2.19347e-05,4.21534e-06,3.38264e-06,4.46391e-05,4.75033e-07,3.00393e-08,7.86136e-05,1.80325e-07,2.05543e-07,1.23531e-06,6.70764e-06,6.83259e-06,2.79504e-06,3.67841e-06,1.61754e-07,1.3702e-06,0.000100834,1.50438e-06,1.0,7.95904e-06,3.47918e-06,2.822e-06,3.1559e-06,1.78423e-06,2.20734e-06,1.7511e-06,0.732422,,2.62183e-06,0.000287092,1.50305e-06,2.54347e-06,1.69295e-06,5.69864e-07,0.00010272,1.60663e-06,3.00931e-08,3.00659e-05,2.06012e-06,2.84005e-06,0.000803964,1.68643e-06,,0.530193,1.42987e-06,,3.17199e-06,4.91124e-06,1.64812e-06,0.44776,1.40482e-05,2.40488e-06,8.73797e-05,1.90528e-06,2.29743e-06,2.5933e-05,,0.0209372,1.39e-06,0.834096,7.96556e-06,1.567e-06,1.91364e-06,2.53066e-06,5.77327e-05,2.19248e-06,,0.000101313,1.58677e-06,3.81002e-06,2.4058e-06,1.74859e-06,2.06628e-06,0.548351,,1.60787e-06,1.85486e-06,7.30466e-06,7.70505e-06,1.29402e-06,6.21633e-05,3.33275e-06,1.6198e-06,2.29343e-06,7.25797e-05,1.69445e-06,1.81367e-06,2.51136e-06,1.96403e-06,4.3832e-06,1.42663e-06,3.02309e-06,6.04626e-06,0.546445,2.51966e-06,4.99677e-06,1.44955e-06,7.58509e-06,4.35591e-05,7.7701e-05,1.98599e-06,3.8268e-06,7.2907e-08,8.46525e-06,0.172545,0.687776,8.87768e-06,0.753237,,,2.20369e-06,2.99324e-06,3.01908e-06,,,1.52042e-06,1.35047e-06,1.34552e-06,1.05765e-06,2.26766e-06,6.99415e-06,1.94824e-06,1.66548e-05,8.06663e-07,0.759761,0.000112525,1.74559e-06,3.08612e-07,6.48534e-06,4.37808e-06,1.16851e-05,8.1559e-07,,2.04774e-06,2.95974e-06,5.05252e-06,0.467964,1.82554e-06,1.1105e-05,1.18944e-06,1.46948e-09,1.21448e-07,2.84171e-07,4.21777e-08,0.00168253,8.64349e-07,3.2722e-08,3.16993e-07,2.73314e-09,1.15848e-06,1.51927e-05
Affx-291670456,1.78681e-05,1.90631e-05,1.36982e-05,3.28563e-05,4.63703e-05,2.2373e-06,5.29048e-05,1.22588e-05,3.94058e-07,3.75249e-07,2.03649e-07,4.25288e-05,5.30451e-05,1.45092e-06,6.49477e-06,1.99402e-06,2.49111e-05,0.000137874,3.24917e-05,2.16513e-05,6.17416e-06,1.77128e-05,1.67858e-06,7.34432e-06,1.29411e-06,3.59202e-05,8.63121e-06,1.03293e-05,6.60387e-06,2.60213e-06,1.17812e-05,7.62964e-07,1.19959e-06,5.98424e-07,7.478e-06,3.29524e-05,3.41276e-05,1.53453e-05,5.46207e-06,8.08765e-06,1.33208e-06,1.42247e-05,2.088e-06,0.000213749,1.40803e-05,8.57385e-06,5.33164e-06,6.17913e-06,4.51369e-06,7.95904e-06,1.0,0.00822874,7.98826e-07,3.56464e-07,7.21865e-06,8.70556e-06,6.45402e-06,7.02823e-06,1.35666e-05,0.0125951,4.48845e-05,0.000815456,9.74106e-06,8.53769e-06,3.39122e-05,1.15618e-05,9.66491e-06,2.82938e-05,5.80632e-09,7.89254e-06,1.07872e-05,5.52157e-05,8.55141e-06,5.93151e-06,1.33051e-05,1.29661e-05,5.57878e-06,0.0848947,4.04395e-06,9.11512e-06,5.40829e-07,4.83858e-06,2.88473e-06,1.00031e-05,5.9539e-06,3.55464e-06,1.47123e-05,5.29694e-06,0.000131561,0.0168064,9.63524e-06,2.20573e-05,6.097e-06,7.36494e-06,0.0898323,8.81407e-06,3.78263e-06,6.31356e-06,1.29115e-05,9.98131e-06,3.37954e-06,0.000235846,6.67822e-05,4.51729e-06,6.81644e-06,5.00987e-06,0.000427244,7.77826e-07,7.02274e-06,5.61862e-06,5.02241e-06,4.82285e-05,1.59893e-07,6.19311e-06,8.95667e-06,7.41989e-06,6.90169e-05,6.78232e-06,0.00117654,0.0109749,6.01783e-06,2.69818e-05,6.44469e-07,5.18729e-05,7.00891e-06,9.64984e-06,6.70682e-06,8.94823e-05,0.000105039,1.04145e-05,3.62815e-06,5.14877e-06,7.47326e-06,2.10071e-05,3.26959e-05,6.25893e-07,6.87434e-06,2.04476e-05,1.05564e-05,7.23295e-06,5.49479e-06,4.67323e-05,1.99372e-05,0.105302,1.43632e-05,6.7671e-06,5.86533e-06,5.17768e-06,9.68954e-05,2.13519e-06,8.74618e-06,2.70458e-05,5.15007e-05,8.49075e-05,4.52076e-06,1.18233e-05,1.01147e-06,7.93196e-06,1.97251e-06,1.14941e-05,3.69982e-05,2.85025e-06,4.47239e-06,1.87294e-05,4.67464e-06,1.44844e-05,1.28212e-05,6.56667e-06,7.45306e-06,4.91606e-06,1.12323e-05,1.2433e-07,7.51293e-06,1.02776e-05,6.93386e-07,1.26439e-06,1.87548e-05,1.48038e-06,6.03614e-06,2.556e-05,2.29099e-06,1.0433e-06
rs886040759,1.37204e-10,7.30695e-07,3.52147e-06,9.27911e-06,2.53607e-06,9.34675e-06,2.23378e-05,3.29225e-06,7.00859e-06,2.21997e-05,9.54614e-10,2.10043e-06,1.68704e-06,6.72102e-06,4.93438e-06,1.03878e-06,4.09831e-06,4.03964e-07,1.13258e-05,3.79853e-06,1.61374e-05,2.77235e-05,3.19197e-05,2.23874e-07,4.8331e-06,1.82733e-06,8.56792e-07,9.45513e-06,1.98014e-05,1.39793e-05,4.99099e-06,2.58683e-06,6.51549e-07,6.43649e-07,4.70633e-05,4.45119e-07,7.53442e-08,7.42784e-06,5.22856e-06,3.33832e-05,4.27246e-05,2.08248e-05,1.05139e-05,4.73572e-06,6.23189e-06,3.48569e-05,2.28775e-06,2.9196e-08,2.00194e-06,3.47918e-06,0.00822874,1.0,4.52066e-06,3.15486e-09,2.98934e-06,3.78816e-06,2.94987e-06,3.09374e-06,2.33931e-06,0.0741267,3.98461e-06,1.71914e-06,4.30921e-06,2.84612e-06,4.02697e-05,2.62833e-06,0.000599511,4.09465e-05,6.02725e-06,3.55884e-06,4.85861e-06,3.33388e-06,2.79138e-06,3.17102e-06,5.82683e-06,2.38885e-06,3.49731e-05,0.0107504,1.59618e-05,2.79229e-06,7.44291e-06,1.63323e-08,3.99354e-06,4.2562e-05,0.00149197,3.90488e-06,6.52321e-06,3.41398e-05,4.05128e-06,0.0491899,4.23965e-06,1.34955e-05,2.62121e-06,3.22152e-06,4.28754e-06,3.91497e-06,3.50275e-06,0.00152027,2.42497e-06,2.68828e-06,2.20794e-06,4.02944e-06,2.94563e-06,3.46704e-06,2.98443e-06,0.000896023,2.7241e-06,1.8592e-06,1.24621e-05,1.30202e-05,2.15861e-06,2.87304e-05,0.000822794,2.72854e-06,3.87877e-06,3.34043e-06,0.000516482,3.11864e-06,2.17764e-05,0.434083,1.11341e-05,3.05152e-05,1.79539e-05,7.78397e-07,3.10102e-06,2.14979e-05,1.66045e-05,2.48954e-06,6.49678e-05,4.73645e-06,1.28585e-06,3.35462e-05,1.5434e-05,2.53746e-07,0.000876956,4.95784e-06,3.02673e-06,1.95428e-07,4.64163e-06,3.18332e-06,2.4741e-06,2.02605e-05,4.15154e-07,0.0260538,4.56447e-05,3.51937e-06,2.601e-06,2.25433e-06,5.72325e-05,1.9416e-07,3.84182e-06,3.6887e-07,3.30086e-06,2.7263e-07,3.69746e-07,5.18151e-06,8.05179e-06,2.99164e-06,2.63286e-05,2.5894e-05,2.20628e-05,3.86427e-07,4.0857e-08,8.19841e-06,3.43562e-06,3.00584e-06,2.05867e-05,2.85925e-06,3.09314e-06,2.58736e-06,4.76768e-05,3.16898e-07,8.30274e-05,3.76255e-06,1.34592e-05,1.13915e-05,7.87843e-06,8.72532e-06,1.18403e-06,4.36768e-05,5.15424e-05,4.66872e-06
rs876659359,3.44291e-05,6.98627e-06,2.70536e-07,1.11552e-05,5.72092e-05,1.58108e-05,3.05087e-05,1.4364e-10,9.82775e-06,3.94384e-06,3.6292e-06,3.24175e-07,1.98263e-05,2.3439e-06,7.25692e-07,9.58466e-06,2.13868e-05,1.82258e-05,7.17035e-06,2.89303e-06,4.19755e-06,2.79126e-05,5.65953e-06,2.16197e-05,3.73616e-06,1.27867e-06,2.92015e-06,2.22832e-05,2.0262e-05,3.55569e-06,1.89787e-06,1.58877e-05,1.33831e-06,7.24777e-06,2.07165e-06,4.03377e-09,4.56191e-09,1.84904e-05,8.10393e-06,9.1625e-07,2.95656e-07,4.5329e-06,1.04639e-05,3.82765e-06,0.00390076,2.16035e-06,1.89036e-06,3.01941e-06,2.06646e-06,2.822e-06,7.98826e-07,4.52066e-06,1.0,1.46915e-05,0.462274,3.1026e-06,5.49241e-05,2.49192e-06,1.8916e-06,0.235585,3.6962e-05,0.0182371,3.50914e-06,2.33103e-06,7.08869e-06,6.62592e-05,0.395335,1.1286e-06,4.9082e-06,2.89824e-06,0.000735987,4.58456e-05,0.381896,0.481332,4.7175e-06,1.95892e-06,0.479123,4.37593e-06,1.3731e-05,2.25792e-06,0.204311,1.18148e-07,0.40748,2.33906e-06,0.434292,0.000499718,5.28461e-06,0.473843,3.31819e-06,1.89057e-06,3.42505e-06,1.06787e-05,2.16188e-06,0.00116977,3.49153e-06,3.16049e-06,0.236064,0.365574,1.97474e-06,0.442758,1.80712e-08,3.44175e-05,5.43967e-05,0.368306,2.40979e-06,0.390309,2.21833e-06,2.70923e-05,9.66008e-05,9.01326e-05,1.76021e-06,2.99653e-06,0.310667,0.00478919,0.336917,2.69272e-06,5.67369e-05,2.53628e-06,3.46476e-06,2.50778e-06,1.85616e-05,2.78878e-05,2.08083e-07,1.07387e-07,2.48029e-06,3.10233e-05,1.48724e-05,1.9999e-06,2.92361e-05,3.85704e-06,8.2008e-06,0.471841,1.69166e-05,9.77757e-06,1.15421e-05,0.252658,2.43735e-06,1.02383e-05,3.69981e-06,2.54614e-06,7.25887e-05,1.78084e-07,7.528e-06,4.13761e-06,2.22724e-06,2.86596e-06,0.00349878,1.83577e-06,7.64986e-05,7.82574e-06,3.12845e-06,0.000107705,2.66062e-06,4.31426e-07,8.97549e-06,4.19203e-06,6.51074e-06,2.43623e-06,2.574e-05,2.05742e-05,3.16822e-06,1.75987e-06,6.49229e-06,0.00363687,0.399255,3.5488e-06,3.58564e-06,2.30084e-06,5.10584e-05,1.30856e-06,4.27874e-06,2.12776e-06,1.10321e-07,1.27368e-08,4.1031e-09,8.82965e-06,4.42831e-07,5.8949e-10,4.04054e-07,4.70576e-07,0.000119795,9.32866e-06
rs144848,0.000215329,0.00210377,0.00175185,0.000574179,0.000500387,0.00242422,0.000396755,0.000890819,0.00435548,1.85558e-05,0.00266635,0.00382355,0.000333783,0.00327967,0.000288688,0.00522526,0.0102332,0.00472977,0.0002885,0.00020377,1.31021e-05,0.000282002,8.48407e-07,0.00123513,0.00436666,0.000675746,0.000887132,0.00540791,0.000720267,0.000119406,0.000339342,1.29375e-05,0.00459175,0.00171463,0.00898003,0.00435215,0.0425827,0.00413349,0.00383716,0.024078,0.249914,0.0181222,0.183914,5.69816e-06,3.91154e-07,0.031601,6.23879e-06,0.00196184,3.4707e-06,3.1559e-06,3.56464e-07,3.15486e-09,1.46915e-05,1.0,8.44506e-05,1.63579e-05,0.000152656,3.93484e-08,6.11536e-06,7.85996e-06,2.76216e-05,6.16326e-07,0.000395509,1.00616e-07,0.0367308,8.54832e-06,2.71873e-05,0.0368972,0.000472237,2.43108e-06,5.67555e-06,1.0397e-05,5.04016e-05,3.27742e-05,4.29873e-06,4.75274e-06,2.58759e-05,2.019e-05,0.210869,0.00134701,2.49989e-05,0.0802707,3.37144e-05,6.66207e-06,1.24722e-05,1.42399e-08,0.00052782,3.22528e-05,3.73429e-05,1.85496e-05,7.92629e-07,0.0010988,6.51679e-06,2.60084e-06,3.09062e-05,5.85245e-06,3.75016e-05,4.90433e-05,8.11599e-06,8.37022e-06,0.00375011,6.6186e-07,9.99651e-07,2.79145e-05,4.2685e-09,2.87813e-05,6.78218e-09,0.00267864,0.00605619,0.00612386,3.7238e-06,5.76543e-06,3.58098e-05,1.98554e-06,5.95977e-05,9.64964e-07,9.72769e-07,8.85522e-05,1.50558e-05,1.31598e-07,0.210851,0.0203496,0.0749147,0.0311863,4.21644e-06,0.00245625,0.210536,2.24443e-06,0.00762715,0.000479413,0.00079978,5.05389e-05,0.210309,0.0251747,3.21961e-05,1.30486e-05,2.13853e-05,0.0252532,6.48007e-06,1.18598e-06,6.66005e-06,0.0118175,0.00878366,1.11834e-05,8.65596e-07,1.13939e-05,2.15558e-05,1.312e-05,1.04943e-05,0.412651,1.62327e-06,0.000508703,0.000161972,0.020814,0.411076,6.15834e-08,0.00379215,8.5274e-07,0.199808,0.00360693,0.0169155,0.00855876,0.411557,6.04773e-07,7.26988e-05,0.0177303,0.0159193,1.70161e-06,0.00135827,0.0085717,0.186824,3.95962e-05,0.0260749,0.0263456,0.014928,0.0101375,0.00029104,0.0181593,0.0313365,0.000244319,0.00445963,1.8689e-05
rs886039504,5.03417e-05,9.3975e-06,2.86721e-05,5.55832e-08,7.76394e-05,1.80096e-06,3.15998e-05,6.52298e-06,1.74115e-05,1.76637e-09,8.85527e-06,6.55963e-06,3.25267e-05,9.81126e-06,9.1719e-08,4.53284e-05,3.33125e-05,5.72608e-05,1.10241e-05,1.10887e-07,1.26224e-08,4.31715e-08,6.37196e-06,2.05873e-05,1.477e-05,9.16088e-07,1.17844e-08,1.03396e-06,1.69771e-05,4.772e-06,9.46436e-11,4.17625e-05,2.56764e-06,1.48099e-10,9.8837e-07,2.76099e-06,1.1145e-05,5.73089e-07,2.50187e-05,1.74906e-05,1.8533e-05,1.3817e-08,3.63005e-05,2.41466e-06,3.14244e-06,2.82627e-06,1.18372e-06,1.41615e-05,1.31237e-06,1.78423e-06,7.21865e-06,2.98934e-06,0.462274,8.44506e-05,1.0,1.9083e-06,1.49599e-06,1.57757e-06,1.17951e-06,0.433716,7.23336e-05,1.29854e-06,2.19737e-06,1.47685e-06,1.16466e-05,0.00012141,0.798416,1.05124e-05,3.07335e-06,1.81462e-06,0.000260173,1.70007e-06,0.777502,0.892285,2.97124e-06,1.2353e-06,0.871386,2.74048e-06,2.30416e-05,1.40801e-06,0.382908,1.12958e-06,0.75991,1.46475e-06,0.787026,7.35915e-05,3.32635e-06,0.874076,2.07758e-06,1.20102e-06,2.1619e-06,6.88163e-06,1.35378e-06,1.66932e-06,2.18629e-06,1.97909e-06,0.38237,0.606424,1.23652e-06,0.815936,8.46376e-06,6.75139e-05,1.49346e-06,0.727339,1.49637e-06,0.711362,1.38908e-06,1.71011e-05,8.66505e-06,7.66363e-06,1.11794e-06,1.84758e-06,0.488055,1.39938e-06,0.600196,1.68618e-06,0.000103319,1.58154e-06,2.16962e-06,1.67789e-06,2.4176e-05,2.70977e-07,5.93702e-06,5.03626e-08,1.58128e-06,2.17681e-06,2.31058e-05,1.26948e-06,8.26895e-06,2.41524e-06,5.18695e-06,0.871928,2.42876e-05,9.68059e-07,7.23197e-06,0.49201,1.54341e-06,1.06974e-06,2.31422e-06,1.62314e-06,1.2615e-06,4.39924e-06,2.99593e-07,2.60831e-06,1.4345e-06,1.79442e-06,0.00052446,1.16671e-06,0.000136707,4.03434e-05,1.95909e-06,7.83058e-05,1.68319e-06,1.23631e-05,4.17403e-05,2.64218e-06,4.1058e-06,1.52545e-06,6.77499e-05,1.80243e-05,4.62863e-09,4.24582e-07,4.17302e-05,4.15743e-06,0.72538,2.99268e-06,2.14748e-06,1.458e-06,1.57727e-06,3.09696e-07,1.95012e-06,8.07182e-08,1.50093e-06,1.46203e-06,5.00399e-10,1.86839e-05,1.91533e-06,2.26838e-07,3.63697e-07,1.52629e-06,0.000139489,3.78431e-07
Affx-291674898,8.72023e-07,2.68474e-06,3.21644e-05,4.40857e-05,4.64321e-07,1.11362e-06,5.06421e-05,3.62663e-06,5.19896e-07,5.8178e-06,2.19361e-06,1.54723e-05,7.85618e-05,3.27602e-06,7.65066e-07,4.07331e-06,2.69126e-08,7.95748e-07,3.18772e-07,1.24386e-06,6.47608e-06,1.28651e-05,1.56304e-06,1.47906e-07,1.41649e-06,2.57877e-05,6.27535e-08,3.75208e-06,3.11983e-08,1.10118e-06,2.10543e-05,5.96718e-07,5.50874e-05,4.53339e-07,5.20028e-05,9.43603e-06,4.32528e-05,7.50449e-06,2.63964e-05,1.21292e-07,1.58427e-05,2.70658e-08,3.50737e-05,4.17866e-05,3.9342e-06,3.31634e-06,1.4787e-06,4.68208e-07,1.55142e-06,2.20734e-06,8.70556e-06,3.78816e-06,3.1026e-06,1.63579e-05,1.9083e-06,1.0,1.9052e-06,1.98827e-06,1.50332e-06,2.86112e-06,5.77415e-05,0.000429472,2.76943e-06,1.83961e-06,2.21121e-06,9.67333e-05,1.74936e-06,1.39083e-05,2.57794e-05,6.578e-05,3.07331e-06,2.14266e-06,1.81998e-06,2.10757e-06,3.72307e-06,1.52156e-06,2.15369e-06,3.37097e-06,5.0786e-05,1.79454e-06,4.78338e-06,5.47951e-07,2.59544e-06,1.82948e-06,2.07455e-06,5.36033e-05,4.14898e-06,2.19828e-06,2.57222e-06,1.49205e-06,2.70306e-06,8.65137e-06,1.70621e-06,2.10397e-06,4.65053e-05,2.51606e-06,2.34491e-06,2.09315e-06,0.000418714,1.72774e-06,1.12977e-05,4.82658e-05,1.88706e-06,2.24973e-06,1.90725e-06,2.1868e-06,1.75071e-06,2.7674e-06,8.03073e-06,8.38958e-06,1.40898e-06,2.35988e-06,3.60686e-06,1.73231e-06,5.06361e-05,2.10627e-06,1.84647e-06,1.99784e-06,2.68593e-06,2.13847e-06,5.12591e-05,3.4088e-06,9.35719e-07,2.90898e-06,1.97126e-06,2.74343e-06,4.89813e-05,1.58574e-06,3.91506e-06,0.000199592,8.4744e-06,2.14325e-06,5.43097e-05,2.44558e-05,9.11398e-06,3.22639e-06,1.92352e-06,2.52603e-05,2.96141e-06,2.02762e-06,1.58998e-06,4.08411e-06,3.06807e-05,0.0001804,8.76403e-05,2.1764e-06,1.67155e-06,1.47045e-06,1.48059e-06,4.10241e-05,2.44723e-06,7.5461e-06,2.07816e-06,7.44059e-08,4.56986e-05,3.30837e-06,1.46308e-05,1.92261e-06,2.52818e-05,3.3309e-05,2.03e-05,1.66391e-05,4.58072e-05,1.46213e-05,2.22967e-06,4.08385e-05,1.31867e-05,1.79984e-06,1.98789e-06,1.77115e-05,3.47017e-07,3.93909e-05,7.35006e-07,2.88294e-12,1.53466e-05,1.15324e-05,2.38256e-05,1.50414e-05,1.66504e-07,2.53113e-05,2.1407e-05,1.0244e-05
Affx-98688230,5.00587e-05,3.11882e-06,6.54761e-06,6.90711e-06,1.9363e-06,4.6607e-06,6.9334e-07,2.328e-08,5.03143e-06,4.24619e-05,2.77242e-06,1.64755e-06,3.138e-08,7.19255e-06,3.23355e-06,2.37865e-05,2.68447e-05,2.20002e-08,5.43446e-06,9.06832e-08,3.03166e-05,1.70936e-09,2.60984e-05,3.75669e-07,4.10292e-05,7.68698e-07,1.46907e-06,1.26603e-05,4.47292e-07,9.6965e-07,5.5125e-06,3.91116e-05,2.05422e-06,3.30726e-06,6.50457e-07,1.6742e-05,3.24752e-05,1.14769e-06,2.6008e-06,8.55901e-08,9.50899e-05,1.96222e-05,8.7375e-05,0.000292112,3.11871e-06,1.73595e-05,1.14486e-06,1.34422e-05,1.24401e-06,1.7511e-06,6.45402e-06,2.94987e-06,5.49241e-05,0.000152656,1.49599e-06,1.9052e-06,1.0,1.5482e-06,1.17058e-06,2.211e-06,1.94857e-06,1.24534e-06,2.15652e-06,0.000106192,1.58842e-05,0.000128268,1.3454e-06,1.68349e-05,3.0163e-06,1.74036e-06,2.40366e-06,1.63279e-06,1.39695e-06,1.62384e-06,2.916e-06,0.000131694,1.65974e-06,2.55075e-06,9.88067e-05,0.000110936,3.72475e-06,3.5028e-06,1.90645e-06,1.42089e-06,1.59857e-06,1.89815e-06,0.00018306,1.69441e-06,1.99252e-06,1.14859e-06,2.1217e-06,7.63216e-06,1.31177e-06,1.61969e-06,6.75149e-05,7.24518e-05,1.85879e-06,1.57581e-06,1.21356e-06,1.31338e-06,5.82004e-06,2.03979e-06,0.000104693,1.73501e-06,1.48496e-06,1.71619e-06,1.36325e-06,5.10143e-07,6.25359e-06,6.53285e-06,1.08023e-06,1.85449e-06,2.80861e-06,1.35738e-06,1.94089e-06,1.65474e-06,1.45067e-06,1.56964e-06,2.1293e-06,1.6652e-06,8.92647e-05,4.04125e-05,1.39391e-05,8.81876e-07,1.55184e-06,6.41872e-05,9.66437e-05,1.24587e-06,8.70428e-06,2.33663e-06,1.49606e-05,1.66698e-06,9.41759e-05,3.35248e-06,6.33174e-06,2.49534e-06,1.51462e-06,3.20967e-06,2.32281e-06,1.593e-06,1.23809e-06,1.2916e-05,4.91993e-06,2.54271e-06,1.40741e-06,9.08482e-05,1.28681e-06,1.14498e-06,1.16316e-06,0.000133547,1.90572e-06,1.07865e-05,1.65185e-06,4.60728e-06,0.000130409,2.59305e-06,0.000139586,1.46304e-06,5.3897e-05,2.69007e-05,1.66841e-06,1.71646e-05,0.000130635,2.4098e-05,1.71933e-06,1.58436e-05,5.73266e-06,1.43089e-06,1.53033e-06,1.65444e-05,3.12487e-05,2.7844e-07,2.98005e-09,1.46592e-06,5.87272e-07,2.19519e-05,5.78154e-06,7.68681e-07,1.10788e-06,6.2532e-07,1.12897e-05,1.45773e-05
rs80358428,3.8139e-07,1.33415e-06,5.8917e-06,9.13768e-06,1.43068e-06,6.01855e-06,6.06819e-06,6.08334e-07,1.10629e-06,,9.41962e-07,1.20771e-05,2.40041e-05,2.60093e-07,2.0696e-05,7.13496e-06,4.00872e-07,1.73308e-05,2.65818e-05,5.6706e-06,1.18881e-05,1.53483e-05,4.41746e-05,2.06092e-05,5.73284e-06,1.60231e-05,1.47576e-06,6.80352e-05,8.09089e-07,3.14501e-05,1.73785e-06,1.04367e-05,2.47586e-05,2.93633e-05,9.70737e-05,4.88715e-06,6.92965e-07,0.000107566,3.44245e-06,4.97558e-06,5.53923e-06,7.11758e-05,6.35618e-05,2.47127e-06,3.25227e-06,2.85386e-06,1.21146e-06,1.38694e-05,1.34309e-06,0.732422,7.02823e-06,3.09374e-06,2.49192e-06,3.93484e-08,1.57757e-06,1.98827e-06,1.5482e-06,1.0,,2.31541e-06,2.0609e-06,1.32891e-06,2.24881e-06,1.49497e-06,6.42079e-06,0.000119765,1.42054e-06,3.52825e-06,3.12777e-06,1.81672e-06,2.50792e-06,1.66871e-06,1.49106e-06,,0.486066,1.26422e-06,,2.80458e-06,6.42784e-05,1.45719e-06,0.386539,2.18471e-05,2.12637e-06,0.000101966,1.68456e-06,2.04942e-06,3.19786e-05,,0.0161891,1.22914e-06,0.637718,7.04275e-06,1.38547e-06,1.68985e-06,2.23748e-06,2.02542e-06,1.93848e-06,,0.000117673,1.40295e-06,7.59347e-06,2.12703e-06,1.54601e-06,1.82691e-06,0.392105,,1.4216e-06,8.06978e-07,6.45024e-06,6.81242e-06,1.14411e-06,7.33384e-05,2.91465e-06,1.43214e-06,2.04325e-06,8.5311e-05,1.49629e-06,1.61891e-06,2.22042e-06,1.75424e-06,7.17563e-05,6.33163e-07,3.08704e-05,9.25201e-05,0.515233,2.22776e-06,6.54521e-05,1.2992e-06,6.70636e-06,2.43664e-06,1.34853e-05,1.75591e-06,6.96093e-05,8.58452e-07,7.48455e-06,0.153473,0.614984,1.44434e-05,0.615101,,,3.59805e-05,6.6963e-06,2.66939e-06,,,1.34254e-06,1.19402e-06,1.1998e-06,1.42684e-05,2.00495e-06,6.11333e-06,1.72259e-06,7.08632e-05,1.76539e-05,0.672762,0.000133491,1.56121e-06,2.11958e-08,1.88085e-05,1.82595e-07,9.40789e-07,1.77065e-05,,1.81051e-06,3.81107e-06,2.15663e-06,0.462813,1.61419e-06,1.15529e-06,1.50329e-06,3.04735e-06,3.72456e-10,4.83001e-07,4.82844e-07,0.00112581,3.19872e-06,3.60829e-07,6.45935e-07,8.72652e-07,1.56927e-05,2.44813e-05
Affx-98688389,2.95365e-06,4.4106e-08,2.17782e-05,4.40228e-07,1.38657e-06,3.21127e-05,4.43402e-06,3.52318e-05,3.9731e-05,5.72375e-07,8.32473e-06,7.48277e-09,5.20098e-07,1.48122e-05,4.07347e-06,7.3994e-06,2.70184e-06,4.4217e-05,2.98364e-06,6.3456e-06,1.96774e-05,3.16114e-06,2.60097e-05,1.92652e-08,2.325e-06,1.05541e-06,3.35013e-06,2.93788e-06,4.82308e-06,2.34594e-07,1.32562e-05,1.73015e-06,2.29541e-06,2.14425e-07,3.60932e-05,5.82203e-06,1.91722e-05,3.01916e-06,4.98459e-06,2.60039e-05,5.05115e-06,3.17098e-06,7.55331e-07,1.81471e-06,5.1556e-05,1.21537e-05,9.16019e-07,1.04485e-05,0.000171772,,1.35666e-05,2.33931e-06,1.8916e-06,6.11536e-06,1.17951e-06,1.50332e-06,1.17058e-06,,1.0,1.75671e-06,1.53169e-06,0.000164027,1.66039e-06,1.08954e-06,3.14433e-06,9.85646e-07,1.06081e-06,3.55379e-06,5.56772e-05,1.40521e-06,7.46545e-05,1.24346e-06,1.09752e-06,1.24579e-06,6.49336e-07,9.42597e-07,1.27337e-06,2.121e-06,5.16283e-07,1.08849e-06,1.31181e-06,1.46135e-07,1.57119e-06,1.12002e-06,1.26044e-06,1.50837e-06,2.50747e-06,1.29997e-06,1.13189e-06,9.29386e-07,,5.2043e-06,1.03194e-06,0.000534637,8.63505e-05,1.49134e-06,1.45198e-06,1.23714e-06,9.16979e-07,1.04751e-06,2.15952e-06,1.59498e-06,0.00137918,0.000111051,1.8582e-07,1.31666e-06,1.0749e-06,1.3084e-05,4.81767e-06,1.44767e-05,8.52107e-07,0.000107207,2.16837e-06,0.000643121,1.51125e-06,0.0005286,1.08386e-06,1.22434e-06,1.67894e-06,1.31399e-06,6.73531e-07,1.78264e-08,1.42464e-05,1.13241e-05,1.3254e-08,1.65782e-06,6.81403e-07,9.42464e-07,4.85658e-06,1.78924e-06,3.94705e-06,1.31429e-06,8.70954e-07,8.31003e-07,1.16562e-05,1.17584e-06,,7.66282e-07,,0.000122992,9.49826e-07,3.3543e-06,2.21572e-06,1.96977e-06,1.01995e-06,1.29758e-06,0.000159279,9.02832e-07,8.90243e-07,2.80952e-06,1.50273e-06,4.61991e-06,1.24941e-06,5.0248e-06,2.4525e-06,,3.12391e-06,1.16942e-06,6.08579e-05,2.04111e-05,3.47633e-06,2.06416e-06,2.46453e-06,3.61748e-05,1.35566e-06,1.17946e-06,1.79203e-06,,1.22052e-06,2.0191e-06,2.92848e-05,0.000147194,9.52635e-06,6.31313e-06,8.96753e-06,9.89645e-06,1.69107e-06,1.1679e-05,9.02425e-06,1.00618e-06,2.89892e-06,7.86917e-06
rs397507592,2.93562e-05,7.07459e-06,4.8494e-06,3.55742e-05,2.06431e-05,3.83642e-06,9.11272e-06,1.60478e-05,1.35631e-06,7.05706e-06,9.94231e-06,3.2135e-06,1.55232e-05,7.72815e-06,2.55524e-05,2.70363e-05,9.04159e-05,3.77195e-05,3.63604e-05,1.39738e-05,1.73027e-08,3.69839e-05,1.8392e-05,5.51042e-05,1.88588e-06,1.07238e-05,6.84251e-06,3.62368e-06,8.30513e-06,1.79107e-05,3.27912e-06,9.72537e-06,5.63473e-06,9.11545e-06,1.89183e-05,5.2611e-06,4.58356e-06,1.15622e-06,3.29772e-08,2.52103e-06,3.10065e-05,2.17213e-06,3.10146e-06,3.58343e-06,4.67987e-06,3.02109e-08,1.75647e-06,2.59761e-06,1.22713e-06,2.62183e-06,0.0125951,0.0741267,0.235585,7.85996e-06,0.433716,2.86112e-06,2.211e-06,2.31541e-06,1.75671e-06,1.0,4.18902e-05,1.92688e-06,3.26059e-06,2.19131e-06,3.39637e-06,7.37844e-05,0.446952,4.02548e-06,4.56055e-06,2.66612e-06,3.01036e-05,2.52259e-06,0.411021,0.462523,4.38335e-06,1.83301e-06,0.449008,0.015814,2.17934e-09,2.1128e-06,0.178803,5.99344e-07,0.381749,6.3779e-05,0.430183,2.89697e-06,4.93581e-06,0.470459,3.08326e-06,0.0530157,3.18227e-06,1.02115e-05,2.00875e-06,2.45839e-06,3.21842e-06,2.9622e-06,0.217488,0.328313,1.83461e-06,0.412068,6.55823e-06,3.77062e-05,2.21603e-06,0.349542,2.21149e-06,0.381783,2.0612e-06,2.40047e-07,2.02933e-06,1.58287e-06,1.65886e-06,2.80385e-06,0.238722,2.06081e-06,0.300997,2.52749e-06,6.41841e-05,2.35531e-06,3.57651e-05,0.109515,3.4059e-08,2.00326e-05,4.87666e-06,2.5599e-05,2.32067e-06,3.22997e-06,3.63006e-08,1.88372e-06,0.000105995,3.55838e-06,4.88542e-06,0.440321,4.91961e-08,1.15964e-06,1.077e-05,0.245303,2.26471e-06,1.88684e-06,3.43409e-06,2.40865e-06,1.87203e-06,1.00099e-05,4.0516e-07,0.0508305,6.98028e-05,2.66282e-06,0.000341109,1.73113e-06,8.41194e-05,3.868e-06,2.90694e-06,3.98357e-05,4.6994e-05,1.33363e-05,4.44527e-06,3.8951e-06,6.09209e-06,2.26365e-06,3.48428e-05,9.80286e-06,4.56933e-06,4.3062e-06,4.43153e-06,6.19187e-06,0.346566,3.93202e-06,1.08749e-05,2.13787e-06,2.34031e-06,1.12567e-05,2.57466e-05,7.13665e-07,6.8992e-05,2.60494e-06,3.13353e-05,1.83481e-05,3.41815e-05,2.97912e-05,2.16019e-06,3.38481e-05,1.34464e-05,3.45243e-06
rs80358440,6.75589e-06,1.78412e-06,3.3888e-05,6.67531e-05,5.21991e-06,4.9587e-06,2.60296e-06,3.2052e-07,4.13615e-06,6.20768e-06,8.26939e-06,6.02935e-06,2.33764e-05,7.0646e-06,1.22817e-06,4.98839e-05,5.08189e-05,0.000110245,2.58242e-07,7.51671e-07,7.99506e-06,2.28129e-05,1.45245e-05,5.242e-09,2.52553e-05,1.26663e-07,5.7459e-07,2.0273e-05,5.84623e-06,2.29896e-06,6.94774e-08,1.48036e-06,1.47083e-06,2.36275e-06,8.85075e-06,1.83966e-05,4.41556e-06,9.54485e-07,9.77509e-07,3.85221e-06,2.59854e-05,6.59078e-06,2.3812e-05,3.08308e-06,4.1655e-06,4.18017e-05,,1.81388e-05,1.68572e-06,0.000287092,4.48845e-05,3.98461e-06,3.6962e-05,2.76216e-05,7.23336e-05,5.77415e-05,1.94857e-06,2.0609e-06,1.53169e-06,4.18902e-05,1.0,1.67428e-06,2.851e-06,1.62914e-06,4.4204e-05,9.66016e-05,8.30683e-05,4.41081e-05,3.91508e-06,2.26263e-06,3.69682e-05,6.62819e-05,7.89193e-05,6.94133e-05,0.000152628,1.58295e-06,6.74719e-05,3.58166e-06,2.68718e-05,1.83136e-06,0.000280371,0.000120347,5.30239e-05,1.86252e-06,6.6299e-05,5.58768e-05,4.3391e-06,6.56193e-05,1.65177e-06,1.54661e-06,0.000228054,8.72793e-06,,2.15831e-06,4.48511e-05,2.4949e-06,5.61496e-05,7.03645e-05,9.23306e-05,8.4415e-05,1.11074e-06,4.95577e-05,1.96846e-06,0.000293721,0.000351295,6.55055e-05,1.83095e-06,2.80303e-06,8.14813e-06,8.52369e-06,2.26056e-08,2.49059e-06,2.92563e-05,1.82169e-06,5.07511e-05,2.20538e-06,1.87993e-06,2.03978e-06,2.83431e-06,2.25989e-06,2.30348e-05,1.19782e-05,2.85173e-06,2.24656e-05,0.000331247,4.89745e-05,2.83515e-05,1.60531e-06,4.17039e-06,3.1608e-06,8.24777e-06,6.26894e-05,2.4432e-05,7.95937e-06,9.61761e-06,0.000188624,7.23183e-05,7.55809e-06,0.000203862,2.03857e-06,1.58247e-06,6.90029e-07,3.12212e-05,3.38573e-06,1.77048e-06,2.28219e-06,1.72546e-06,,1.45852e-06,2.10121e-05,8.5827e-07,5.3216e-06,2.19594e-06,5.34962e-05,2.22317e-05,0.000177516,5.20632e-06,2.01127e-06,1.6827e-05,6.64151e-05,5.45919e-05,5.35344e-05,1.77122e-05,5.25492e-06,6.01605e-05,2.65344e-07,5.57092e-05,0.000362881,2.0788e-06,5.24711e-05,2.4695e-05,4.56741e-07,5.00083e-08,1.69085e-06,4.45139e-05,2.15791e-06,6.34587e-05,5.13087e-05,2.83672e-06,2.58602e-05,2.64548e-05,5.32647e-05
rs397507594,8.1508e-09,5.60033e-06,2.3489e-05,3.47839e-06,5.47895e-06,2.69072e-05,1.91615e-07,1.37569e-05,4.26365e-05,3.59056e-05,1.35303e-05,8.06863e-06,6.87935e-06,1.33872e-05,7.53131e-07,2.81e-06,8.44379e-07,4.49804e-06,9.84373e-06,5.1636e-07,2.63509e-05,3.55114e-07,3.37628e-05,2.30435e-05,6.94926e-06,6.17042e-06,1.37528e-05,1.92237e-05,3.26633e-05,5.4001e-05,8.14398e-08,3.65115e-06,3.06143e-05,1.26377e-05,2.16463e-05,1.13268e-05,2.73735e-05,4.25895e-05,3.28005e-06,2.49151e-08,1.43131e-07,1.26484e-06,2.00841e-05,1.98915e-06,2.6122e-06,6.0538e-06,9.97145e-07,8.21592e-05,1.09123e-06,1.50305e-06,0.000815456,1.71914e-06,0.0182371,6.16326e-07,1.29854e-06,0.000429472,1.24534e-06,1.32891e-06,0.000164027,1.92688e-06,1.67428e-06,1.0,1.80753e-06,1.22947e-06,8.17043e-07,1.10569e-06,1.16922e-06,2.58553e-06,2.53097e-06,1.49906e-06,2.04436e-06,1.41768e-06,1.21074e-06,1.40915e-06,2.50296e-06,1.02613e-06,1.42048e-06,2.26319e-06,1.87121e-06,1.19946e-06,3.21175e-06,1.69994e-06,1.72745e-06,1.15331e-06,1.38658e-06,9.80306e-05,2.77315e-06,1.44994e-06,1.7276e-06,1.01175e-06,1.8212e-06,5.72381e-06,1.12596e-06,1.36814e-06,0.0179253,1.66712e-06,1.59583e-06,1.39957e-06,1.02711e-06,1.15477e-06,1.75756e-06,1.6381e-06,1.25804e-06,1.50376e-06,1.28938e-06,1.48856e-06,1.17017e-06,5.38629e-05,5.18001e-06,1.27619e-05,9.16178e-07,1.57732e-06,2.42546e-06,1.1629e-06,1.70109e-06,1.43497e-06,1.21148e-06,1.31468e-06,1.81326e-06,1.42949e-06,8.05782e-06,1.98416e-05,1.5077e-05,1.42988e-05,1.33204e-06,1.80476e-06,1.33677e-05,1.05489e-06,5.46233e-06,2.03457e-06,2.13054e-05,1.44536e-06,7.40601e-06,1.91133e-05,5.99453e-06,2.15664e-06,1.28255e-06,1.8673e-05,1.99387e-06,0.000116155,0.000166015,8.76561e-05,8.82387e-06,0.00138783,0.000238471,9.59792e-07,1.10269e-06,9.82817e-07,9.2767e-07,6.561e-09,1.63589e-06,1.61304e-05,1.36011e-06,4.45416e-05,7.52583e-10,2.22579e-06,3.37179e-06,1.28521e-06,2.61377e-06,3.31369e-10,1.09291e-06,8.1991e-05,5.10785e-10,3.5322e-05,1.49032e-06,1.72283e-05,6.73783e-07,1.21158e-06,1.29973e-06,5.33655e-05,7.86928e-08,1.42566e-05,1.74664e-05,1.4999e-05,6.87753e-06,1.58362e-05,9.26168e-05,1.10059e-05,1.91289e-05,6.31701e-05,4.0817e-07,3.18134e-05
Affx-52159368,3.47145e-06,3.59381e-05,1.75698e-05,0.000367432,0.000920012,1.21688e-08,0.00010888,0.00014076,0.000336407,2.41289e-05,0.000125102,0.000187284,0.00280962,0.000109988,3.76885e-06,0.00020985,0.00183299,7.52498e-05,0.000442948,0.000547158,5.26263e-05,2.40891e-05,6.73916e-05,0.00060702,0.000267463,6.1305e-07,0.000573836,1.15945e-05,7.11845e-06,0.000473383,7.32576e-05,8.2212e-05,5.17196e-05,0.000260291,4.49464e-05,9.26814e-05,0.000412411,4.73078e-05,3.1731e-06,2.61808e-05,0.000834802,0.000233044,0.00136085,3.5702e-05,4.48094e-06,1.23154e-07,1.68742e-06,3.69118e-06,8.60412e-05,2.54347e-06,9.74106e-06,4.30921e-06,3.50914e-06,0.000395509,2.19737e-06,2.76943e-06,2.15652e-06,2.24881e-06,1.66039e-06,3.26059e-06,2.851e-06,1.80753e-06,1.0,2.10523e-06,1.08127e-07,1.90629e-06,1.97864e-06,2.51283e-07,4.35662e-06,2.54629e-06,3.50691e-06,2.38014e-06,2.07687e-06,2.36511e-06,4.20232e-06,1.76091e-06,2.41693e-06,3.84524e-06,0.00122723,2.02969e-06,5.43474e-06,0.000211291,2.77635e-06,2.08799e-06,2.34639e-06,2.74288e-06,4.74166e-06,2.4669e-06,2.91547e-06,1.6986e-06,3.08176e-06,9.8092e-06,1.92979e-06,2.33054e-06,3.04331e-06,2.84575e-06,4.78411e-05,2.34892e-06,1.76264e-06,1.95414e-06,2.82352e-06,2.9396e-06,2.13656e-06,2.54466e-06,2.18178e-06,2.49829e-06,1.98007e-06,4.45626e-07,9.08328e-06,9.4889e-06,1.59361e-06,2.69363e-06,4.03988e-06,1.93922e-06,2.74213e-06,2.40364e-06,2.09055e-06,2.26205e-06,3.0682e-06,2.40515e-06,0.00123767,0.000141476,2.86739e-05,5.02867e-05,2.23646e-06,3.10301e-06,0.0012068,1.80963e-06,9.34118e-06,3.41842e-06,5.57651e-06,2.44578e-06,0.00124898,1.10115e-05,1.16673e-06,3.59203e-06,2.2001e-06,1.07559e-05,3.37396e-06,2.27762e-06,1.75611e-06,5.68921e-05,1.06612e-05,3.65987e-06,2.03551e-06,2.49244e-06,1.89048e-06,1.65011e-06,1.68957e-06,0.00086483,2.79266e-06,3.31704e-06,2.38052e-06,7.15566e-05,0.000870341,3.76639e-06,5.85293e-06,6.47669e-05,5.15635e-05,0.000368747,4.30013e-07,2.35686e-05,0.000870952,5.92119e-06,2.5021e-06,2.84572e-05,3.10371e-07,2.07837e-06,2.24831e-06,2.26875e-05,0.000401312,0.000190649,0.000130914,0.000130101,0.000198016,5.97027e-05,4.19213e-05,0.000213203,0.000143645,0.000110447,0.000690908,1.27398e-05
Affx-92046495,8.28341e-07,1.4978e-05,1.42048e-08,7.46829e-11,1.13238e-05,1.50366e-05,6.86235e-06,3.02919e-05,4.80777e-05,2.4385e-05,1.78444e-06,1.30811e-05,8.52649e-06,2.31338e-07,2.77736e-06,4.84422e-06,2.72614e-05,1.31708e-05,6.19219e-06,2.34504e-05,4.1814e-05,4.9655e-06,3.61417e-05,3.23517e-05,4.2128e-07,3.69496e-05,6.41472e-05,3.82898e-06,9.35772e-06,4.55456e-05,7.0895e-06,1.86453e-05,4.988e-06,3.10823e-06,5.05518e-06,7.97039e-06,9.28466e-06,8.33608e-06,2.04762e-06,0.000127265,6.00132e-06,3.43331e-05,1.17636e-07,2.28645e-06,3.04446e-06,6.1263e-05,0.000144309,1.78944e-05,1.22793e-06,1.69295e-06,8.53769e-06,2.84612e-06,2.33103e-06,1.00616e-07,1.47685e-06,1.83961e-06,0.000106192,1.49497e-06,1.08954e-06,2.19131e-06,1.62914e-06,1.22947e-06,2.10523e-06,1.0,6.65089e-05,0.000134087,1.32984e-06,6.69982e-05,2.94456e-06,0.000112342,5.61965e-05,1.62878e-06,1.37957e-06,1.56474e-06,2.84657e-06,1.18347e-06,1.59903e-06,2.53386e-06,1.37617e-07,1.34823e-06,3.65258e-06,2.35101e-06,1.94422e-06,1.38692e-06,1.577e-06,0.000879667,3.18686e-06,1.63209e-06,7.857e-05,1.12097e-06,2.05478e-06,6.57647e-06,0.000551344,1.59937e-06,6.89575e-05,1.896e-06,1.77248e-06,1.55403e-06,1.1847e-06,1.31333e-06,5.41392e-06,1.99128e-06,1.44731e-06,1.71026e-06,1.44987e-06,1.63315e-06,1.31534e-06,3.13995e-07,6.00102e-06,6.36092e-06,0.000157533,1.78926e-06,2.75861e-06,1.34064e-06,1.8662e-06,1.61299e-06,1.41617e-06,0.000100612,2.07866e-06,1.60401e-06,1.09499e-09,5.26141e-06,7.65755e-06,2.32738e-05,1.47962e-06,2.06124e-06,7.10436e-07,0.000131019,6.26177e-06,2.31395e-06,4.96945e-06,1.6438e-06,5.21293e-07,1.76328e-05,6.18374e-05,5.3986e-05,1.46224e-06,1.81815e-05,2.25117e-06,1.5188e-06,0.000141051,1.0721e-05,3.2179e-05,5.43878e-05,1.35743e-06,1.65911e-06,1.27066e-06,0.000149371,1.12228e-06,2.4497e-06,7.9441e-05,5.76943e-06,8.59948e-05,9.99045e-06,2.81835e-06,2.51491e-06,3.91723e-06,1.42751e-06,6.08956e-05,4.12927e-05,3.31092e-05,9.20758e-08,2.80582e-06,3.93397e-06,1.69492e-06,1.62269e-06,6.25227e-05,1.38037e-06,1.51113e-06,1.44605e-08,9.86494e-06,5.3541e-06,0.000126443,8.15864e-05,2.1231e-05,1.13265e-07,1.42673e-05,2.61896e-05,8.26058e-05,7.03187e-06,2.25969e-07,1.82019e-06
rs11571643,6.9126e-07,0.00011826,6.83803e-05,0.000824366,7.45365e-05,0.00901611,0.000855412,6.00259e-06,0.00043128,0.00041155,8.04587e-05,0.000576802,0.000322474,7.69665e-05,0.00674838,0.00767045,0.000189841,0.000779935,0.00874826,0.00883896,4.24658e-06,0.000219535,3.60275e-07,0.00580984,0.00441783,9.20543e-05,0.000394789,0.000442153,0.00100348,0.000763537,0.00400796,0.000652347,0.00100888,0.000164177,0.000460534,0.00301637,0.00783633,0.0019974,0.00138149,0.382478,0.0760077,0.000129383,0.0525528,5.61507e-05,2.13765e-06,0.797098,1.72824e-07,0.000362866,1.57067e-05,5.69864e-07,3.39122e-05,4.02697e-05,7.08869e-06,0.0367308,1.16466e-05,2.21121e-06,1.58842e-05,6.42079e-06,3.14433e-06,3.39637e-06,4.4204e-05,8.17043e-07,1.08127e-07,6.65089e-05,1.0,4.0614e-06,2.81349e-05,0.99174,0.000242059,1.61356e-07,5.8491e-06,2.38362e-05,5.93491e-06,6.17613e-06,1.17035e-06,3.14456e-08,4.60714e-05,3.77088e-07,0.0606196,0.000104506,1.09778e-05,0.0209989,3.16327e-09,2.05972e-07,5.21178e-06,9.85124e-07,0.000159345,1.44297e-05,1.29435e-05,1.38077e-05,1.23187e-08,0.000225774,6.03174e-05,2.63364e-06,5.73747e-06,1.14809e-05,5.0317e-05,9.02183e-07,5.81907e-05,1.96093e-06,0.00127499,1.83031e-05,1.1394e-06,1.11081e-06,2.47131e-05,6.23168e-06,1.4963e-05,0.0678303,0.00033359,0.000241956,5.96443e-06,8.19082e-06,2.98715e-05,6.92411e-07,2.99561e-06,6.80638e-05,1.17073e-05,3.2311e-05,1.08766e-05,1.04313e-06,0.0605004,0.00704646,0.485769,0.00845886,5.09929e-06,4.30035e-05,0.0603623,6.86306e-06,0.000192246,8.03986e-05,0.00023799,6.17124e-06,0.0600177,0.000870579,3.8261e-06,2.06763e-06,4.98619e-07,0.000829353,6.93676e-07,2.97898e-05,1.71221e-06,0.00255561,0.00200678,2.39003e-05,3.50714e-07,8.612e-05,4.71219e-06,2.56271e-05,3.20466e-06,0.0823538,1.95013e-05,0.0211424,5.58335e-06,0.00535684,0.0827606,4.94059e-06,0.000229802,4.24292e-06,0.00770728,0.0374807,0.45917,0.00249228,0.0826578,7.79774e-06,5.30649e-06,0.00414182,0.434923,1.89965e-05,3.7002e-05,0.00243374,0.0371743,0.00727344,0.00124801,0.00132337,1.65519e-11,0.000622003,0.00172399,1.08394e-05,0.00104128,0.00243284,0.0249405,0.00070248
rs886040397,5.05359e-06,7.47904e-10,4.45517e-06,2.67596e-06,2.3008e-06,1.46102e-06,3.28593e-05,3.72939e-05,3.23975e-05,1.258e-06,3.14077e-07,1.37965e-07,1.24012e-05,1.69457e-06,1.0137e-06,1.47953e-05,3.87965e-05,3.25245e-08,4.34919e-05,4.31134e-05,2.45138e-06,8.91394e-07,5.06882e-06,3.36352e-05,1.58015e-05,4.65074e-06,5.87462e-06,6.21797e-06,6.5413e-06,2.89698e-07,3.21952e-07,1.35281e-06,8.18333e-05,2.10319e-05,8.97344e-06,7.42053e-06,1.03363e-05,4.12092e-06,3.26577e-05,1.19767e-06,6.98355e-07,2.79575e-05,3.10265e-05,1.98352e-06,2.76347e-06,2.02457e-08,1.03509e-06,4.62227e-07,1.05751e-06,0.00010272,1.15618e-05,2.62833e-06,6.62592e-05,8.54832e-06,0.00012141,9.67333e-05,0.000128268,0.000119765,9.85646e-07,7.37844e-05,9.66016e-05,1.10569e-06,1.90629e-06,0.000134087,4.0614e-06,1.0,1.18291e-06,4.5461e-06,2.67237e-06,1.49495e-06,6.94253e-05,1.45639e-06,1.24237e-06,0.000115113,5.20577e-05,1.005e-06,0.000112174,2.32004e-06,4.70413e-05,1.22998e-06,0.000187193,2.81111e-06,0.000421977,1.23383e-06,0.000110708,1.73615e-06,4.49254e-05,0.000109366,9.77575e-05,1.00658e-06,8.09822e-05,5.95689e-06,1.1837e-06,1.45951e-06,1.88159e-06,1.7003e-06,9.43689e-05,0.000115065,1.0508e-06,1.16801e-06,2.3792e-05,1.77227e-06,1.29085e-06,1.52551e-06,0.000128508,0.000107972,0.000135893,1.48481e-05,5.48104e-06,5.73015e-06,9.6465e-07,1.54691e-06,5.42184e-05,1.22358e-06,8.72671e-05,1.42901e-06,1.24738e-06,1.35032e-06,8.00887e-05,1.48391e-06,4.85731e-05,2.97367e-05,1.58099e-05,1.14215e-05,1.33471e-06,1.90334e-06,4.71241e-05,1.06488e-06,5.58006e-06,2.06684e-06,2.01432e-05,0.000106586,5.02635e-05,1.98722e-05,9.37247e-06,0.000304871,0.000121394,1.9681e-05,7.16438e-05,0.000114144,0.00069657,6.19912e-07,2.74659e-05,2.25062e-06,1.22044e-06,0.000107639,1.14448e-06,1.02013e-06,0.000163975,1.29191e-05,1.71306e-06,1.55267e-05,1.45232e-06,2.50124e-07,1.30734e-05,6.15381e-05,3.49982e-06,1.33415e-06,1.81536e-07,7.78273e-06,3.2061e-06,1.10235e-05,1.30668e-05,3.58302e-06,0.000102705,1.89694e-05,4.26566e-06,0.000132001,1.37905e-06,1.05437e-05,1.25191e-05,1.25038e-05,1.55438e-05,5.30225e-06,2.41699e-05,1.34638e-06,6.94165e-06,1.96164e-05,1.10844e-05,3.24829e-07,6.34057e-06,2.94846e-06
rs886040411,2.19228e-05,3.10354e-05,2.57852e-05,2.29401e-06,4.47578e-05,4.97193e-06,2.57863e-05,3.74086e-06,7.48821e-06,2.89845e-06,2.60698e-06,2.95735e-06,5.71744e-06,1.49851e-07,1.10257e-05,2.17293e-05,8.814e-07,1.73073e-05,3.66234e-06,6.43046e-06,1.52684e-05,3.49816e-07,9.23203e-06,4.18966e-06,2.40527e-05,1.49991e-05,8.20466e-06,8.7529e-06,5.6315e-05,3.69144e-06,3.10519e-05,2.43073e-07,6.76193e-06,6.84257e-06,2.85966e-06,1.38185e-07,4.23783e-05,2.40965e-06,1.26872e-05,6.67853e-05,9.62075e-07,6.79012e-07,9.63452e-06,2.17434e-06,2.81087e-06,1.96381e-05,1.06592e-06,1.53574e-07,1.18175e-06,1.60663e-06,9.66491e-06,0.000599511,0.395335,2.71873e-05,0.798416,1.74936e-06,1.3454e-06,1.42054e-06,1.06081e-06,0.446952,8.30683e-05,1.16922e-06,1.97864e-06,1.32984e-06,2.81349e-05,1.18291e-06,1.0,2.63262e-05,2.76751e-06,1.63406e-06,6.1576e-05,1.53084e-06,0.869938,0.840845,2.67548e-06,1.11234e-06,0.763718,2.4677e-06,3.57248e-06,1.28212e-06,0.339573,9.51492e-07,0.709522,1.31891e-06,0.750929,8.32451e-05,2.99524e-06,0.838376,1.87086e-06,1.08147e-06,1.94671e-06,6.19647e-06,1.21902e-06,1.50316e-06,1.96867e-06,1.79761e-06,0.381059,0.547121,1.11346e-06,0.762482,1.30339e-05,7.77662e-05,1.36028e-06,0.662938,1.36105e-06,0.697831,1.25081e-06,1.53485e-05,1.13436e-05,1.01701e-05,1.00663e-06,1.68045e-06,0.454735,1.26005e-06,0.58666,1.53385e-06,1.33102e-06,1.44013e-06,1.95366e-06,0.00118505,4.00016e-06,3.50924e-06,1.17014e-05,7.52124e-07,1.42388e-06,1.96013e-06,4.02114e-06,1.14311e-06,8.11261e-05,2.17482e-06,4.67064e-06,0.805757,3.92515e-06,2.10939e-05,6.50398e-06,0.386591,1.38978e-06,2.16971e-05,2.0786e-06,1.46163e-06,1.13598e-06,9.17518e-06,6.58827e-08,2.34869e-06,1.29015e-06,1.61587e-06,0.00058852,1.05057e-06,1.03877e-06,1.82205e-05,1.76408e-06,0.000244256,1.51564e-06,1.38431e-05,1.91391e-05,2.37918e-06,3.69721e-06,1.37365e-06,3.71775e-05,2.01892e-05,1.5529e-05,1.34302e-05,1.91252e-05,3.72313e-06,0.57875,5.18665e-07,6.35226e-06,1.31287e-06,1.42027e-06,1.2893e-05,7.64361e-07,7.26266e-06,1.05638e-05,1.05349e-05,9.89883e-07,3.79779e-05,5.25605e-06,2.14145e-06,1.42233e-05,1.73667e-05,0.00022701,1.04595e-06
rs1801499,1.87782e-06,0.000108025,7.33147e-05,0.000816302,8.23261e-05,0.00893641,0.000866488,2.06815e-06,0.000402783,0.000383682,9.98826e-05,0.00062037,0.000315179,9.86698e-05,0.00667963,0.00749477,0.000241517,0.000772471,0.00890923,0.0088988,1.09698e-06,0.000191501,5.74587e-08,0.00593233,0.00434375,7.67745e-05,0.000372585,0.000441154,0.00118727,0.000766647,0.00405241,0.000645113,0.00103036,0.000176014,0.000499222,0.00311235,0.00801433,0.00203102,0.0014094,0.385106,0.0769138,0.000136692,0.0531085,5.62652e-05,2.77971e-06,0.797298,8.04834e-08,0.000370639,1.44522e-05,3.00931e-08,2.82938e-05,4.09465e-05,1.1286e-06,0.0368972,1.05124e-05,1.39083e-05,1.68349e-05,3.52825e-06,3.55379e-06,4.02548e-06,4.41081e-05,2.58553e-06,2.51283e-07,6.69982e-05,0.99174,4.5461e-06,2.63262e-05,1.0,0.000245279,3.13155e-07,3.82734e-06,1.85855e-05,5.18099e-06,5.38187e-06,2.04917e-06,1.23896e-08,4.34858e-05,1.5552e-05,0.0614336,0.000103486,9.37769e-06,0.0213529,1.75225e-06,4.62861e-07,4.47477e-06,7.36301e-08,0.000133008,1.89511e-05,3.58233e-05,3.03288e-05,3.55969e-07,0.000218423,4.29543e-05,3.11248e-06,1.02474e-05,2.22498e-05,4.73901e-05,2.44367e-06,3.48802e-05,1.56664e-06,0.00129401,1.19465e-05,8.38747e-07,5.18909e-07,1.82258e-05,5.44457e-06,1.58555e-05,0.0674059,0.000310485,0.000225826,5.29285e-06,1.14108e-05,2.73582e-05,9.29977e-07,3.57127e-06,5.71846e-05,1.62913e-05,3.02464e-05,1.09778e-05,1.36211e-06,0.0612505,0.00699096,0.487969,0.00864812,8.15843e-06,5.80009e-05,0.0611456,1.24307e-05,0.000211364,8.46187e-05,0.000245339,5.3446e-06,0.0607665,0.000867192,5.48795e-06,1.54687e-06,1.77574e-06,0.000826072,1.40594e-07,2.99851e-05,9.31452e-07,0.00262019,0.00204459,3.58246e-05,1.66633e-06,7.3387e-05,5.25881e-06,2.39968e-05,3.6404e-06,0.0830744,1.13482e-05,0.0209933,5.51417e-06,0.00546508,0.0835001,6.79044e-06,0.000252328,4.80759e-06,0.00775678,0.0379023,0.459688,0.00258588,0.0834058,6.45577e-06,7.15958e-06,0.00417325,0.436026,1.32446e-05,3.20809e-05,0.00252583,0.0375192,0.00737739,0.00127974,0.00136207,9.8806e-08,0.000590641,0.00173771,8.45107e-06,0.00107593,0.00245081,0.025161,0.000735411
rs80359785,9.30856e-06,0.000367656,3.7999e-06,5.46094e-07,0.000501623,3.26319e-05,0.000119567,0.000196744,0.00023644,9.05947e-06,0.00012614,8.49816e-05,3.72825e-06,0.000130191,1.79562e-05,0.000119275,0.000432026,5.67047e-06,0.000952579,0.000766464,2.21912e-05,1.70765e-05,5.58165e-05,0.000731351,0.000182466,1.52587e-05,0.000702827,0.0165652,7.88602e-06,0.000903463,0.00496237,1.84773e-05,1.16532e-05,0.000270004,6.63999e-05,0.000156847,0.000325383,2.79626e-06,6.79985e-07,0.000274408,0.00122129,5.72569e-05,0.00219435,4.7244e-06,6.3361e-06,0.000222313,0.000271943,2.81147e-05,2.54315e-06,3.00659e-05,5.80632e-09,6.02725e-06,4.9082e-06,0.000472237,3.07335e-06,2.57794e-05,3.0163e-06,3.12777e-06,5.56772e-05,4.56055e-06,3.91508e-06,2.53097e-06,4.35662e-06,2.94456e-06,0.000242059,2.67237e-06,2.76751e-06,0.000245279,1.0,3.26022e-05,4.93972e-06,3.23233e-05,2.9049e-06,3.25947e-06,1.06441e-05,2.46297e-06,3.33088e-06,5.43337e-06,0.00209673,2.83882e-06,5.16782e-06,0.000231655,4.00354e-06,2.90394e-06,3.2634e-06,3.97043e-06,6.63211e-06,3.38028e-06,4.02601e-06,2.39455e-06,2.11284e-05,1.45845e-05,0.000231212,3.32833e-06,4.35911e-06,0.000145235,3.77659e-06,3.23707e-06,2.46538e-06,2.73323e-06,2.96219e-05,4.14402e-06,3.01188e-06,3.5591e-06,3.86602e-05,3.44301e-06,2.73535e-06,1.22402e-05,1.27043e-05,1.3272e-05,0.000291724,3.74645e-06,5.70888e-06,2.79013e-06,3.98871e-06,0.000174505,2.94717e-06,3.18887e-06,2.14161e-05,3.3985e-06,0.00211303,2.44246e-05,0.000317346,6.75154e-05,3.67039e-05,2.08225e-05,0.00204616,2.53103e-06,5.49709e-08,4.81552e-06,1.03418e-05,3.42088e-06,0.00213067,4.61137e-05,1.45469e-05,1.51992e-05,3.76884e-05,4.5422e-05,1.76751e-05,3.16386e-06,2.45897e-06,3.00148e-06,4.26449e-06,5.16584e-06,4.72399e-05,3.40295e-06,2.64442e-06,5.75163e-05,2.36312e-06,0.00102847,2.58949e-05,1.20411e-05,3.33717e-06,1.66436e-05,0.00103603,1.4e-05,8.18643e-06,3.04158e-06,8.59661e-05,0.000423677,0.000132871,1.13946e-05,0.00101941,8.19495e-06,3.48776e-06,1.86169e-06,0.000134145,4.11766e-05,3.12717e-06,1.09385e-05,0.000364369,0.000240647,0.000246056,0.000248798,0.000466588,8.67698e-06,0.000141679,0.000437696,0.000221688,0.000130613,0.000655455,5.2741e-06
Affx-9226276,3.20362e-05,3.0956e-05,1.02039e-05,3.34339e-05,9.09287e-06,4.36057e-05,2.03168e-08,7.11576e-07,3.58582e-05,2.93581e-05,9.34919e-06,2.5945e-06,6.1778e-05,3.60285e-06,2.88389e-06,2.45523e-06,2.06268e-05,7.6269e-07,7.77369e-06,1.03405e-06,2.20579e-05,3.64537e-05,3.08775e-05,1.50851e-05,4.11193e-06,3.8063e-06,2.08806e-05,2.28724e-05,1.97781e-06,2.65204e-05,1.34557e-05,1.19641e-05,6.80272e-07,7.61013e-09,3.90849e-06,9.68124e-09,1.13062e-06,1.17092e-08,5.87639e-06,9.27352e-06,2.90243e-06,1.87502e-07,1.49066e-05,5.0953e-05,3.74068e-06,1.11856e-06,,1.09463e-05,1.53136e-06,2.06012e-06,7.89254e-06,3.55884e-06,2.89824e-06,2.43108e-06,1.81462e-06,6.578e-05,1.74036e-06,1.81672e-06,1.40521e-06,2.66612e-06,2.26263e-06,1.49906e-06,2.54629e-06,0.000112342,1.61356e-07,1.49495e-06,1.63406e-06,3.13155e-07,3.26022e-05,1.0,2.88773e-06,1.94053e-06,1.71519e-06,1.96968e-06,3.32289e-05,1.41377e-06,2.01282e-06,3.91515e-05,1.57763e-05,1.61546e-06,4.44792e-06,5.25724e-05,2.37532e-06,9.4339e-05,1.93778e-06,2.29415e-06,3.85522e-06,2.0545e-06,1.46894e-06,1.39371e-06,2.50467e-06,5.24114e-06,,1.96527e-06,2.5488e-06,6.41398e-05,2.2099e-06,1.93547e-06,1.43551e-06,1.61373e-06,3.14631e-05,2.38597e-06,1.75813e-06,2.04062e-06,1.78164e-06,2.08077e-06,1.63531e-06,1.43828e-06,6.77798e-06,5.68047e-06,1.99899e-08,2.22446e-06,3.35632e-06,1.62713e-06,2.28678e-06,2.00517e-06,1.6791e-06,8.37782e-05,2.55416e-06,2.01835e-06,1.79821e-05,2.83203e-08,9.79955e-06,1.42649e-05,1.84115e-06,5.82368e-05,1.79714e-05,1.43382e-06,7.53139e-06,2.78265e-06,5.96429e-06,2.01955e-06,1.68657e-05,1.57083e-07,3.67084e-06,2.96403e-06,1.7765e-06,1.9762e-07,2.74597e-06,1.87035e-06,1.41556e-06,2.91213e-06,7.86561e-05,4.00526e-05,1.59206e-06,2.03145e-06,1.56147e-06,,1.3213e-06,4.64023e-05,7.66585e-07,7.58362e-06,6.93191e-05,1.84708e-06,5.18747e-05,3.07007e-06,4.69173e-06,1.79631e-06,8.1499e-07,5.15876e-05,1.16241e-09,3.54964e-06,4.45836e-05,4.91072e-06,2.0827e-06,1.67687e-05,1.87682e-07,1.67597e-06,8.26247e-05,3.99818e-06,1.00787e-08,8.03179e-06,7.28262e-06,8.60715e-06,8.52847e-06,1.23415e-05,7.54315e-05,1.85795e-05,4.6524e-06,4.3782e-05,2.66873e-06,5.23308e-06
rs80358535,7.6662e-06,4.1336e-06,6.74442e-06,3.34014e-05,1.19268e-05,1.66126e-05,0.000105811,7.14105e-06,4.59605e-07,9.8402e-06,2.39093e-06,1.24402e-05,1.84724e-06,3.08807e-06,3.60861e-05,1.13856e-07,6.44419e-07,5.15994e-05,1.17783e-05,1.89734e-06,2.44043e-05,5.32979e-06,1.82872e-05,9.8715e-08,7.14181e-06,1.36973e-05,1.63583e-06,8.23076e-07,1.94737e-05,3.3964e-07,5.46942e-06,3.70541e-06,2.77095e-05,2.18816e-06,1.34505e-05,4.68961e-06,3.76923e-06,1.50143e-06,6.49948e-06,4.6262e-06,3.66074e-05,1.36703e-05,5.85717e-06,2.91836e-05,0.176209,6.04855e-07,1.88927e-06,2.93573e-06,2.02132e-06,2.84005e-06,1.07872e-05,4.85861e-06,0.000735987,5.67555e-06,0.000260173,3.07331e-06,2.40366e-06,2.50792e-06,7.46545e-05,3.01036e-05,3.69682e-05,2.04436e-06,3.50691e-06,5.61965e-05,5.8491e-06,6.94253e-05,6.1576e-05,3.82734e-06,4.93972e-06,2.88773e-06,1.0,2.71339e-06,5.90815e-05,0.000248225,4.74779e-06,1.98536e-06,0.000241915,4.28764e-06,1.25069e-05,2.28846e-06,7.74544e-05,3.56111e-06,0.000196305,5.74796e-05,0.000243647,3.76511e-05,5.34618e-06,0.000235886,3.26974e-06,1.88948e-06,3.44704e-06,9.5954e-06,2.16068e-06,0.21951,3.37408e-06,3.64174e-05,0.00156591,5.07256e-05,6.84812e-05,0.000299475,1.99553e-05,3.32003e-05,5.38673e-05,0.000217993,2.43227e-06,0.000230042,2.23257e-06,2.83677e-05,1.02133e-05,1.06431e-05,1.79674e-06,3.94974e-05,0.00588827,0.134323,0.000191684,2.7377e-06,5.56372e-05,2.55269e-06,3.1392e-05,2.73584e-06,1.28335e-05,3.91262e-06,2.64504e-05,2.08933e-05,2.49634e-06,3.49861e-06,2.87884e-08,1.99873e-06,1.09219e-06,3.88181e-06,3.5768e-06,0.000231655,5.65258e-06,2.86566e-05,1.17264e-05,0.000140702,2.41887e-06,2.95573e-05,3.77649e-06,4.81555e-05,1.92927e-06,9.28806e-06,5.0347e-05,4.07849e-06,6.33356e-05,2.747e-06,0.0906278,1.84907e-06,7.51127e-05,1.56066e-06,3.12663e-06,1.88831e-06,2.65015e-06,1.4573e-05,1.20313e-06,4.21895e-06,8.13677e-06,2.45186e-06,6.02652e-06,3.88468e-07,1.81061e-05,2.16357e-06,2.27174e-06,0.0678446,0.000223274,6.43314e-05,2.42652e-05,2.31568e-06,2.53502e-06,5.2572e-08,2.57262e-05,1.90043e-05,1.77607e-05,7.88355e-06,1.01226e-05,9.06198e-06,1.31951e-06,1.57155e-05,1.40202e-05,9.71978e-06,1.29773e-05,8.58064e-06
Affx-472940807,1.37154e-05,2.1623e-08,3.4669e-06,5.67439e-05,6.09163e-05,3.9143e-07,2.20584e-06,5.04504e-06,4.13146e-06,2.19678e-05,1.10483e-05,1.3422e-06,0.000110365,6.43496e-06,1.03299e-07,6.44209e-07,1.38578e-05,2.94093e-06,1.1594e-05,1.32017e-06,1.96506e-06,8.61846e-07,1.90055e-05,3.63404e-06,2.83228e-06,2.54398e-05,1.48216e-05,1.09271e-05,3.26405e-05,5.08729e-05,7.14175e-08,4.28941e-06,6.48242e-06,3.34545e-07,7.82109e-05,1.91824e-05,6.76317e-06,1.39051e-05,7.18562e-05,4.94128e-08,2.27042e-06,1.04711e-06,9.97327e-07,2.5362e-06,3.50481e-06,9.7821e-06,1.29233e-06,1.52828e-05,1.38891e-06,0.000803964,5.52157e-05,3.33388e-06,4.58456e-05,1.0397e-05,1.70007e-06,2.14266e-06,1.63279e-06,1.66871e-06,1.24346e-06,2.52259e-06,6.62819e-05,1.41768e-06,2.38014e-06,1.62878e-06,2.38362e-05,1.45639e-06,1.53084e-06,1.85855e-05,3.23233e-05,1.94053e-06,2.71339e-06,1.0,9.30726e-05,1.76962e-06,0.000450634,1.34861e-06,1.8084e-06,4.00449e-05,8.69569e-06,1.57033e-06,0.000334189,2.94574e-07,2.19847e-06,1.58027e-06,1.81531e-06,2.16671e-06,3.66834e-06,1.84573e-06,6.46574e-05,0.000118279,0.000648812,5.50681e-05,1.49305e-06,1.84111e-06,2.41124e-06,6.34209e-05,2.06789e-06,1.73899e-06,0.000107628,1.51188e-06,8.37911e-06,5.9996e-05,1.66606e-06,1.96876e-06,0.000954248,1.84952e-06,1.53199e-06,4.04883e-06,7.00851e-06,7.32235e-06,1.23291e-06,2.06288e-06,3.11141e-06,1.54331e-06,2.2262e-06,1.8786e-06,1.61374e-06,1.76392e-06,2.3443e-06,1.89047e-06,6.99349e-06,2.43769e-05,5.16246e-06,2.5873e-06,0.000391471,2.40068e-06,7.02412e-06,1.40008e-06,5.8635e-05,2.6637e-06,5.70155e-06,1.89226e-06,7.72804e-06,2.27471e-07,7.96501e-06,0.000539918,0.000942752,2.77959e-07,0.000585257,1.71771e-06,0.000121769,4.51045e-05,4.83585e-06,2.85748e-06,1.51899e-06,1.87897e-06,1.44796e-06,1.28674e-06,1.30719e-06,1.60164e-05,2.16064e-06,6.66052e-06,1.8563e-06,6.82811e-06,1.69698e-05,0.00051605,4.50919e-06,1.68245e-06,8.65419e-06,1.63381e-05,6.70915e-06,4.27869e-06,1.69459e-05,4.44919e-06,1.95105e-06,7.24538e-06,2.10856e-06,0.000428444,1.70319e-06,4.76574e-06,1.69588e-05,2.7968e-06,5.56379e-09,1.07361e-07,7.17118e-06,2.05468e-07,1.62848e-05,7.36959e-06,6.61209e-08,1.69871e-05,3.15361e-06,1.868e-05
rs864622609,6.80699e-07,2.32374e-05,2.70831e-05,2.03852e-05,4.77401e-05,2.7664e-09,4.13451e-05,6.98893e-06,8.88705e-06,6.20774e-06,9.53706e-06,1.34584e-05,6.34023e-05,1.15123e-05,5.60342e-07,3.48075e-05,5.13968e-06,2.14528e-05,6.67936e-08,9.70066e-06,4.16109e-06,1.63066e-05,1.45259e-06,1.11196e-05,1.26719e-05,5.44744e-06,2.46054e-07,9.8088e-08,5.01896e-05,4.9359e-08,1.32148e-07,5.93563e-06,2.18272e-05,7.28848e-06,2.06344e-05,1.30673e-06,4.05801e-05,1.42256e-06,1.02719e-05,3.88222e-05,4.52144e-06,3.44712e-07,2.34064e-05,2.2823e-06,2.96823e-06,2.30656e-06,1.11884e-06,4.60483e-08,1.24043e-06,1.68643e-06,8.55141e-06,2.79138e-06,0.381896,5.04016e-05,0.777502,1.81998e-06,1.39695e-06,1.49106e-06,1.09752e-06,0.411021,7.89193e-05,1.21074e-06,2.07687e-06,1.37957e-06,5.93491e-06,1.24237e-06,0.869938,5.18099e-06,2.9049e-06,1.71519e-06,5.90815e-05,9.30726e-05,1.0,0.839161,2.8083e-06,1.16756e-06,0.772657,2.57361e-06,1.77166e-05,1.34574e-06,0.329033,8.92154e-07,0.744044,1.38443e-06,0.741239,1.87589e-06,3.14394e-06,0.846716,1.96375e-06,1.13516e-06,2.04335e-06,6.50427e-06,1.2795e-06,1.57778e-06,2.04992e-06,1.88685e-06,0.35966,0.566703,1.16874e-06,0.736869,1.08211e-05,7.37325e-05,1.37908e-06,0.651093,1.42953e-06,0.636606,1.31291e-06,1.61367e-05,1.00627e-05,8.96966e-06,1.05663e-06,1.76496e-06,0.462895,1.32265e-06,0.624256,1.61e-06,1.38083e-06,1.49387e-06,2.05065e-06,1.56864e-06,1.86923e-05,1.54367e-06,8.61317e-11,6.58977e-06,1.49453e-06,2.0412e-06,1.87503e-05,1.19986e-06,7.52629e-05,2.28279e-06,4.90251e-06,0.822189,1.87048e-05,1.65273e-06,6.81468e-06,0.391884,1.45877e-06,1.78543e-06,2.21068e-06,1.53419e-06,1.19238e-06,1.12642e-05,4.2189e-08,2.44876e-06,1.33801e-06,1.69606e-06,0.000558358,1.10273e-06,1.09101e-06,1.55383e-05,1.85166e-06,0.000225951,1.59089e-06,2.88519e-05,1.64143e-05,2.49729e-06,3.88076e-06,1.44184e-06,5.91306e-05,1.05263e-05,1.09072e-05,4.32088e-06,1.63993e-05,3.92701e-06,0.613711,6.2865e-06,3.71358e-06,1.37801e-06,1.49077e-06,3.9756e-06,3.50019e-06,6.45059e-06,3.83038e-06,7.354e-06,3.54508e-07,1.66057e-05,4.99912e-06,1.16226e-06,1.06155e-05,2.19523e-05,0.000186469,1.12467e-06
rs80359381,1.23028e-05,2.31797e-05,8.93536e-06,1.2436e-05,0.00010122,7.92771e-07,3.107e-05,1.15002e-05,3.66416e-05,6.34012e-06,7.51533e-06,8.01531e-06,5.12403e-05,8.44966e-06,2.92681e-10,3.29341e-05,2.26536e-05,2.11351e-05,1.56122e-05,1.65268e-07,2.93206e-06,1.41958e-06,8.24879e-06,1.60497e-05,1.72875e-05,1.8732e-06,8.89941e-07,5.0406e-08,3.69882e-05,5.31044e-07,7.72356e-07,1.4121e-05,4.08174e-06,5.25362e-06,2.73379e-06,5.915e-08,5.62799e-06,2.51664e-06,5.46575e-06,3.19318e-05,4.22229e-06,1.41334e-06,1.89481e-05,2.58197e-06,3.39265e-06,3.45657e-06,1.28419e-06,3.57144e-08,1.42461e-06,,5.93151e-06,3.17102e-06,0.481332,3.27742e-05,0.892285,2.10757e-06,1.62384e-06,,1.24579e-06,0.462523,6.94133e-05,1.40915e-06,2.36511e-06,1.56474e-06,6.17613e-06,0.000115113,0.840845,5.38187e-06,3.25947e-06,1.96968e-06,0.000248225,1.76962e-06,0.839161,1.0,9.10329e-07,1.32149e-06,0.914935,2.97355e-06,9.78247e-06,1.5099e-06,0.968158,2.61349e-07,0.825559,1.57014e-06,0.860528,6.97345e-05,3.13915e-05,0.937214,1.7817e-06,1.30293e-06,,7.3148e-06,1.46862e-06,1.81098e-06,2.37216e-06,2.09089e-06,0.423172,0.658335,1.28557e-06,0.843832,6.48011e-06,6.30788e-05,1.60155e-06,0.751642,2.55014e-07,0.746629,1.50694e-06,1.82438e-05,7.42772e-06,6.49889e-06,1.21273e-06,1.97297e-06,0.54058,1.51818e-06,0.642014,1.82927e-06,9.7682e-05,1.69831e-06,2.35376e-06,1.80324e-06,1.05526e-05,1.75409e-06,1.37686e-06,1.00367e-06,1.85813e-08,2.34284e-06,1.05984e-05,1.32126e-06,6.45739e-05,2.56425e-06,5.58955e-06,0.936878,1.06115e-05,4.75773e-07,7.8508e-06,0.887089,,5.49001e-07,,1.71334e-06,1.33157e-06,6.33393e-06,9.27651e-07,2.83014e-06,1.51511e-06,1.89414e-06,0.0005006,1.2657e-06,0.000127762,1.4119e-05,2.12536e-06,0.000196059,1.77019e-06,1.6784e-05,1.50385e-05,,4.39815e-06,1.65516e-06,6.01894e-05,2.12819e-05,4.08825e-07,1.15971e-06,1.50145e-05,4.39106e-06,0.726037,9.89598e-07,4.09133e-06,,1.71108e-06,9.60349e-07,3.0416e-06,4.7942e-06,4.5138e-06,4.45461e-06,1.4904e-06,5.47394e-06,5.73035e-07,4.8354e-07,2.15218e-06,7.2473e-07,0.000179499,1.09066e-07
rs886040468,1.74184e-06,2.02489e-06,2.52801e-08,2.23227e-05,2.41256e-05,8.40372e-06,0.000106755,1.58299e-06,1.13988e-06,1.00421e-06,3.98138e-06,1.92961e-05,1.62599e-05,1.85027e-06,1.58283e-05,3.85055e-06,7.93481e-08,6.44693e-06,1.59688e-05,6.38528e-07,2.69642e-05,1.4685e-05,4.6439e-05,2.47953e-06,1.358e-06,2.80058e-05,7.68956e-08,3.42354e-05,6.68091e-07,1.47894e-05,6.40669e-06,1.37934e-05,1.85779e-05,1.92039e-05,2.32121e-05,2.10927e-06,5.06726e-06,1.95633e-05,1.43091e-05,2.14148e-06,2.03898e-06,3.13637e-05,1.68257e-05,4.59283e-06,6.12541e-06,3.18341e-06,2.2817e-06,8.56537e-06,2.50025e-06,0.530193,1.33051e-05,5.82683e-06,4.7175e-06,4.29873e-06,2.97124e-06,3.72307e-06,2.916e-06,0.486066,6.49336e-07,4.38335e-06,0.000152628,2.50296e-06,4.20232e-06,2.84657e-06,1.17035e-06,5.20577e-05,2.67548e-06,2.04917e-06,1.06441e-05,3.32289e-05,4.74779e-06,0.000450634,2.8083e-06,9.10329e-07,1.0,2.38107e-06,9.30274e-07,5.28244e-06,2.46234e-05,2.7286e-06,0.310682,2.52703e-05,4.00501e-06,4.33085e-05,3.17274e-06,3.86004e-06,8.64519e-06,9.49508e-07,0.0144117,2.31499e-06,0.49085,3.38644e-08,2.60942e-06,3.1991e-06,4.21416e-06,2.61282e-05,3.65102e-06,9.04068e-07,5.1725e-05,2.64234e-06,3.33108e-07,4.00622e-06,2.9118e-06,3.44084e-06,0.252917,9.61586e-07,2.67741e-06,8.6365e-07,1.21779e-05,1.27974e-05,2.15479e-06,2.86734e-05,5.55014e-06,2.69735e-06,3.86824e-06,3.23132e-06,2.83266e-06,3.08275e-06,4.182e-06,3.304e-06,2.72268e-05,1.03214e-06,4.07651e-05,5.13767e-05,0.343803,4.19582e-06,2.71994e-05,2.44694e-06,1.25979e-05,0.000115112,3.09046e-05,3.30713e-06,2.97613e-05,2.96862e-06,1.40962e-05,0.0975797,0.407727,1.48355e-05,0.53623,8.83624e-07,6.86751e-07,2.0922e-05,3.17287e-06,5.02765e-06,7.89712e-07,9.76866e-07,2.54167e-06,2.24885e-06,2.25813e-06,4.11832e-07,3.77618e-06,4.66048e-07,3.24437e-06,3.99028e-05,7.68897e-07,0.571217,5.06074e-05,2.94044e-06,8.90486e-07,7.74912e-06,5.97913e-06,9.30186e-06,1.96784e-07,2.28873e-06,3.37046e-06,8.30091e-06,4.27538e-07,0.300061,3.04021e-06,8.90462e-06,5.62768e-06,4.42667e-06,2.35223e-06,4.42257e-07,4.28555e-06,0.000736244,4.01859e-06,2.63407e-06,3.73992e-07,3.60309e-07,1.14384e-06,8.26737e-06
Affx-252762817,3.52772e-06,4.33546e-06,1.2877e-06,5.66046e-06,2.55511e-05,7.16059e-07,1.06701e-07,1.55772e-05,4.43946e-06,2.08263e-06,1.15367e-05,4.68351e-05,1.25732e-05,1.03531e-05,4.14514e-07,1.34954e-06,2.53378e-06,5.07202e-05,1.25807e-06,3.28306e-07,2.35775e-05,1.25977e-05,4.5986e-05,2.11722e-06,1.96811e-05,4.05615e-07,3.32853e-06,2.85795e-06,3.43367e-05,1.07567e-06,1.91681e-05,8.34928e-07,3.27465e-06,2.32932e-05,6.44688e-05,1.22103e-05,6.47543e-06,3.85709e-06,9.36892e-06,3.4178e-06,2.23099e-05,8.37034e-07,1.30535e-06,1.70687e-06,2.51126e-06,7.13352e-06,9.35436e-07,1.23907e-06,1.02241e-06,1.42987e-06,1.29661e-05,2.38885e-06,1.95892e-06,4.75274e-06,1.2353e-06,1.52156e-06,0.000131694,1.26422e-06,9.42597e-07,1.83301e-06,1.58295e-06,1.02613e-06,1.76091e-06,1.18347e-06,3.14456e-08,1.005e-06,1.11234e-06,1.23896e-08,2.46297e-06,1.41377e-06,1.98536e-06,1.34861e-06,1.16756e-06,1.32149e-06,2.38107e-06,1.0,1.35044e-06,2.1821e-06,3.30751e-07,1.141e-06,3.05527e-06,1.03042e-05,1.59557e-06,1.14114e-06,1.31904e-06,1.54622e-06,2.65186e-06,1.37836e-06,1.66485e-06,9.48703e-07,1.73249e-06,1.28042e-05,1.08488e-06,1.33779e-06,1.72419e-06,1.59976e-06,1.51791e-06,1.31244e-06,9.77152e-07,1.09856e-06,2.70195e-06,1.6424e-06,1.21059e-06,1.4305e-06,1.2265e-06,1.3959e-06,0.000145283,4.24318e-10,5.10638e-06,5.26025e-06,8.95884e-07,1.49324e-06,2.27534e-06,1.12143e-06,1.61757e-06,0.000114279,1.18455e-06,1.28166e-06,8.45449e-05,1.37365e-06,1.74133e-06,5.42001e-07,4.43071e-06,7.43966e-06,1.2672e-06,1.74443e-06,4.64762e-07,1.01732e-06,5.25151e-06,1.9355e-06,4.14286e-06,1.37495e-06,6.2787e-07,4.73397e-06,5.84682e-06,2.05139e-06,1.23684e-06,4.94178e-06,1.89675e-06,1.26877e-06,9.82854e-07,1.66773e-05,9.46605e-06,2.07623e-06,1.14636e-06,1.41803e-06,1.03446e-06,9.34941e-07,9.49779e-07,1.41748e-06,1.56996e-06,4.83966e-06,1.34886e-06,7.6984e-09,1.16916e-06,2.11737e-06,3.24462e-06,1.22249e-06,5.4289e-05,3.99335e-06,7.33965e-07,2.57261e-05,1.17777e-06,3.32239e-06,1.41767e-06,1.31493e-05,1.76933e-05,1.1684e-06,1.26398e-06,2.69096e-05,3.06172e-06,4.15275e-09,1.49619e-05,7.3044e-06,6.68932e-06,1.54262e-05,1.63776e-08,4.52892e-06,1.19736e-05,6.20406e-06,3.20717e-05,8.96954e-06
rs587781436,1.31782e-05,2.53195e-05,3.1376e-05,8.57665e-06,6.76031e-05,6.6956e-06,1.7505e-05,7.9272e-06,1.91935e-05,2.90382e-07,9.2736e-06,8.11655e-07,3.44528e-05,1.03015e-05,4.18382e-06,2.59498e-05,2.59714e-06,5.07488e-05,9.4853e-07,6.66198e-06,8.51129e-08,1.01814e-06,2.16426e-06,8.31237e-06,1.25038e-05,2.34782e-06,1.2956e-05,3.16505e-06,1.24512e-05,4.61361e-06,1.69326e-07,2.59184e-05,4.75419e-06,3.36295e-09,8.901e-06,8.45585e-07,8.82856e-06,3.85423e-08,4.7374e-06,4.7271e-05,1.82941e-07,2.05795e-06,8.53258e-06,2.63853e-06,3.46775e-06,2.02299e-05,1.31233e-06,5.08209e-08,1.45573e-06,,5.57878e-06,3.49731e-05,0.479123,2.58759e-05,0.871386,2.15369e-06,1.65974e-06,,1.27337e-06,0.449008,6.74719e-05,1.42048e-06,2.41693e-06,1.59903e-06,4.60714e-05,0.000112174,0.763718,4.34858e-05,3.33088e-06,2.01282e-06,0.000241915,1.8084e-06,0.772657,0.914935,9.30274e-07,1.35044e-06,1.0,3.03855e-06,2.88187e-06,1.54333e-06,0.896314,7.78889e-13,0.764911,1.60455e-06,0.831801,6.77686e-05,3.61138e-06,0.876257,1.8007e-06,1.2934e-06,,7.47509e-06,1.5008e-06,1.83156e-06,2.42414e-06,2.13658e-06,0.390595,0.620103,1.29471e-06,0.791836,5.80265e-06,6.12657e-05,9.24087e-05,0.718182,2.60717e-07,0.679806,1.53995e-06,1.86284e-05,7.03482e-06,6.13172e-06,1.23923e-06,2.01665e-06,0.504182,1.55144e-06,0.599285,1.8693e-06,9.51482e-05,1.73591e-06,2.40534e-06,8.02709e-05,3.30837e-06,4.95491e-07,1.25002e-05,5.29704e-06,1.89884e-08,2.37514e-06,3.32815e-06,1.33118e-06,6.23562e-05,2.62043e-06,5.71203e-06,0.858261,3.3241e-06,1.14546e-05,8.0246e-06,0.834166,,1.19319e-05,,1.75088e-06,1.36079e-06,7.17217e-06,1.2654e-06,2.89209e-06,1.54866e-06,1.93566e-06,0.000489173,1.29343e-06,0.000124563,1.72407e-05,2.17193e-06,0.000190525,1.80897e-06,3.05992e-05,1.82554e-05,,4.49452e-06,1.67219e-06,8.14112e-05,4.14384e-05,1.86855e-05,2.70163e-07,1.82365e-05,4.48826e-06,0.716189,6.25382e-06,9.32251e-06,,1.74857e-06,3.89357e-07,2.69984e-06,1.78996e-06,9.18887e-06,9.09047e-06,6.36529e-09,5.99398e-06,1.28446e-05,3.6627e-07,5.5421e-06,4.18781e-06,0.000192486,4.25117e-06
Affx-161165050,0.000106469,3.73945e-06,2.57978e-05,4.78009e-06,1.96277e-06,3.66139e-05,4.56347e-05,6.02547e-05,2.19717e-05,2.99238e-05,2.18442e-05,2.96338e-05,6.2378e-06,1.12995e-05,2.4592e-06,9.66318e-06,4.14731e-05,2.11683e-06,3.12288e-05,2.10279e-06,4.82543e-06,7.6661e-06,3.37096e-05,6.88565e-06,5.08386e-06,1.70781e-05,1.76829e-05,3.94832e-05,3.1943e-06,5.40921e-05,5.1181e-06,8.8268e-06,3.11117e-07,1.11984e-07,7.64223e-06,5.51355e-06,4.50222e-05,3.68818e-06,9.86485e-06,1.54075e-06,3.87255e-06,7.14416e-05,3.41671e-05,2.39734e-05,5.55752e-06,2.35369e-06,2.1044e-06,4.46577e-06,1.09604e-06,3.17199e-06,0.0848947,0.0107504,4.37593e-06,2.019e-05,2.74048e-06,3.37097e-06,2.55075e-06,2.80458e-06,2.121e-06,0.015814,3.58166e-06,2.26319e-06,3.84524e-06,2.53386e-06,3.77088e-07,2.32004e-06,2.4677e-06,1.5552e-05,5.43337e-06,3.91515e-05,4.28764e-06,4.00449e-05,2.57361e-06,2.97355e-06,5.28244e-06,2.1821e-06,3.03855e-06,1.0,4.84167e-05,2.53131e-06,6.77815e-06,2.90155e-07,3.64783e-06,2.5119e-06,2.92636e-06,0.000175101,8.41403e-05,3.04207e-06,0.00208113,0.0310834,3.78852e-06,7.5137e-05,2.40664e-06,2.92966e-06,0.0328602,3.51832e-06,3.42669e-05,2.95329e-06,0.000297603,2.43714e-06,4.52983e-07,3.01671e-05,2.62097e-06,3.67075e-05,2.70368e-06,3.1409e-06,0.00028708,4.57381e-06,6.90083e-07,4.22518e-07,1.96219e-06,3.26763e-06,1.57849e-05,2.45607e-06,3.55723e-06,3.0283e-06,0.000254628,2.81273e-06,0.00181689,0.0151158,6.11021e-05,2.08483e-05,1.7422e-05,1.07624e-05,2.78033e-06,3.80893e-06,6.31996e-05,6.29384e-05,2.35382e-05,2.32564e-05,2.48988e-06,3.05033e-06,5.6451e-05,1.76882e-05,1.29192e-05,4.55133e-06,2.69607e-06,1.73175e-05,4.20781e-06,4.38141e-05,6.63707e-05,2.77807e-05,7.28346e-07,0.0907012,5.47335e-05,3.12687e-06,2.35759e-06,2.07411e-06,6.81023e-05,1.41863e-05,3.46077e-06,1.06442e-05,0.000194295,1.96158e-05,1.64655e-05,4.66681e-06,7.20615e-06,2.71204e-06,6.92626e-07,2.66682e-07,3.55144e-05,3.68318e-05,2.0413e-05,6.32499e-06,3.14513e-06,9.47812e-06,9.94107e-05,2.59195e-06,2.77344e-06,6.32602e-06,3.46145e-05,7.51939e-07,6.3276e-05,8.73299e-06,7.32433e-07,2.2576e-05,5.01068e-06,1.2085e-06,1.045e-05,2.30766e-07,3.89512e-06,1.50307e-05
Affx-9226303,1.43568e-05,0.00202309,0.00121137,7.9682e-07,0.000315877,0.00225458,0.00170016,1.44017e-05,6.80254e-05,0.000798319,4.128e-05,0.000304795,2.98973e-05,3.87987e-06,0.00274721,0.00287009,0.00319933,0.000330283,0.000961348,2.257e-05,0.00546629,0.000975,0.00537049,7.58991e-05,0.00204025,0.00516016,0.00138794,0.00141556,0.000138817,0.00122864,0.000517861,0.00275575,0.000794716,0.000399643,3.13403e-05,0.00624935,0.040762,0.0248815,0.0218001,0.00877468,0.177386,0.083404,0.908188,3.04434e-07,3.86844e-08,0.0453405,1.11138e-08,0.00773457,1.92861e-06,4.91124e-06,4.04395e-06,1.59618e-05,1.3731e-05,0.210869,2.30416e-05,5.0786e-05,9.88067e-05,6.42784e-05,5.16283e-07,2.17934e-09,2.68718e-05,1.87121e-06,0.00122723,1.37617e-07,0.0606196,4.70413e-05,3.57248e-06,0.0614336,0.00209673,1.57763e-05,1.25069e-05,8.69569e-06,1.77166e-05,9.78247e-06,2.46234e-05,3.30751e-07,2.88187e-06,4.84167e-05,1.0,0.000351132,1.95487e-06,0.132605,3.03639e-05,2.8833e-06,2.53866e-06,9.07859e-06,0.000701479,9.36134e-06,1.91192e-05,4.91208e-06,2.19868e-05,0.00151766,4.2216e-06,1.13958e-05,7.23141e-08,1.71984e-06,4.57383e-06,6.0055e-06,9.25929e-06,4.6436e-09,0.00585969,9.05749e-06,2.64725e-05,1.99711e-07,1.16913e-06,1.98732e-07,9.64496e-06,0.00407869,0.00108124,0.00119391,6.77342e-06,6.34465e-05,9.21569e-08,3.5995e-06,2.88124e-05,6.00372e-07,8.82228e-07,1.13807e-06,2.84148e-07,3.90416e-06,0.994862,0.0989649,0.124452,0.0519408,5.56502e-05,0.000652485,0.995093,2.72656e-06,0.00157893,0.00131177,0.00337557,6.96192e-06,0.991811,0.00466507,1.28398e-05,2.03475e-06,3.71785e-05,0.00504872,9.647e-06,5.42716e-07,8.04476e-07,0.0181395,0.0129179,5.69159e-05,4.81198e-07,1.32838e-05,1.82032e-05,3.60802e-05,1.14464e-05,0.481986,3.0021e-08,0.00154696,0.000454917,0.035396,0.480168,3.11583e-05,0.00078634,1.18335e-06,0.0404875,0.221376,0.0279013,0.0149855,0.479562,2.97957e-06,2.65706e-05,0.0781463,0.0261326,1.20581e-05,0.000292147,0.0149058,0.138909,0.00146936,0.00591915,0.00608408,0.0154496,0.00192133,0.00684541,0.0166963,0.00708663,0.00868224,0.000269963,3.80215e-07
rs80358589,1.93625e-06,3.47646e-05,5.85963e-06,0.000431092,2.96249e-07,1.35282e-05,2.8992e-05,0.000166811,1.68088e-06,3.997e-05,6.1431e-06,0.000102153,9.55652e-05,8.66614e-05,1.42995e-05,0.000336419,0.000123433,1.93248e-05,3.15751e-05,9.72782e-06,3.75824e-05,2.90457e-05,3.19277e-05,1.53658e-06,4.76614e-05,1.67353e-05,1.15133e-05,0.000742915,1.27367e-07,2.02623e-05,0.000357141,8.2326e-05,7.56689e-06,0.000261681,2.80192e-05,0.000143298,0.00152319,2.31425e-05,3.54743e-05,0.000126154,0.000370062,6.9893e-05,0.000309568,6.91139e-05,2.93537e-06,7.69209e-05,1.09342e-06,1.29401e-05,0.000140301,1.64812e-06,9.11512e-06,2.79229e-06,2.25792e-06,0.00134701,1.40801e-06,1.79454e-06,0.000110936,1.45719e-06,1.08849e-06,2.1128e-06,1.83136e-06,1.19946e-06,2.02969e-06,1.34823e-06,0.000104506,1.22998e-06,1.28212e-06,0.000103486,2.83882e-06,1.61546e-06,2.28846e-06,1.57033e-06,1.34574e-06,1.5099e-06,2.7286e-06,1.141e-06,1.54333e-06,2.53131e-06,0.000351132,1.0,3.50569e-06,4.57935e-05,1.85662e-06,0.000115698,1.50456e-06,1.84964e-06,3.07242e-06,1.57557e-06,1.87277e-06,1.10937e-06,1.99692e-06,6.34028e-06,1.25047e-06,1.54198e-06,2.00341e-06,1.80602e-06,1.7496e-06,1.4994e-06,1.14219e-06,1.26621e-06,3.93779e-07,1.91983e-06,1.39537e-06,1.64885e-06,1.41375e-06,1.59577e-06,0.000124549,2.56103e-07,5.8698e-06,6.13266e-06,1.03263e-06,8.65444e-05,2.65953e-06,1.29256e-06,1.81934e-06,1.57338e-06,1.36532e-06,1.47729e-06,7.0926e-05,1.58331e-06,0.000347253,9.73577e-06,0.000120756,2.9922e-05,1.46061e-06,2.01069e-06,0.000393455,1.1726e-06,6.03706e-06,2.21507e-06,4.79113e-06,1.56895e-06,0.000388524,2.59363e-06,7.93703e-06,2.34856e-06,1.42563e-06,2.47824e-06,2.18626e-06,1.48118e-06,1.13495e-06,4.38104e-05,1.43245e-05,2.40929e-06,1.32376e-06,1.63747e-06,1.22509e-06,1.07768e-06,1.09475e-06,0.000753668,1.80959e-06,5.57836e-06,1.55474e-06,6.18062e-05,0.000770912,2.44055e-06,2.74835e-05,1.39209e-06,2.7144e-05,8.1553e-05,3.91938e-05,1.44784e-05,0.000739963,3.78969e-06,1.61821e-06,1.33438e-05,3.78229e-05,1.34674e-06,1.4569e-06,1.3917e-05,0.00104036,5.65927e-05,0.00212255,0.00201404,0.00130012,1.58097e-05,6.36867e-06,0.00129835,0.00207292,3.91807e-06,0.000602755,3.52272e-05
rs886040476,3.75605e-05,2.24756e-05,2.91165e-06,1.24166e-05,3.83359e-05,3.66177e-07,4.82124e-05,4.05678e-06,2.389e-06,7.87162e-06,1.20096e-05,2.9439e-05,4.48749e-06,8.65428e-06,7.48237e-06,1.13601e-06,9.17506e-06,8.04189e-08,1.76756e-05,2.58945e-06,6.736e-07,3.58969e-05,1.28854e-05,4.6338e-05,7.71704e-09,3.78384e-06,4.33979e-06,1.88348e-05,4.45951e-05,2.42109e-05,3.48919e-06,2.43613e-05,7.95923e-07,6.77577e-06,1.05541e-05,2.87005e-08,2.322e-06,1.50772e-05,5.00289e-08,1.85693e-05,4.73925e-06,2.58017e-05,5.96966e-07,5.97261e-06,7.8243e-06,8.9574e-06,2.92776e-06,1.37975e-05,3.23132e-06,0.44776,5.40829e-07,7.44291e-06,0.204311,2.49989e-05,0.382908,4.78338e-06,3.72475e-06,0.386539,1.31181e-06,0.178803,0.000280371,3.21175e-06,5.43474e-06,3.65258e-06,1.09778e-05,0.000187193,0.339573,9.37769e-06,5.16782e-06,4.44792e-06,7.74544e-05,0.000334189,0.329033,0.968158,0.310682,3.05527e-06,0.896314,6.77815e-06,1.95487e-06,3.50569e-06,1.0,3.82671e-06,0.368675,2.90719e-05,0.351587,1.69936e-05,3.85807e-06,0.95839,0.0122532,2.97048e-06,0.398225,1.70204e-05,3.34828e-06,4.11019e-06,5.4074e-06,1.61931e-05,0.154785,0.676113,3.55876e-05,0.346007,4.61211e-06,1.49577e-05,2.74256e-05,0.319103,0.223861,0.728607,3.43561e-06,1.92602e-05,2.1935e-07,4.2127e-07,2.76499e-06,1.8245e-05,0.226138,3.46111e-06,0.262704,2.23508e-05,2.87436e-05,3.91998e-06,5.36613e-06,4.22037e-06,2.50605e-06,6.50701e-07,3.89873e-05,2.69978e-05,0.281365,5.38386e-06,1.70598e-06,3.13979e-06,8.34491e-06,5.88866e-06,1.69708e-05,0.409298,2.18402e-06,2.88412e-06,1.80063e-05,0.694791,0.334154,1.29265e-05,0.429328,1.80319e-06,1.40143e-06,9.01661e-11,3.79885e-06,6.45122e-06,1.5954e-06,1.99346e-06,0.000183771,2.88561e-06,4.16104e-05,9.59632e-06,4.8454e-06,0.00011157,4.16301e-06,8.31037e-06,8.56207e-06,0.476459,3.08081e-05,3.77303e-06,3.90838e-05,1.24319e-05,2.69349e-05,2.9873e-05,1.09992e-05,4.62378e-06,0.305915,8.65542e-06,1.38395e-05,0.229273,3.90104e-06,2.85117e-05,1.46313e-05,2.50541e-06,2.39389e-05,2.96129e-05,1.17195e-05,0.000376524,2.35071e-06,9.03956e-06,2.41002e-05,2.83899e-09,0.000129737,2.27419e-05
Affx-9226315,2.56693e-05,8.15993e-05,5.71843e-05,0.00221004,4.10558e-06,0.00471769,0.000894749,0.00163319,0.0072118,0.000789845,0.00498039,0.00219793,0.00417187,0.00524641,4.09127e-05,0.00782782,0.0202631,2.92027e-05,7.91617e-07,0.00170664,0.00742834,0.00224737,0.00867474,0.00277407,0.00944623,0.00089934,0.00134264,9.49179e-08,0.00103682,0.000534139,0.00662687,0.00434999,4.01111e-05,0.000134821,0.00398437,0.00233794,0.00670057,0.00361583,0.00332814,0.00836747,0.144673,0.00496513,0.128255,5.72936e-08,7.03993e-05,0.0182807,2.53956e-06,0.0007878,7.56387e-06,1.40482e-05,4.83858e-06,1.63323e-08,1.18148e-07,0.0802707,1.12958e-06,5.47951e-07,3.5028e-06,2.18471e-05,1.46135e-07,5.99344e-07,0.000120347,1.69994e-06,0.000211291,2.35101e-06,0.0209989,2.81111e-06,9.51492e-07,0.0213529,0.000231655,5.25724e-05,3.56111e-06,2.94574e-07,8.92154e-07,2.61349e-07,2.52703e-05,1.03042e-05,7.78889e-13,2.90155e-07,0.132605,4.57935e-05,3.82671e-06,1.0,6.39912e-09,7.43209e-06,4.35474e-08,5.50092e-07,0.0059562,2.55132e-07,5.17807e-06,1.44924e-05,9.22718e-06,0.0117035,3.55988e-06,2.64495e-05,7.25084e-05,3.00659e-05,3.20368e-06,8.41422e-06,3.62634e-05,2.54432e-06,0.0021116,2.95989e-05,3.84771e-05,1.13099e-06,3.51706e-06,4.11764e-09,4.48799e-08,0.00151527,0.000476327,0.000534188,1.6379e-06,3.79616e-05,1.86073e-05,6.95338e-05,8.0387e-06,4.9546e-05,2.89011e-06,4.45366e-05,8.25258e-08,5.6576e-06,0.13184,0.0124575,0.0431579,0.0177933,1.15481e-06,0.000131913,0.131917,4.4462e-08,0.00070414,0.000146204,0.000270978,1.10741e-05,0.131859,0.00213579,6.45526e-08,2.67793e-06,1.78254e-06,0.0022495,1.08582e-05,6.32774e-06,7.79626e-06,0.00602573,0.102925,8.15078e-05,4.38688e-05,1.42195e-05,1.46839e-05,1.4356e-05,7.55486e-07,0.262436,6.16314e-06,0.000480823,6.98377e-05,0.0117273,0.262044,1.98304e-07,0.000211483,5.43337e-06,0.0166942,0.569211,0.00990313,0.112781,0.261951,3.72203e-06,1.43451e-06,0.0108284,0.00930932,6.49807e-06,6.45168e-05,0.111886,0.0264669,0.00165182,0.00974285,0.00981561,0.00528036,0.000478742,0.000165852,0.00581915,0.010562,0.00179729,0.00244682,0.00101021
rs56337919,2.19342e-05,8.11084e-06,3.79373e-05,7.29398e-06,3.83449e-05,6.82616e-07,2.27022e-05,2.28854e-06,1.44544e-05,5.66743e-08,5.53124e-08,5.47443e-07,3.74092e-05,1.91324e-07,1.77677e-06,1.20551e-05,2.84316e-05,2.17617e-05,1.28717e-05,1.05508e-07,4.13721e-06,2.52304e-07,8.21716e-06,3.79296e-05,7.08953e-06,3.58051e-08,3.05785e-06,1.24569e-06,0.000120626,9.93334e-06,4.72375e-07,1.0016e-05,3.25136e-07,6.44245e-07,6.70086e-06,1.40652e-08,4.21157e-05,3.51037e-07,8.29081e-06,1.30929e-05,2.95431e-05,3.65153e-06,4.59626e-05,3.1083e-06,4.17718e-06,2.34373e-07,1.59557e-06,5.88482e-06,1.77063e-06,2.40488e-06,2.88473e-06,3.99354e-06,0.40748,3.37144e-05,0.75991,2.59544e-06,1.90645e-06,2.12637e-06,1.57119e-06,0.381749,5.30239e-05,1.72745e-06,2.77635e-06,1.94422e-06,3.16327e-09,0.000421977,0.709522,1.75225e-06,4.00354e-06,2.37532e-06,0.000196305,2.19847e-06,0.744044,0.825559,4.00501e-06,1.59557e-06,0.764911,3.64783e-06,3.03639e-05,1.85662e-06,0.368675,6.39912e-09,1.0,1.97424e-06,0.705107,5.24691e-05,2.18867e-05,0.818787,2.70677e-06,1.59557e-06,2.91385e-06,8.98554e-06,1.80157e-06,2.24971e-06,2.85365e-06,2.64425e-06,0.344388,0.544469,1.64347e-06,0.709522,1.55097e-06,4.89504e-05,7.19937e-05,0.630213,2.00451e-06,0.60099,1.87232e-06,3.1994e-06,4.05499e-06,3.37605e-06,1.50681e-06,2.47889e-06,0.466594,1.86277e-06,0.565813,2.15657e-06,7.53739e-05,2.02212e-06,2.90133e-06,2.24448e-06,3.18536e-05,1.28449e-05,1.09325e-06,4.50864e-06,2.10817e-06,2.88775e-06,3.19649e-05,1.64154e-06,4.53963e-05,3.20909e-06,6.92168e-06,0.810333,3.23575e-05,4.63425e-06,9.74963e-06,0.432611,2.08027e-06,4.89041e-06,3.13519e-06,2.16514e-06,1.70144e-06,7.02267e-06,6.20708e-06,3.39916e-06,1.89192e-06,2.37247e-06,0.000412292,1.57256e-06,0.000109394,1.92155e-05,2.64074e-06,0.000150516,2.17623e-06,1.66095e-05,2.0388e-05,3.56138e-06,5.3951e-06,2.05656e-06,3.6509e-05,2.06661e-05,2.36664e-07,9.58552e-07,2.03377e-05,5.50189e-06,0.608127,1.10134e-07,2.97222e-06,1.96517e-06,2.03335e-06,7.58483e-07,1.44484e-06,8.63341e-07,8.16975e-07,8.35089e-07,4.48199e-08,1.28664e-05,1.67351e-06,1.27612e-07,2.50252e-06,8.87389e-06,0.000179263,9.28273e-07
Affx-149263115,5.39181e-07,1.59263e-06,8.35016e-06,1.49318e-07,8.63418e-05,3.11471e-05,2.10918e-05,0.000120761,4.52457e-05,6.63707e-06,6.97387e-05,4.04827e-06,2.37021e-07,9.92327e-05,1.51768e-05,3.90685e-05,5.11412e-06,1.16093e-06,4.12619e-06,9.72188e-06,1.04938e-05,6.19288e-05,2.03087e-05,1.62749e-05,2.35472e-05,1.78547e-05,3.15826e-05,1.06186e-05,2.39434e-07,3.22505e-05,2.67733e-06,1.44024e-06,1.35902e-06,6.24441e-07,6.15176e-05,1.51544e-05,6.28527e-06,7.89125e-06,1.36444e-05,4.96696e-10,4.91649e-05,8.60944e-06,1.18229e-06,6.56505e-05,0.000197998,1.40237e-05,1.11158e-06,1.77847e-05,1.18826e-06,8.73797e-05,1.00031e-05,4.2562e-05,2.33906e-06,6.66207e-06,1.46475e-06,1.82948e-06,1.42089e-06,0.000101966,1.12002e-06,6.3779e-05,1.86252e-06,1.15331e-06,2.08799e-06,1.38692e-06,2.05972e-07,1.23383e-06,1.31891e-06,4.62861e-07,2.90394e-06,9.4339e-05,5.74796e-05,1.58027e-06,1.38443e-06,1.57014e-06,4.33085e-05,1.14114e-06,1.60455e-06,2.5119e-06,2.8833e-06,0.000115698,2.90719e-05,7.43209e-06,1.97424e-06,1.0,1.56404e-06,1.84711e-06,3.14443e-06,1.63773e-06,1.81855e-06,1.14124e-06,6.79588e-05,6.4457e-06,1.28635e-06,0.000432403,2.07735e-06,1.88054e-06,1.79991e-06,1.55936e-06,1.175e-06,1.28727e-06,5.04276e-06,1.94223e-06,1.43542e-06,1.69621e-06,0.000106197,1.64187e-06,1.30359e-06,1.63659e-05,6.03846e-06,6.30885e-06,1.06224e-06,8.22503e-05,4.76051e-05,1.29803e-06,1.9011e-06,1.61854e-06,1.40458e-06,1.51973e-06,2.02875e-06,1.61235e-06,2.51583e-06,3.52025e-05,2.33885e-06,6.07749e-07,0.000103327,2.06844e-06,4.72836e-06,1.18993e-06,7.54603e-05,2.295e-06,4.91238e-06,1.61114e-06,4.21404e-06,1.81958e-05,7.12193e-06,5.52453e-05,0.000106232,1.8755e-05,6.00275e-05,1.50752e-06,1.17043e-06,2.98953e-06,5.868e-05,2.44938e-06,1.34584e-06,1.64804e-06,1.21461e-06,1.10863e-06,1.12623e-06,1.53373e-06,1.86158e-06,5.70578e-06,1.5994e-06,1.23935e-05,2.7256e-06,5.14138e-05,3.88506e-06,1.4496e-06,1.54361e-06,9.95451e-06,1.09753e-05,2.73759e-06,1.26738e-06,0.000149327,1.68095e-06,2.42664e-06,1.21684e-05,1.35298e-06,1.49875e-06,3.10473e-06,7.83702e-06,1.41831e-05,2.14293e-06,9.28679e-07,3.1666e-05,3.13472e-06,8.33852e-05,2.61331e-05,3.18671e-06,6.19479e-05,5.86685e-05,3.18431e-05
rs886040506,1.24956e-05,2.38635e-05,3.06169e-05,6.38895e-06,8.72223e-05,6.44847e-07,1.85115e-05,2.84749e-05,3.06062e-05,2.09331e-07,8.34143e-06,7.59683e-06,7.93467e-05,9.32336e-06,1.84473e-09,5.40298e-06,2.50658e-05,3.3923e-05,1.99645e-05,5.117e-06,3.40634e-06,6.16528e-06,2.78492e-06,3.84831e-05,5.91369e-07,2.10068e-06,1.121e-05,2.79684e-06,3.59693e-05,5.66412e-06,4.50681e-06,3.62236e-05,4.39929e-06,2.47745e-06,1.0257e-11,1.15269e-07,4.06883e-06,2.69085e-06,5.12799e-06,1.37765e-05,6.67562e-06,3.26248e-07,7.89914e-06,2.5785e-06,3.358e-06,2.81196e-06,1.26403e-06,6.19981e-08,1.40137e-06,1.90528e-06,5.9539e-06,0.00149197,0.434292,1.24722e-05,0.787026,2.07455e-06,1.59857e-06,1.68456e-06,1.26044e-06,0.430183,6.6299e-05,1.38658e-06,2.34639e-06,1.577e-06,5.21178e-06,0.000110708,0.750929,4.47477e-06,3.2634e-06,1.93778e-06,0.000243647,1.81531e-06,0.741239,0.860528,3.17274e-06,1.31904e-06,0.831801,2.92636e-06,2.53866e-06,1.50456e-06,0.351587,4.35474e-08,0.705107,1.56404e-06,1.0,6.74209e-05,3.55193e-06,0.853839,2.21867e-06,1.28247e-06,2.30851e-06,7.34814e-06,1.44558e-06,1.78258e-06,2.33457e-06,2.13171e-06,0.359551,0.625477,1.32041e-06,0.797582,6.11774e-06,6.17646e-05,1.59475e-06,0.634893,1.60025e-06,0.654824,1.48329e-06,1.8237e-05,7.21487e-06,6.31349e-06,1.19375e-06,7.02768e-05,0.492026,1.49429e-06,0.567141,1.81893e-06,9.53189e-05,1.69003e-06,2.31676e-06,0.0028951,2.9314e-06,2.0883e-06,2.59752e-06,2.85643e-08,1.68852e-06,2.32436e-06,2.95269e-06,1.35557e-06,6.85415e-06,2.57903e-06,5.5203e-06,0.831804,2.9347e-06,4.03994e-07,7.72786e-06,0.451303,1.64807e-06,4.70365e-07,2.47467e-06,1.73329e-06,1.34712e-06,9.89979e-07,1.08585e-06,2.78522e-06,1.53294e-06,1.89684e-06,0.000495517,1.24583e-06,0.000126477,6.73526e-06,2.09195e-06,7.10312e-05,1.79734e-06,8.97073e-06,7.36746e-06,2.82136e-06,4.36596e-06,1.62895e-06,4.56358e-05,2.41259e-05,2.75601e-07,3.70281e-07,7.34836e-06,4.4427e-06,0.639651,1.21492e-06,6.56903e-07,1.55688e-06,1.68423e-06,5.09243e-07,6.65535e-06,2.65905e-10,2.91537e-05,2.87862e-05,2.03702e-06,5.93331e-06,1.75088e-05,8.1803e-07,2.20027e-05,1.10142e-05,0.000191066,3.7815e-06
Affx-472940996,7.43887e-06,5.82568e-06,1.15925e-05,4.92683e-07,6.16513e-07,3.72473e-07,6.19463e-08,2.58866e-06,5.51216e-07,2.85044e-07,4.63364e-06,1.62206e-05,1.08879e-06,2.21024e-10,1.3354e-06,8.33125e-06,2.6853e-06,1.06314e-10,3.79269e-05,1.70478e-05,8.04614e-06,3.492e-06,3.21423e-06,2.39923e-05,1.44706e-06,3.52223e-05,5.43588e-07,2.00339e-07,4.58235e-05,1.23727e-05,1.30392e-06,5.65249e-06,1.13697e-05,1.86744e-07,8.4617e-06,7.34831e-07,2.29214e-05,9.47483e-05,9.19021e-07,3.5978e-06,1.56609e-05,4.54789e-05,2.72012e-06,2.98262e-06,4.10578e-06,7.8553e-10,1.53782e-06,6.54005e-06,1.67601e-06,2.29743e-06,3.55464e-06,3.90488e-06,0.000499718,1.42399e-08,7.35915e-05,5.36033e-05,1.89815e-06,2.04942e-06,1.50837e-06,2.89697e-06,5.58768e-05,9.80306e-05,2.74288e-06,0.000879667,9.85124e-07,1.73615e-06,8.32451e-05,7.36301e-08,3.97043e-06,2.29415e-06,3.76511e-05,2.16671e-06,1.87589e-06,6.97345e-05,3.86004e-06,1.54622e-06,6.77686e-05,0.000175101,9.07859e-06,1.84964e-06,1.69936e-05,5.50092e-07,5.24691e-05,1.84711e-06,6.74209e-05,1.0,2.26458e-05,6.58957e-05,2.53514e-06,1.56026e-06,2.8084e-06,8.73764e-06,1.75867e-06,2.12727e-06,0.000232867,2.57038e-06,0.000277665,6.96893e-05,1.53939e-06,8.59716e-05,1.13456e-05,2.63171e-06,1.89538e-06,2.21388e-06,1.98837e-06,2.19417e-06,1.80451e-06,2.8881e-06,4.81018e-05,4.47304e-05,1.45238e-06,5.5725e-05,2.95695e-05,1.74775e-06,2.50711e-06,2.12656e-06,1.81465e-06,2.03715e-06,2.79611e-06,2.20595e-06,1.25991e-05,3.69662e-05,3.1905e-05,5.23026e-05,2.05432e-06,2.76095e-06,7.55494e-06,1.64914e-06,8.28806e-06,3.04839e-06,8.35466e-06,6.37329e-05,5.62241e-06,4.96327e-08,2.28759e-06,3.22751e-06,2.00504e-06,3.08577e-08,3.07483e-06,2.02724e-06,1.59844e-06,2.82747e-05,1.50616e-05,3.4416e-05,1.64276e-06,2.12202e-06,8.87785e-05,1.51569e-06,0.000106939,8.53159e-07,2.52252e-06,7.75614e-06,5.96433e-05,7.4915e-06,6.19278e-07,3.43249e-06,1.54762e-05,1.96324e-06,1.41373e-06,1.83532e-06,2.34627e-08,8.21002e-05,5.9241e-08,5.27469e-06,6.19913e-05,2.65404e-06,2.7055e-06,1.8941e-06,2.02666e-06,8.49024e-05,4.47674e-05,9.93782e-06,1.12048e-05,1.25563e-05,1.7784e-05,1.13248e-05,3.32295e-06,2.26521e-05,1.74014e-05,1.04841e-05,5.43081e-06,1.03243e-05
rs117187202,1.36321e-05,2.21578e-05,5.40851e-07,0.000208937,0.000845614,4.17264e-05,6.4179e-05,7.03428e-05,0.000158119,6.51681e-05,5.79e-05,0.000317546,0.000306791,5.23475e-05,6.09414e-05,0.00276238,0.000290383,0.0128982,0.000767353,0.000922028,4.56332e-05,9.87643e-05,1.03626e-05,0.000944886,0.00248911,0.000334211,0.000725264,1.09478e-05,2.51185e-05,0.000650547,0.000304749,0.000102474,5.90058e-05,0.00300101,5.0645e-06,0.00578366,0.000462027,6.10233e-05,2.25284e-06,0.000302158,0.00174925,0.00663037,0.00061813,5.0644e-06,6.85747e-06,0.000139213,2.55439e-06,5.58494e-08,2.68558e-06,2.5933e-05,1.47123e-05,6.52321e-06,5.28461e-06,0.00052782,3.32635e-06,4.14898e-06,0.00018306,3.19786e-05,2.50747e-06,4.93581e-06,4.3391e-06,2.77315e-06,4.74166e-06,3.18686e-06,0.000159345,4.49254e-05,2.99524e-06,0.000133008,6.63211e-06,3.85522e-06,5.34618e-06,3.66834e-06,3.14394e-06,3.13915e-05,8.64519e-06,2.65186e-06,3.61138e-06,8.41403e-05,0.000701479,3.07242e-06,3.85807e-06,0.0059562,2.18867e-05,3.14443e-06,3.55193e-06,2.26458e-05,1.0,3.68594e-06,0.000131424,2.57827e-06,1.80653e-05,1.48497e-05,2.92129e-06,3.6023e-06,4.69338e-06,2.12045e-05,4.04507e-06,3.50975e-06,2.66833e-06,2.95814e-06,4.52706e-06,4.46184e-06,3.24296e-06,3.85207e-06,3.37316e-05,3.71324e-06,0.000204472,1.46271e-05,3.55589e-10,2.08909e-08,2.41231e-06,4.07757e-06,6.18129e-06,3.01971e-06,4.31062e-06,2.87354e-05,3.15671e-06,3.43343e-06,0.000115227,3.67973e-06,0.000693014,0.000105216,0.000312175,0.000152699,3.39458e-06,4.673e-06,0.000693486,2.73938e-06,3.93654e-09,5.21178e-06,5.97219e-07,3.70238e-06,0.000683444,2.59879e-05,1.57813e-05,1.28637e-05,3.31526e-05,2.55531e-05,1.49437e-05,3.41218e-06,4.92785e-05,5.09691e-05,4.28067e-05,5.50404e-06,4.09822e-05,3.7723e-06,2.84722e-06,2.50461e-06,2.55764e-06,0.00158725,4.22748e-06,5.60064e-08,3.63212e-06,0.000128403,0.0015682,1.1639e-05,8.86006e-06,3.27483e-06,0.00010915,0.00333684,7.52453e-05,1.8334e-07,0.00157028,8.83812e-06,3.81751e-06,0.000114599,7.35325e-05,3.63441e-05,3.19806e-05,1.18699e-07,0.000608717,0.000138847,0.000428279,0.000430355,0.000683473,6.45316e-05,0.000140845,0.000691178,0.000436273,0.000152113,0.00136824,8.23331e-05
rs886040531,1.40164e-05,2.75313e-05,3.20848e-05,5.55074e-06,9.33586e-05,3.04658e-07,1.46831e-05,1.61909e-05,3.0459e-05,4.51384e-07,5.59809e-06,1.14028e-05,3.60224e-05,6.43851e-06,3.55357e-06,3.9324e-05,1.66308e-05,1.51692e-05,5.95933e-06,2.30601e-06,1.28038e-06,7.11892e-07,5.04759e-06,1.19634e-05,2.23887e-05,2.8468e-06,7.96285e-07,3.56132e-06,6.51847e-05,2.32332e-07,2.81476e-06,9.9732e-06,5.47549e-06,8.847e-06,1.78884e-06,1.15553e-06,5.47964e-06,1.72862e-09,4.1164e-06,5.24805e-05,1.86776e-07,9.21123e-07,1.83906e-05,2.67257e-06,3.54019e-06,1.42738e-06,1.33946e-06,1.20542e-07,1.48587e-06,,5.29694e-06,3.41398e-05,0.473843,3.22528e-05,0.874076,2.19828e-06,1.69441e-06,,1.29997e-06,0.470459,6.56193e-05,1.44994e-06,2.4669e-06,1.63209e-06,1.44297e-05,0.000109366,0.838376,1.89511e-05,3.38028e-06,2.0545e-06,0.000235886,1.84573e-06,0.846716,0.937214,9.49508e-07,1.37836e-06,0.876257,3.04207e-06,9.36134e-06,1.57557e-06,0.95839,2.55132e-07,0.818787,1.63773e-06,0.853839,6.58957e-05,3.68594e-06,1.0,1.85848e-06,1.35897e-06,,7.60998e-06,1.53183e-06,1.88893e-06,2.43472e-06,2.16138e-06,0.426141,0.678536,1.3409e-06,0.848252,5.18546e-06,5.95372e-05,1.67048e-06,0.743884,2.66221e-07,0.757858,1.57179e-06,1.90176e-05,6.61214e-06,5.74049e-06,1.26493e-06,2.05878e-06,0.535156,1.58348e-06,0.64935,1.90795e-06,9.27281e-05,1.77212e-06,2.45507e-06,1.88136e-06,1.01312e-05,2.90872e-06,5.36291e-06,2.55012e-06,1.9381e-08,2.44368e-06,1.01706e-05,1.37813e-06,6.47499e-06,2.67461e-06,5.83013e-06,0.927976,1.02157e-05,1.05119e-05,8.19224e-06,0.85748,,1.09341e-05,,1.78708e-06,1.38892e-06,8.02841e-06,2.13122e-07,2.89266e-06,1.58088e-06,1.97552e-06,0.000478226,1.32018e-06,0.000121506,2.07159e-05,2.21684e-06,6.76554e-05,1.84638e-06,2.0564e-05,2.18327e-05,,4.58745e-06,1.7264e-06,3.72408e-05,2.16352e-05,7.63649e-06,1.93943e-06,2.18137e-05,4.56237e-06,0.710576,2.07347e-06,2.19359e-06,,1.78472e-06,1.67756e-06,8.77307e-07,1.21729e-08,1.2034e-06,1.17754e-06,3.90489e-08,6.61242e-06,2.39251e-06,5.29785e-07,1.93989e-07,9.91142e-07,0.000237887,4.51681e-06
Affx-161163083,2.04782e-05,1.19454e-05,2.03845e-06,3.60496e-05,7.38577e-05,8.08955e-07,7.60939e-06,9.50801e-06,2.45639e-05,2.0545e-05,6.36928e-05,2.32046e-05,2.5662e-05,5.58859e-05,5.281e-07,1.89877e-06,1.76498e-05,1.58379e-05,4.38405e-06,1.14035e-05,6.70814e-07,8.4893e-06,9.27123e-06,1.74514e-05,1.10687e-05,2.45037e-05,1.07619e-05,9.09196e-06,4.58997e-06,1.16387e-05,2.09673e-06,2.54301e-05,2.5658e-05,1.1458e-05,7.18986e-06,5.53429e-06,1.62559e-05,1.26383e-06,9.6998e-06,5.49331e-06,4.30125e-06,2.85856e-05,1.33841e-05,3.06068e-06,4.25994e-06,5.85863e-06,1.56758e-06,7.13623e-07,1.75576e-06,0.0209372,0.000131561,4.05128e-06,3.31819e-06,3.73429e-05,2.07758e-06,2.57222e-06,1.99252e-06,0.0161891,1.13189e-06,3.08326e-06,1.65177e-06,1.7276e-06,2.91547e-06,7.857e-05,1.29435e-05,9.77575e-05,1.87086e-06,3.58233e-05,4.02601e-06,1.46894e-06,3.26974e-06,6.46574e-05,1.96375e-06,1.7817e-06,0.0144117,1.66485e-06,1.8007e-06,0.00208113,1.91192e-05,1.87277e-06,0.0122532,5.17807e-06,2.70677e-06,1.81855e-06,2.21867e-06,2.53514e-06,0.000131424,1.85848e-06,1.0,1.61883e-06,0.0237383,0.000127899,8.61703e-05,2.18789e-06,2.82842e-06,5.3383e-05,2.507e-06,1.76967e-06,1.58201e-06,1.82461e-06,1.63333e-06,2.66199e-06,1.85751e-06,2.40608e-06,0.014935,1.8822e-06,1.87229e-06,3.14563e-06,4.2811e-06,3.45355e-06,0.000110745,2.40779e-06,3.80094e-06,1.84653e-06,2.72334e-06,2.11901e-06,8.03831e-05,2.06774e-06,2.87574e-06,2.28747e-06,1.92481e-05,1.97977e-05,8.30762e-05,4.21626e-05,0.0209263,2.8877e-06,2.26125e-05,1.6879e-06,3.70273e-06,3.13973e-06,6.62109e-05,2.29248e-06,1.67691e-05,7.72755e-08,9.83549e-06,0.0090789,0.0241924,2.57806e-05,0.0238626,9.19838e-05,1.24947e-06,0.000151224,5.47064e-06,3.48572e-06,1.54664e-06,1.85526e-06,1.67991e-06,0.00108036,1.50467e-06,4.00979e-06,0.000260003,5.52661e-05,2.24559e-06,3.71615e-05,4.32237e-06,0.0236944,5.25462e-06,2.05675e-06,6.21219e-05,2.95237e-06,6.47913e-05,5.76338e-06,2.48981e-06,4.1867e-06,2.29737e-06,3.30746e-06,0.000226218,0.0386193,2.01013e-06,5.9249e-06,9.81449e-07,3.4121e-06,9.64917e-06,1.95018e-05,2.52293e-06,1.11494e-06,2.3679e-06,2.59685e-06,1.09167e-05,1.79225e-06,2.33073e-05,2.71084e-05
rs80358683,2.10197e-07,1.15873e-05,1.44898e-06,7.15193e-05,3.18513e-05,2.30318e-05,1.30521e-06,5.25293e-06,2.66873e-05,2.3614e-06,4.63384e-06,1.60262e-05,3.59104e-05,5.87513e-08,4.87384e-05,8.82123e-07,7.53836e-06,3.09854e-05,5.65189e-07,3.4996e-06,1.66674e-05,1.01165e-07,3.44515e-08,6.2036e-07,6.45435e-08,1.29433e-06,3.78105e-06,1.04532e-05,2.51197e-05,7.88931e-06,4.92496e-06,2.40617e-05,1.74142e-05,5.58936e-06,6.20881e-06,4.18831e-05,1.08042e-05,0.000135453,1.53461e-07,1.20199e-05,1.01117e-06,1.40873e-07,1.08216e-05,1.86726e-06,2.47599e-06,1.97199e-05,0.000180696,2.72167e-05,2.9121e-08,1.39e-06,0.0168064,0.0491899,1.89057e-06,1.85496e-05,1.20102e-06,1.49205e-06,1.14859e-06,1.22914e-06,9.29386e-07,0.0530157,1.54661e-06,1.01175e-06,1.6986e-06,1.12097e-06,1.38077e-05,1.00658e-06,1.08147e-06,3.03288e-05,2.39455e-06,1.39371e-06,1.88948e-06,0.000118279,1.13516e-06,1.30293e-06,2.31499e-06,9.48703e-07,1.2934e-06,0.0310834,4.91208e-06,1.10937e-06,2.97048e-06,1.44924e-05,1.59557e-06,1.14124e-06,1.28247e-06,1.56026e-06,2.57827e-06,1.35897e-06,1.61883e-06,1.0,1.68422e-06,5.34819e-06,0.000154609,1.28192e-06,1.70342e-06,1.55536e-06,1.45461e-06,1.29397e-06,9.49825e-07,1.05281e-06,2.34286e-06,1.57302e-06,1.17697e-06,0.000111407,1.19227e-06,1.35662e-06,1.02866e-06,6.10809e-05,1.62552e-05,5.18638e-06,8.71022e-07,1.47226e-06,2.24344e-06,1.05913e-06,1.5502e-06,1.31376e-06,0.000611655,1.22821e-06,9.22766e-05,0.0687375,5.3739e-06,8.76204e-06,3.5509e-05,5.15605e-06,1.232e-06,1.69597e-06,4.73278e-06,0.000172219,5.07876e-06,1.85488e-06,2.35658e-05,1.3368e-06,5.9138e-06,9.1507e-07,5.69809e-06,1.99452e-06,1.20252e-06,8.47858e-07,1.84412e-06,1.26471e-06,9.82937e-07,1.34932e-07,1.57814e-06,0.0371491,0.000151638,1.3982e-06,1.01994e-06,0.000183729,0.000183714,4.25865e-05,9.9463e-05,1.7885e-05,1.31143e-06,1.03577e-05,4.38254e-05,2.05861e-06,3.19897e-06,1.18857e-06,2.19488e-06,1.5587e-06,1.61645e-05,2.33689e-05,5.42432e-05,3.22898e-06,1.37837e-06,1.56356e-05,9.88663e-06,1.13595e-06,1.2288e-06,4.62359e-05,2.61643e-05,1.09604e-05,6.12523e-06,5.70922e-05,1.16492e-05,2.8024e-06,1.71224e-05,7.61448e-06,5.48372e-05,0.000100789,3.0232e-06,8.29108e-06
rs886040537,2.01406e-10,8.96476e-06,6.56761e-06,2.6793e-08,1.62572e-08,2.2196e-06,8.01859e-06,4.30912e-05,2.73308e-05,,1.51933e-05,8.14227e-06,4.60093e-05,2.38313e-05,3.14216e-05,1.3281e-06,1.2905e-05,1.2868e-05,7.55789e-06,1.51704e-06,3.52613e-05,1.73098e-05,5.14902e-05,3.12136e-06,4.61166e-06,5.4559e-06,4.06589e-06,1.40086e-05,2.63464e-07,2.85736e-06,9.25894e-06,4.934e-06,3.46503e-05,1.32167e-05,6.82503e-05,1.50292e-06,7.45024e-07,4.45705e-05,2.83993e-06,1.02308e-06,3.48372e-06,8.7974e-06,1.97488e-05,3.38668e-06,4.4569e-06,2.70292e-06,1.66019e-06,0.000133231,1.82596e-06,0.834096,9.63524e-06,4.23965e-06,3.42505e-06,7.92629e-07,2.1619e-06,2.70306e-06,2.1217e-06,0.637718,,3.18227e-06,0.000228054,1.8212e-06,3.08176e-06,2.05478e-06,1.23187e-08,8.09822e-05,1.94671e-06,3.55969e-07,2.11284e-05,2.50467e-06,3.44704e-06,0.000648812,2.04335e-06,,0.49085,1.73249e-06,,3.78852e-06,2.19868e-05,1.99692e-06,0.398225,9.22718e-06,2.91385e-06,6.79588e-05,2.30851e-06,2.8084e-06,1.80653e-05,,0.0237383,1.68422e-06,1.0,9.65138e-06,1.89864e-06,2.32238e-06,3.06625e-06,4.37201e-05,2.6565e-06,,7.94989e-05,1.92259e-06,4.84594e-07,2.91496e-06,2.11865e-06,2.50352e-06,0.556204,,1.94816e-06,2.42299e-05,8.8172e-06,9.28697e-06,1.56788e-06,4.73351e-05,4.00609e-06,1.9625e-06,2.80841e-06,5.57081e-05,2.05643e-06,2.22514e-06,3.04286e-06,2.40401e-06,2.07545e-05,2.78113e-06,1.9166e-05,2.80452e-05,0.563914,3.05292e-06,2.20223e-05,1.75633e-06,9.16633e-06,3.29792e-05,5.6529e-05,2.4063e-06,1.94021e-05,5.73175e-07,1.02568e-05,0.158817,0.686038,2.93393e-06,0.828843,,,4.3835e-05,1.02657e-05,3.65794e-06,,,1.84533e-06,1.63628e-06,1.63582e-06,2.11984e-06,2.74758e-06,8.37848e-06,2.36063e-06,4.10677e-05,1.62239e-06,0.860514,8.48273e-05,2.13948e-06,5.80618e-06,1.35062e-06,1.73566e-05,1.03322e-05,1.7387e-06,,2.48113e-06,2.37663e-05,2.02945e-05,0.52504,2.21196e-06,9.70153e-06,3.19866e-06,2.84686e-07,2.76559e-07,1.73068e-06,1.57033e-06,0.00130268,3.57486e-08,1.35628e-06,1.46249e-06,1.91482e-07,4.48013e-07,1.25491e-07
rs80358694,0.000126889,3.96545e-05,6.45501e-06,0.00711025,0.00216452,5.88897e-05,0.000181827,0.000285523,0.00055556,1.88278e-05,0.000235772,0.000882396,0.00892232,0.000231462,4.95542e-05,0.000876365,0.00733825,0.000119131,0.00192329,0.00222756,5.12777e-05,6.57202e-05,4.8087e-05,0.00238199,0.000863402,0.000143359,0.00228473,3.52113e-05,2.48437e-05,0.00185931,0.000387471,0.00017774,7.68753e-05,0.00103657,4.5573e-05,0.000328161,0.000983271,7.75404e-07,4.51443e-05,0.000275735,0.00292815,0.0133599,0.00141627,3.16546e-05,8.42757e-06,0.000179741,5.20782e-06,3.71356e-05,5.68152e-06,7.96556e-06,2.20573e-05,1.34955e-05,1.06787e-05,0.0010988,6.88163e-06,8.65137e-06,7.63216e-06,7.04275e-06,5.2043e-06,1.02115e-05,8.72793e-06,5.72381e-06,9.8092e-06,6.57647e-06,0.000225774,5.95689e-06,6.19647e-06,0.000218423,1.45845e-05,5.24114e-06,9.5954e-06,5.50681e-05,6.50427e-06,7.3148e-06,3.38644e-08,1.28042e-05,7.47509e-06,7.5137e-05,0.00151766,6.34028e-06,1.70204e-05,0.0117035,8.98554e-06,6.4457e-06,7.34814e-06,8.73764e-06,1.48497e-05,7.60998e-06,0.000127899,5.34819e-06,9.65138e-06,1.0,5.9369e-06,5.03861e-06,1.95316e-06,2.84054e-06,7.92796e-06,7.24609e-06,5.5064e-06,6.11989e-06,4.27182e-07,3.78355e-05,6.72698e-06,7.96932e-06,6.83269e-06,7.70666e-06,6.20128e-06,6.11913e-07,2.63355e-05,2.28863e-05,4.88905e-06,8.41456e-06,1.17252e-05,3.77303e-06,2.9141e-06,5.50866e-06,6.56546e-06,6.46922e-06,1.90205e-06,7.65197e-06,0.00149104,2.84952e-05,0.000428101,0.000159944,7.05919e-06,9.7176e-06,0.00148824,1.20097e-05,2.92556e-05,2.6942e-05,3.68629e-06,7.65962e-06,0.00149191,5.48598e-05,3.2567e-05,1.13131e-05,6.88984e-06,5.39562e-05,1.05665e-05,7.10008e-06,5.47554e-06,2.43427e-05,5.00577e-05,1.15558e-05,1.08777e-05,7.68732e-06,0.00012107,5.10595e-06,5.29138e-06,0.00291043,3.23079e-06,6.15825e-06,7.36115e-06,0.000152394,0.00290251,1.17955e-05,5.08334e-06,7.68336e-06,0.000162827,0.00679721,0.000117092,1.2566e-06,0.00288238,1.30213e-05,7.87767e-06,0.000186361,0.000112989,6.49252e-06,7.02359e-06,8.4323e-07,0.00123005,0.000271477,0.000680652,0.000681059,0.00143399,7.28935e-05,0.000519689,0.00148879,0.000713369,0.000499401,0.00298035,7.59583e-05
rs276174847,6.87045e-08,4.3651e-07,8.45243e-05,1.29433e-05,9.79907e-06,5.97688e-06,8.25274e-06,1.70601e-07,4.6235e-07,6.84964e-07,8.32099e-07,4.36925e-05,7.0374e-05,9.40336e-06,1.32562e-06,2.20517e-05,6.58389e-08,1.53567e-05,8.08061e-06,3.01002e-05,3.92621e-05,1.45119e-06,4.06406e-06,9.90542e-06,2.43311e-05,1.36188e-05,2.99967e-06,8.61289e-05,2.62732e-05,5.71933e-08,1.53547e-05,4.01055e-06,1.45538e-06,7.93873e-07,1.42299e-05,2.75207e-05,3.47931e-07,1.33231e-07,1.40963e-05,3.50489e-05,6.57809e-06,1.22151e-05,2.15754e-06,2.12065e-06,2.75553e-06,3.46951e-05,0.489652,2.41003e-07,1.15254e-06,1.567e-06,6.097e-06,2.62121e-06,2.16188e-06,6.51679e-06,1.35378e-06,1.70621e-06,1.31177e-06,1.38547e-06,1.03194e-06,2.00875e-06,,1.12596e-06,1.92979e-06,0.000551344,6.03174e-05,1.1837e-06,1.21902e-06,4.29543e-05,0.000231212,,2.16068e-06,1.49305e-06,1.2795e-06,1.46862e-06,2.60942e-06,1.08488e-06,1.5008e-06,2.40664e-06,4.2216e-06,1.25047e-06,3.34828e-06,3.55988e-06,1.80157e-06,1.28635e-06,1.44558e-06,1.75867e-06,2.92129e-06,1.53183e-06,8.61703e-05,0.000154609,1.89864e-06,5.9369e-06,1.0,1.46608e-06,1.90479e-06,1.75318e-06,1.66347e-06,1.45856e-06,1.08597e-06,1.18867e-06,3.97836e-06,1.80221e-06,1.3116e-06,1.56774e-06,1.34416e-06,1.55131e-06,1.2199e-06,1.069e-07,5.58089e-06,5.846e-06,0.485306,1.65951e-06,2.49665e-06,1.22894e-06,1.77266e-06,1.49594e-06,1.29812e-06,0.000110153,1.90542e-06,1.50533e-06,3.7922e-06,8.49317e-07,2.26758e-05,2.80156e-07,1.38869e-06,1.91173e-06,4.45901e-06,1.11489e-06,5.75513e-06,2.12112e-06,4.55532e-06,1.50682e-06,3.34122e-06,1.99969e-06,6.42277e-06,2.24818e-06,1.35546e-06,1.8989e-06,2.07866e-06,1.42554e-06,1.1079e-06,5.70199e-07,1.98424e-07,2.2907e-06,1.27404e-06,1.57598e-06,1.1648e-06,0.513418,0.000157203,4.16629e-06,0.365212,1.38395e-05,1.47818e-06,2.89594e-06,4.62092e-06,2.32043e-06,3.59079e-06,1.33973e-06,5.65926e-06,3.32866e-06,1.63972e-05,1.13329e-07,4.60939e-06,3.69238e-06,1.55363e-06,8.04664e-08,2.58502e-06,1.28046e-06,1.3852e-06,1.85445e-07,5.32394e-06,6.03037e-06,1.32593e-05,1.38758e-06,2.8807e-06,9.4972e-07,2.06659e-05,3.473e-06,2.96263e-06,9.45679e-06,1.91977e-05,2.16736e-06
Affx-472941193,4.91183e-06,1.51389e-05,4.00586e-06,7.65984e-08,1.45789e-06,1.13287e-06,2.27314e-05,4.30968e-06,3.65943e-07,1.33847e-05,1.59272e-05,1.40921e-06,2.71829e-06,1.72141e-05,1.6796e-05,1.19994e-05,7.5756e-06,9.52245e-06,4.04754e-06,1.76256e-07,3.42334e-06,2.1046e-05,1.57766e-05,6.50211e-08,1.93967e-06,1.19744e-05,3.87976e-06,3.21887e-07,1.36558e-06,1.55317e-06,1.66244e-06,2.05028e-06,1.45728e-05,1.50119e-06,2.16254e-05,1.84954e-08,1.24021e-05,4.39e-08,4.57311e-06,9.98603e-06,2.89966e-06,6.15162e-07,3.33812e-06,2.47686e-06,0.548992,1.16976e-05,1.26872e-06,1.53534e-05,1.3919e-06,1.91364e-06,7.36494e-06,3.22152e-06,0.00116977,2.60084e-06,1.66932e-06,2.10397e-06,1.61969e-06,1.68985e-06,0.000534637,2.45839e-06,2.15831e-06,1.36814e-06,2.33054e-06,1.59937e-06,2.63364e-06,1.45951e-06,1.50316e-06,3.11248e-06,3.32833e-06,1.96527e-06,0.21951,1.84111e-06,1.57778e-06,1.81098e-06,3.1991e-06,1.33779e-06,1.83156e-06,2.92966e-06,1.13958e-05,1.54198e-06,4.11019e-06,2.64495e-05,2.24971e-06,0.000432403,1.78258e-06,2.12727e-06,3.6023e-06,1.88893e-06,2.18789e-06,1.28192e-06,2.32238e-06,5.03861e-06,1.46608e-06,1.0,2.26877e-06,2.13964e-06,0.008416,1.7986e-06,1.32029e-06,1.48458e-06,7.89979e-06,2.25087e-06,9.13637e-05,1.93321e-06,1.65725e-06,1.91297e-06,1.50432e-06,2.88836e-05,6.97146e-06,6.13641e-06,1.19201e-06,6.8299e-05,0.0233268,0.356241,2.14437e-06,1.84469e-06,1.6007e-06,1.71405e-06,5.66493e-05,1.79963e-06,1.22361e-05,1.47553e-05,3.29803e-05,3.76215e-05,1.69383e-06,2.35739e-06,6.65745e-06,1.35612e-06,6.56318e-06,2.61559e-06,5.59844e-06,1.85809e-06,9.47853e-06,3.44959e-07,7.90136e-06,2.77225e-06,1.61873e-06,4.06716e-07,2.54463e-06,8.19158e-05,1.3662e-06,3.411e-05,5.23744e-06,2.73954e-06,1.52223e-06,1.88298e-06,0.22536,1.2635e-06,1.26493e-06,3.16849e-06,2.12162e-06,6.52154e-06,1.80426e-06,1.04013e-05,2.73912e-06,2.84276e-06,4.44655e-06,1.63503e-06,6.03646e-05,2.45797e-05,5.23965e-06,1.49365e-06,1.15686e-06,0.239716,1.91571e-06,6.75117e-06,4.59836e-06,1.56036e-06,1.70802e-06,8.29249e-06,2.77164e-05,1.13578e-05,1.57385e-05,1.91743e-05,3.29656e-05,3.40732e-05,8.4147e-06,2.69979e-05,1.37901e-05,3.67999e-06,1.66997e-06,4.23884e-06
rs886038122,2.51364e-05,1.01421e-08,2.24265e-05,9.35035e-08,2.83388e-08,2.53465e-06,1.37754e-05,1.4593e-05,1.13254e-05,5.4706e-06,8.90811e-06,4.28935e-06,4.66014e-06,1.2664e-05,1.46202e-05,2.13363e-05,1.74003e-05,4.22979e-05,6.21726e-06,5.86287e-07,6.39244e-05,3.20811e-05,4.90664e-05,1.11561e-06,1.19049e-06,2.59174e-05,3.88958e-07,3.19248e-05,3.20975e-05,1.19704e-05,3.22438e-05,1.85492e-05,4.29076e-08,4.47795e-06,4.36378e-05,7.63096e-06,2.14125e-05,2.98141e-06,6.84348e-08,7.69304e-08,4.29836e-05,1.77788e-07,1.62732e-07,3.39868e-06,4.43558e-06,2.61493e-05,1.67893e-06,3.59888e-06,1.86182e-06,2.53066e-06,0.0898323,4.28754e-06,3.49153e-06,3.09062e-05,2.18629e-06,4.65053e-05,6.75149e-05,2.23748e-06,8.63505e-05,3.21842e-06,4.48511e-05,0.0179253,3.04331e-06,6.89575e-05,5.73747e-06,1.88159e-06,1.96867e-06,1.02474e-05,4.35911e-06,2.5488e-06,3.37408e-06,2.41124e-06,2.04992e-06,2.37216e-06,4.21416e-06,1.72419e-06,2.42414e-06,0.0328602,7.23141e-08,2.00341e-06,5.4074e-06,7.25084e-05,2.85365e-06,2.07735e-06,2.33457e-06,0.000232867,4.69338e-06,2.43472e-06,2.82842e-06,1.70342e-06,3.06625e-06,1.95316e-06,1.90479e-06,2.26877e-06,1.0,2.80872e-06,2.64015e-06,2.33717e-06,0.000373127,1.94428e-06,1.45978e-05,4.1409e-05,6.61787e-05,2.53178e-06,2.17082e-06,2.48579e-06,1.95448e-06,4.12548e-06,3.95346e-05,3.6015e-05,1.58556e-06,4.72101e-05,3.93029e-06,1.98484e-06,2.81348e-06,5.63826e-05,6.78573e-05,2.25035e-06,3.05272e-06,2.40836e-06,7.84038e-08,6.23987e-07,1.64147e-06,5.95823e-07,2.24277e-06,3.03866e-06,4.25838e-07,8.23628e-05,9.12255e-06,3.37683e-06,7.30782e-06,2.43339e-06,1.86857e-07,1.0628e-05,1.02899e-05,3.63083e-06,2.18902e-06,1.03755e-05,3.35696e-06,5.84454e-05,8.73336e-05,4.485e-05,5.99622e-08,0.0930712,1.1928e-06,0.000108903,1.88105e-06,1.65475e-06,1.64352e-06,2.04713e-06,2.77862e-06,3.40107e-06,2.36289e-06,1.16557e-05,1.09505e-06,3.74743e-06,1.14322e-05,2.14329e-06,4.72034e-06,2.63878e-05,3.27024e-06,2.8972e-06,1.19183e-06,5.964e-06,2.50915e-06,7.53203e-06,6.43052e-06,2.0514e-06,6.09392e-05,1.93252e-05,3.23681e-06,1.22881e-05,1.10263e-05,2.40567e-05,2.12463e-05,4.1039e-06,2.5399e-07,2.45753e-05,3.08309e-05,2.38407e-06,2.02501e-05,2.48225e-06
rs80358760,7.79846e-06,2.65969e-05,1.40095e-05,7.64815e-08,2.00285e-06,6.5414e-07,7.75428e-07,1.24732e-05,3.8591e-06,1.11617e-05,1.31687e-06,4.92258e-07,1.0361e-07,2.12625e-07,5.20188e-05,7.1531e-06,9.83728e-07,8.17381e-06,2.03236e-06,3.11367e-06,1.16161e-06,1.68855e-07,2.02473e-08,6.87509e-06,2.41638e-06,2.26758e-05,2.91611e-06,1.02697e-06,4.58193e-06,9.53663e-08,4.94835e-06,1.50547e-05,4.83581e-05,2.67934e-05,3.09023e-06,1.42003e-06,1.97833e-05,8.42269e-06,1.07007e-06,1.04303e-05,5.88272e-06,2.725e-05,1.01413e-06,2.96985e-06,2.26813e-05,5.10793e-06,1.53295e-06,8.53899e-05,1.65559e-06,5.77327e-05,8.81407e-06,3.91497e-06,3.16049e-06,5.85245e-06,1.97909e-06,2.51606e-06,7.24518e-05,2.02542e-06,1.49134e-06,2.9622e-06,2.4949e-06,1.66712e-06,2.84575e-06,1.896e-06,1.14809e-05,1.7003e-06,1.79761e-06,2.22498e-05,0.000145235,6.41398e-05,3.64174e-05,6.34209e-05,1.88685e-06,2.09089e-06,2.61282e-05,1.59976e-06,2.13658e-06,3.51832e-06,1.71984e-06,1.80602e-06,1.61931e-05,3.00659e-05,2.64425e-06,1.88054e-06,2.13171e-06,2.57038e-06,2.12045e-05,2.16138e-06,5.3383e-05,1.55536e-06,4.37201e-05,2.84054e-06,1.75318e-06,2.13964e-06,2.80872e-06,1.0,2.43164e-06,2.07658e-06,1.57919e-06,1.77535e-06,1.65823e-06,2.69172e-06,7.33055e-05,2.31185e-06,7.13673e-05,2.20863e-06,1.79896e-06,1.37415e-06,8.25183e-06,8.59839e-06,0.000109872,2.44719e-06,3.6645e-06,1.77442e-06,2.5689e-06,2.20586e-06,1.89203e-06,2.07131e-06,2.7855e-06,2.21975e-06,6.71603e-09,3.2881e-05,5.52552e-05,2.64437e-05,6.82766e-05,4.32139e-05,1.8654e-07,9.17316e-05,8.39084e-06,3.12788e-06,6.6728e-06,2.22195e-06,4.86962e-07,8.53027e-06,9.44865e-06,3.39336e-05,7.03444e-05,8.30876e-06,3.80296e-05,2.00749e-06,9.94519e-05,8.07845e-05,1.53622e-05,3.33256e-06,1.7975e-06,2.22349e-06,8.62029e-05,1.49788e-06,1.50849e-06,3.50588e-05,2.47099e-06,4.77994e-06,2.17984e-06,2.12632e-05,3.57069e-05,3.18778e-05,5.31745e-06,1.9755e-06,2.50148e-05,7.94589e-05,6.03988e-05,3.66954e-07,3.56867e-05,0.000101505,2.26877e-06,8.35671e-06,8.6343e-05,7.58754e-05,2.00299e-06,5.20434e-07,6.5299e-05,3.53392e-07,8.08433e-06,8.11666e-07,8.4642e-06,5.68857e-06,3.29641e-05,2.54477e-06,2.45002e-06,8.90252e-06,2.57584e-06,9.39994e-07
rs587781585,3.44491e-07,9.61356e-06,1.29131e-06,2.09935e-05,2.41738e-05,7.55126e-08,2.29317e-05,2.70578e-05,1.81715e-05,1.91461e-06,1.43129e-05,3.49644e-06,2.80573e-05,9.27681e-06,2.4482e-05,4.17795e-06,4.622e-06,2.46902e-06,6.50668e-06,3.48509e-07,7.18498e-07,1.05392e-08,6.18847e-07,3.1558e-05,2.15905e-06,6.77958e-07,3.01325e-06,4.03811e-06,2.36689e-05,1.146e-05,1.34319e-05,5.51915e-07,2.34942e-06,4.05541e-06,7.39942e-08,2.3046e-06,1.86426e-06,1.83752e-05,1.15458e-05,4.34053e-05,3.95158e-06,2.09661e-06,5.37731e-06,2.94087e-06,0.0113402,2.74407e-05,1.44116e-06,7.17405e-06,1.61289e-06,2.19248e-06,3.78263e-06,3.50275e-06,0.236064,3.75016e-05,0.38237,2.34491e-06,1.85879e-06,1.93848e-06,1.45198e-06,0.217488,5.61496e-05,1.59583e-06,4.78411e-05,1.77248e-06,5.0317e-05,9.43689e-05,0.381059,4.73901e-05,3.77659e-06,2.2099e-06,0.00156591,2.06789e-06,0.35966,0.423172,3.65102e-06,1.51791e-06,0.390595,3.42669e-05,4.57383e-06,1.7496e-06,0.154785,3.20368e-06,0.344388,1.79991e-06,0.359551,0.000277665,4.04507e-06,0.426141,2.507e-06,1.45461e-06,2.6565e-06,7.92796e-06,1.66347e-06,0.008416,2.64015e-06,2.43164e-06,1.0,0.316368,1.47726e-06,0.402913,2.96803e-06,5.13549e-05,1.81402e-06,0.305758,1.84617e-06,0.32537,1.70687e-06,2.24936e-06,4.71428e-06,4.08251e-06,1.37364e-06,2.32194e-06,0.261154,0.00200015,0.252065,2.07186e-06,1.77386e-06,1.92618e-06,2.66598e-06,1.88236e-06,5.14318e-06,7.22922e-07,1.05968e-05,9.05084e-06,1.94296e-06,2.62923e-06,5.1726e-06,1.5599e-06,5.09925e-05,2.92557e-06,6.33126e-06,0.39924,5.23243e-06,2.7673e-05,8.98629e-06,0.201239,1.89644e-06,6.38916e-05,2.85492e-06,1.99488e-06,1.55046e-06,4.28525e-06,4.0592e-06,3.15384e-06,9.47417e-05,2.16327e-06,0.00011234,1.43362e-06,0.000111317,2.44327e-05,2.40731e-06,0.000527189,2.04719e-06,4.73803e-06,2.0136e-05,3.24665e-06,5.02412e-06,1.85693e-06,3.82876e-05,1.74434e-05,6.02703e-05,4.54022e-06,2.01153e-05,0.00760561,0.346839,1.25409e-06,2.92133e-05,1.79156e-06,1.93805e-06,4.13159e-06,1.84284e-07,1.9877e-05,3.36491e-05,3.59081e-05,1.22989e-05,6.79289e-07,3.80898e-06,1.63173e-05,4.3254e-05,1.00955e-06,0.000153632,3.31604e-07
rs80359524,1.19843e-05,3.82941e-06,3.05135e-05,2.0181e-05,0.000122562,7.69317e-06,7.17812e-06,2.55585e-05,5.27792e-05,6.08682e-06,1.17908e-05,3.54943e-06,4.55618e-05,1.39743e-05,5.20494e-06,1.77208e-05,1.0277e-05,1.10164e-05,5.65924e-06,8.61717e-07,1.92785e-07,3.02504e-07,7.88657e-08,2.1022e-05,1.04956e-05,1.66989e-06,3.12475e-06,7.95105e-06,0.000179716,9.23939e-06,6.13637e-06,4.68703e-05,6.97578e-08,1.82308e-06,8.57167e-08,1.04696e-05,2.38351e-05,1.79513e-07,2.17091e-05,1.11977e-05,1.80721e-05,2.03271e-06,6.45796e-06,2.52534e-06,3.36905e-06,9.82544e-07,1.2754e-06,2.28889e-08,1.39987e-06,,6.31356e-06,0.00152027,0.365574,4.90433e-05,0.606424,2.09315e-06,1.57581e-06,,1.23714e-06,0.328313,7.03645e-05,1.39957e-06,2.34892e-06,1.55403e-06,9.02183e-07,0.000115065,0.547121,2.44367e-06,3.23707e-06,1.93547e-06,5.07256e-05,1.73899e-06,0.566703,0.658335,9.04068e-07,1.31244e-06,0.620103,2.95329e-06,6.0055e-06,1.4994e-06,0.676113,8.41422e-06,0.544469,1.55936e-06,0.625477,6.96893e-05,3.50975e-06,0.678536,1.76967e-06,1.29397e-06,,7.24609e-06,1.45856e-06,1.7986e-06,2.33717e-06,2.07658e-06,0.316368,1.0,1.27673e-06,0.576916,6.83823e-06,6.62142e-05,9.75148e-05,0.485888,2.53196e-07,0.562167,1.49662e-06,1.80797e-05,7.63271e-06,6.68835e-06,1.20436e-06,1.95925e-06,0.33855,1.5078e-06,0.443307,1.8166e-06,0.000100412,1.6865e-06,2.33767e-06,9.85705e-05,6.60482e-06,2.14212e-09,4.63304e-06,1.3843e-06,1.82574e-08,5.89427e-05,6.64402e-06,1.31222e-06,6.87406e-06,2.54669e-06,5.53272e-06,0.649145,6.62701e-06,1.29908e-05,7.79625e-06,0.60097,,1.34657e-05,,1.70156e-06,1.32251e-06,5.95569e-06,7.24902e-06,2.79191e-06,1.50452e-06,1.84311e-06,0.000506389,1.25704e-06,0.000129361,1.47577e-05,2.11082e-06,0.00020033,1.75807e-06,6.95682e-06,1.62719e-05,,4.36793e-06,1.64386e-06,5.38896e-06,7.74717e-10,4.49025e-06,1.00085e-06,1.56752e-05,4.34185e-06,0.535689,2.27525e-05,3.21234e-07,,1.69931e-06,6.75637e-07,1.19815e-07,1.29057e-05,8.97898e-07,6.64839e-08,1.90699e-06,1.33595e-08,1.8627e-06,3.58347e-06,1.25377e-06,2.76123e-06,0.000166715,3.61354e-06
rs397507792,5.4729e-06,1.16096e-06,2.29575e-05,8.63079e-06,1.94444e-06,9.49724e-07,8.53095e-06,1.1936e-05,2.32127e-05,1.14868e-05,3.35328e-05,2.4383e-05,5.15189e-08,3.4945e-05,1.57609e-05,7.13358e-06,1.74849e-08,7.26034e-05,1.02495e-05,9.6053e-06,1.55274e-09,4.66416e-07,3.25591e-07,1.12529e-05,1.54232e-05,1.15024e-05,2.9815e-05,1.91179e-06,5.86012e-06,3.56953e-05,3.31639e-07,6.61982e-07,3.03263e-06,2.04658e-06,1.19507e-06,1.56987e-05,9.37536e-08,4.40006e-06,4.5664e-07,1.70129e-05,4.79259e-06,3.61045e-05,2.3197e-05,1.8025e-06,4.756e-05,4.17355e-05,9.49581e-07,6.78837e-07,1.02355e-06,0.000101313,1.29115e-05,2.42497e-06,1.97474e-06,8.11599e-06,1.23652e-06,0.000418714,1.21356e-06,0.000117673,9.16979e-07,1.83461e-06,9.23306e-05,1.02711e-06,1.76264e-06,1.1847e-06,5.81907e-05,1.0508e-06,1.11346e-06,3.48802e-05,2.46538e-06,1.43551e-06,6.84812e-05,0.000107628,1.16874e-06,1.28557e-06,5.1725e-05,9.77152e-07,1.29471e-06,0.000297603,9.25929e-06,1.14219e-06,3.55876e-05,3.62634e-05,1.64347e-06,1.175e-06,1.32041e-06,1.53939e-06,2.66833e-06,1.3409e-06,1.58201e-06,9.49825e-07,7.94989e-05,5.5064e-06,1.08597e-06,1.32029e-06,0.000373127,1.57919e-06,1.47726e-06,1.27673e-06,1.0,1.08441e-06,2.77981e-06,8.46289e-05,0.000124113,1.43199e-06,1.22743e-06,0.000111359,1.11429e-06,1.38589e-05,5.09765e-06,5.32593e-06,8.96763e-07,1.51581e-06,2.27768e-06,1.10698e-06,1.59669e-06,1.36641e-06,1.18568e-06,1.28292e-06,1.69211e-06,1.37503e-06,7.64771e-06,2.23471e-05,3.77017e-08,3.53587e-05,1.2684e-06,1.74619e-06,7.63187e-06,1.00421e-06,5.2429e-06,1.92368e-06,4.11926e-06,1.37634e-06,7.02853e-06,6.89592e-05,5.85256e-06,0.000314244,1.2209e-06,7.03025e-05,7.0574e-05,1.24786e-06,9.28471e-07,4.31172e-05,8.72134e-07,2.07822e-06,1.09908e-06,1.37954e-06,1.04914e-06,9.3591e-07,9.5079e-07,5.98014e-06,1.54973e-06,4.84455e-06,1.33646e-06,4.28501e-05,8.90975e-06,6.08714e-05,3.2935e-06,1.22373e-06,1.56863e-05,2.24383e-05,1.88646e-07,4.51677e-05,8.93515e-06,3.48911e-05,1.39944e-06,6.14938e-08,2.80156e-07,0.000129365,1.26508e-06,4.68518e-05,8.67401e-06,2.48546e-06,1.60105e-05,1.13473e-05,5.70479e-06,1.4224e-05,3.29415e-07,6.6848e-06,1.2869e-05,1.17206e-06,6.07148e-10,3.45237e-06
rs276174862,4.52402e-05,1.79482e-05,2.54665e-05,6.51465e-06,6.20858e-05,1.82116e-05,2.79722e-05,3.07279e-06,1.0595e-05,5.49448e-07,5.99087e-06,1.99434e-05,5.3205e-05,6.74686e-06,1.13796e-06,4.03018e-05,1.10351e-05,6.12564e-05,5.81931e-06,3.78571e-06,8.11074e-06,2.72498e-05,3.41711e-06,2.07777e-05,2.10479e-05,1.44165e-05,3.8754e-07,3.72703e-08,5.8182e-05,5.57841e-06,2.51345e-06,2.80642e-05,6.29348e-06,2.74151e-06,1.10372e-08,3.57214e-07,2.00377e-05,2.72755e-06,1.34034e-05,1.20618e-06,2.48003e-06,3.59644e-06,2.80353e-07,2.1474e-06,2.79067e-06,6.776e-07,1.05269e-06,1.92582e-07,1.16705e-06,1.58677e-06,9.98131e-06,2.68828e-06,0.442758,8.37022e-06,0.815936,1.72774e-06,1.31338e-06,1.40295e-06,1.04751e-06,0.412068,8.4415e-05,1.15477e-06,1.95414e-06,1.31333e-06,1.96093e-06,1.16801e-06,0.762482,1.56664e-06,2.73323e-06,1.61373e-06,0.000299475,1.51188e-06,0.736869,0.843832,2.64234e-06,1.09856e-06,0.791836,2.43714e-06,4.6436e-09,1.26621e-06,0.346007,2.54432e-06,0.709522,1.28727e-06,0.797582,8.59716e-05,2.95814e-06,0.848252,1.82461e-06,1.05281e-06,1.92259e-06,6.11989e-06,1.18867e-06,1.48458e-06,1.94428e-06,1.77535e-06,0.402913,0.576916,1.08441e-06,1.0,1.36803e-05,7.99113e-05,1.34343e-06,0.693515,1.32702e-06,0.692442,1.22005e-06,1.51872e-05,5.63591e-06,5.889e-06,9.94133e-07,1.65942e-06,0.445945,1.24445e-06,0.559602,1.51485e-06,0.00011932,1.40454e-06,1.91412e-06,1.48618e-06,1.63849e-09,5.89986e-07,1.81552e-06,1.61638e-07,1.40624e-06,1.93585e-06,1.98363e-09,1.12896e-06,1.12248e-05,2.14788e-06,4.61279e-06,0.826758,5.17805e-11,2.60267e-06,6.42242e-06,0.438201,1.37256e-06,2.76916e-06,2.05221e-06,1.44352e-06,1.1219e-06,1.42974e-06,5.19628e-06,2.3196e-06,1.27397e-06,1.59586e-06,0.000596532,1.03753e-06,1.01067e-06,6.25252e-07,1.72692e-06,0.000245474,1.49687e-06,1.28806e-05,8.14575e-07,2.34971e-06,3.65142e-06,1.35663e-06,2.3274e-05,4.74519e-06,1.63994e-05,2.80134e-06,8.08544e-07,3.69217e-06,0.63331,3.77619e-06,6.94763e-06,1.29661e-06,1.40267e-06,2.52697e-06,1.59916e-06,8.68332e-06,8.10723e-07,7.89322e-07,4.41486e-07,3.70684e-05,1.65586e-08,3.65147e-08,1.01935e-07,1.33737e-07,0.000132352,9.13568e-07
rs79538375,0.000146213,0.00341568,0.00387864,0.000128542,0.000833719,0.000323399,0.000128675,0.000145553,1.49763e-06,9.97224e-05,6.64512e-05,9.30903e-05,1.48167e-05,7.564e-05,5.08246e-05,0.000798351,0.00118317,2.35708e-05,0.00251192,0.00288785,5.64865e-05,0.000168073,2.83497e-05,0.0020788,0.000828212,5.32042e-05,0.00253036,0.00032941,0.000259022,0.00224111,0.00981205,0.0047032,3.34998e-05,0.000497638,0.000486367,0.000942608,0.00234804,0.000126369,0.000169422,0.00141661,0.00149782,0.0513901,0.00547973,1.18705e-07,1.64763e-10,0.0010074,2.8557e-06,5.68013e-05,2.24968e-05,3.81002e-06,3.37954e-06,2.20794e-06,1.80712e-08,0.00375011,8.46376e-06,1.12977e-05,5.82004e-06,7.59347e-06,2.15952e-06,6.55823e-06,1.11074e-06,1.75756e-06,2.82352e-06,5.41392e-06,0.00127499,2.3792e-05,1.30339e-05,0.00129401,2.96219e-05,3.14631e-05,1.99553e-05,8.37911e-06,1.08211e-05,6.48011e-06,3.33108e-07,2.70195e-06,5.80265e-06,4.52983e-07,0.00585969,3.93779e-07,4.61211e-06,0.0021116,1.55097e-06,5.04276e-06,6.11774e-06,1.13456e-05,4.52706e-06,5.18546e-06,1.63333e-06,2.34286e-06,4.84594e-07,4.27182e-07,3.97836e-06,7.89979e-06,1.45978e-05,1.65823e-06,2.96803e-06,6.83823e-06,2.77981e-06,1.36803e-05,1.0,6.36867e-05,2.63008e-05,9.06004e-05,6.41869e-08,2.29229e-05,1.3052e-05,0.000119728,6.30667e-05,4.81142e-05,2.7357e-05,1.09624e-05,8.30639e-07,2.45801e-05,1.37759e-05,6.58933e-08,5.44837e-06,5.26131e-10,8.88191e-06,2.39732e-05,0.00582382,0.000604192,0.0482837,0.119462,6.76546e-06,4.0886e-07,0.00583655,2.24005e-05,6.56634e-05,4.53506e-06,4.91909e-06,4.92279e-06,0.0059245,0.000137596,1.35005e-06,3.57695e-05,6.30207e-06,0.000118269,9.34714e-09,7.18445e-06,2.0499e-05,0.000228021,0.000289946,2.19534e-07,6.6593e-07,2.39175e-05,2.33111e-05,2.30769e-05,0.000122649,0.00842213,1.41937e-05,4.30131e-06,8.74256e-06,0.000657295,0.00843012,7.21189e-06,3.44959e-06,1.09397e-07,0.000727145,0.00381911,0.000707645,0.000294099,0.00842582,3.37121e-06,4.34816e-06,0.000623703,0.000728505,2.47742e-07,6.74344e-06,0.000285284,0.024047,0.00038229,0.000416682,0.000419742,0.000787005,5.03835e-06,0.000215687,0.000845736,0.000478114,0.000159382,0.000139291,4.36234e-05
Affx-81304954,5.34582e-05,2.20035e-06,3.20606e-07,1.0946e-05,3.47584e-05,7.14522e-06,3.28098e-06,6.54894e-05,2.67992e-05,3.03719e-06,0.000123955,7.0314e-06,1.05897e-06,9.99613e-05,2.96744e-05,4.1974e-06,3.10777e-06,4.5411e-06,1.59859e-05,6.89239e-06,2.41952e-06,5.9041e-07,3.04417e-06,2.81926e-06,3.54441e-08,3.15078e-06,2.62172e-06,7.59292e-07,6.52259e-08,8.25528e-07,1.65221e-05,3.1657e-05,7.47275e-07,3.09822e-06,4.32896e-06,5.40728e-07,3.6005e-06,1.01653e-05,4.0254e-05,1.63853e-05,3.71838e-06,1.16091e-05,1.0632e-05,3.09396e-06,4.28484e-06,3.09319e-05,1.59605e-06,1.04666e-06,1.66695e-06,2.4058e-06,0.000235846,4.02944e-06,3.44175e-05,6.6186e-07,6.75139e-05,4.82658e-05,2.03979e-06,2.12703e-06,1.59498e-06,3.77062e-05,4.95577e-05,1.6381e-06,2.9396e-06,1.99128e-06,1.83031e-05,1.77227e-06,7.77662e-05,1.19465e-05,4.14402e-06,2.38597e-06,3.32003e-05,5.9996e-05,7.37325e-05,6.30788e-05,4.00622e-06,1.6424e-06,6.12657e-05,3.01671e-05,9.05749e-06,1.91983e-06,1.49577e-05,2.95989e-05,4.89504e-05,1.94223e-06,6.17646e-05,2.63171e-06,4.46184e-06,5.95372e-05,2.66199e-06,1.57302e-06,2.91496e-06,3.78355e-05,1.80221e-06,2.25087e-06,4.1409e-05,2.69172e-06,5.13549e-05,6.62142e-05,8.46289e-05,7.99113e-05,6.36867e-05,1.0,6.92946e-05,5.58182e-05,2.06369e-06,5.95076e-05,1.8498e-06,9.73138e-07,8.56832e-06,8.95201e-06,1.47178e-06,2.54784e-06,2.62862e-05,1.8868e-06,4.58168e-05,5.91254e-05,1.99299e-06,2.15644e-06,4.09898e-05,2.28784e-06,9.87694e-06,1.475e-06,2.13711e-07,2.73505e-05,2.13204e-06,4.05451e-05,9.23838e-06,8.69231e-05,2.91462e-06,3.25653e-06,6.99374e-06,5.83276e-05,1.08392e-05,3.36575e-07,9.76703e-06,3.24824e-05,2.08102e-06,2.32294e-07,3.19134e-06,2.17044e-06,1.68684e-06,1.70488e-05,8.35381e-06,3.4067e-06,1.92355e-06,0.000286027,1.78831e-06,1.56009e-06,1.5749e-06,6.75995e-06,2.61964e-06,4.23419e-06,5.38281e-05,1.53933e-05,7.46832e-06,3.56254e-06,1.25469e-05,2.0569e-06,3.22529e-05,4.61191e-06,1.4175e-06,1.99396e-05,7.45034e-06,1.27707e-05,5.59249e-05,1.88978e-05,8.88136e-06,1.96587e-06,2.10353e-06,1.91386e-05,9.93168e-06,3.0339e-07,1.27723e-05,1.37729e-05,4.92705e-05,2.35707e-10,2.94032e-05,5.54727e-05,1.79216e-05,3.61501e-06,7.71088e-06,0.00010849
Affx-89012303,2.50935e-05,2.67895e-05,6.23686e-11,4.57947e-05,7.02683e-07,2.38031e-06,2.9559e-06,1.1702e-07,1.73883e-09,4.13658e-06,1.15795e-05,8.79617e-06,6.13316e-05,1.02864e-05,3.21728e-06,4.96191e-08,1.76377e-06,4.39564e-06,3.64519e-06,8.58075e-08,3.32786e-06,1.43749e-05,3.3749e-07,2.61395e-07,4.61456e-07,7.19732e-06,2.50613e-06,1.27204e-05,4.41903e-07,4.45912e-06,1.50469e-05,3.17558e-07,8.60012e-08,6.51879e-06,5.89283e-06,4.02715e-06,6.93489e-07,8.67019e-07,4.24198e-07,4.08874e-06,8.71292e-06,8.49089e-06,1.19914e-05,6.35638e-05,3.04345e-06,4.11238e-06,1.16007e-06,1.37202e-05,1.27141e-06,1.74859e-06,6.67822e-05,2.94563e-06,5.43967e-05,9.99651e-07,1.49346e-06,1.88706e-06,0.000104693,1.54601e-06,0.00137918,2.21603e-06,1.96846e-06,1.25804e-06,2.13656e-06,1.44731e-06,1.1394e-06,1.29085e-06,1.36028e-06,8.38747e-07,3.01188e-06,1.75813e-06,5.38673e-05,1.66606e-06,1.37908e-06,1.60155e-06,2.9118e-06,1.21059e-06,9.24087e-05,2.62097e-06,2.64725e-05,1.39537e-06,2.74256e-05,3.84771e-05,7.19937e-05,1.43542e-06,1.59475e-06,1.89538e-06,3.24296e-06,1.67048e-06,1.85751e-06,1.17697e-06,2.11865e-06,6.72698e-06,1.3116e-06,9.13637e-05,6.61787e-05,7.33055e-05,1.81402e-06,9.75148e-05,0.000124113,1.34343e-06,2.63008e-05,6.92946e-05,1.0,8.36176e-05,1.49989e-06,1.67204e-06,1.34447e-06,7.04649e-06,9.18543e-06,8.14897e-06,1.09558e-06,1.85182e-06,4.44314e-05,0.000114218,7.16188e-05,8.90308e-05,1.44859e-06,9.63506e-05,2.10192e-06,1.67983e-06,2.76859e-05,4.66144e-06,2.21341e-06,1.32046e-06,1.54965e-06,6.42039e-05,2.19747e-05,1.24408e-06,7.25149e-05,2.36692e-06,5.08319e-06,8.79317e-05,2.31312e-05,2.27001e-05,7.13307e-06,5.17389e-05,1.51249e-06,2.24865e-05,2.31953e-06,1.57267e-06,1.22222e-06,9.40826e-06,4.93622e-06,4.95465e-05,1.40545e-06,9.08658e-05,1.29978e-06,1.14334e-06,1.16155e-06,2.42306e-05,1.9199e-06,8.06696e-05,1.64952e-06,9.28247e-06,3.04154e-05,2.58932e-06,2.40597e-05,1.47798e-06,1.31856e-05,6.39171e-05,8.31096e-06,4.98569e-06,3.04026e-05,4.0265e-06,8.4655e-05,2.252e-06,2.76243e-06,1.42884e-06,1.54571e-06,4.94351e-06,1.80578e-07,3.04426e-09,5.10558e-07,6.36517e-08,1.24518e-05,1.78991e-05,2.70284e-05,1.15356e-05,1.56283e-07,9.63364e-06,1.13421e-05,0.000149157
Affx-472941154,3.40203e-05,1.27963e-05,3.31827e-05,9.04829e-07,1.51539e-05,1.30812e-08,8.53343e-06,9.23385e-06,2.04577e-05,9.18975e-06,9.4984e-06,4.83392e-07,1.53611e-06,5.40751e-06,3.18598e-05,3.40737e-05,6.15473e-06,7.80918e-05,1.69399e-06,6.65285e-06,7.91747e-06,1.67906e-06,7.23626e-06,5.62259e-07,3.73401e-05,1.37294e-05,8.2746e-06,3.22406e-06,2.80472e-05,9.06462e-06,8.47602e-05,7.29226e-06,1.84595e-05,2.5604e-05,4.5852e-06,4.18712e-06,1.00359e-05,2.2628e-06,1.40216e-05,8.22605e-06,6.35733e-09,6.75073e-05,2.34159e-06,2.76946e-06,3.6447e-06,1.5987e-07,1.37084e-06,3.0575e-07,1.49056e-06,2.06628e-06,4.51729e-06,3.46704e-06,0.368306,2.79145e-05,0.727339,2.24973e-06,1.73501e-06,1.82691e-06,0.000111051,0.349542,0.000293721,1.50376e-06,2.54466e-06,1.71026e-06,1.11081e-06,1.52551e-06,0.662938,5.18909e-07,3.5591e-06,2.04062e-06,0.000217993,1.96876e-06,0.651093,0.751642,3.44084e-06,1.4305e-06,0.718182,3.67075e-05,1.99711e-07,1.64885e-06,0.319103,1.13099e-06,0.630213,1.69621e-06,0.634893,2.21388e-06,3.85207e-06,0.743884,2.40608e-06,0.000111407,2.50352e-06,7.96932e-06,1.56774e-06,1.93321e-06,2.53178e-06,2.31185e-06,0.305758,0.485888,1.43199e-06,0.693515,9.06004e-05,5.58182e-05,8.36176e-05,1.0,1.75533e-06,0.568206,1.60863e-06,1.9774e-05,5.61999e-06,4.83744e-06,1.28216e-06,6.29871e-05,0.394292,1.62056e-06,0.481455,1.97258e-06,8.61077e-05,1.83432e-06,2.48828e-06,1.96587e-06,3.26085e-07,3.86514e-06,2.01169e-05,2.83835e-05,1.8312e-06,2.52084e-06,3.31754e-07,1.47012e-06,5.3869e-05,2.79695e-06,6.00675e-06,0.726951,3.31447e-07,4.91422e-08,8.34766e-06,0.408033,1.78734e-06,1.01788e-07,2.68818e-06,1.87973e-06,1.44026e-06,2.53402e-06,1.16061e-05,3.02051e-06,1.66369e-06,2.07803e-06,0.000453386,1.35111e-06,1.33965e-06,1.33113e-05,2.26872e-06,0.000171787,1.94921e-06,1.75958e-07,1.42204e-05,3.05977e-06,4.75485e-06,1.76661e-06,1.28402e-05,4.30136e-06,7.22252e-07,2.617e-05,1.4202e-05,4.82183e-06,0.550978,1.01837e-05,2.51168e-06,1.68844e-06,1.82655e-06,2.53693e-05,4.77885e-09,1.77923e-06,1.9139e-08,2.22594e-08,8.55398e-07,4.88206e-05,1.9878e-06,1.47644e-07,6.17686e-07,4.88156e-06,7.86578e-05,5.91425e-06
Affx-291158625,9.02557e-07,1.77616e-05,3.17418e-09,1.2959e-05,2.30069e-05,3.49042e-05,4.11194e-06,0.000113531,8.41607e-05,8.32523e-06,2.13276e-05,3.78572e-07,7.57885e-06,2.53157e-05,3.42467e-06,3.98416e-06,9.74492e-07,2.33195e-05,3.30147e-05,7.28972e-07,9.66161e-05,3.72796e-06,0.000112383,4.75215e-06,1.31817e-07,9.24038e-07,1.42697e-05,0.000106384,5.19824e-07,4.23086e-06,5.47578e-07,1.68497e-05,1.3231e-05,1.64728e-05,7.65069e-05,4.69539e-07,9.98923e-06,0.000116536,2.83832e-06,4.78383e-09,8.56852e-06,7.36317e-07,1.06624e-06,2.37076e-06,3.13823e-06,1.86221e-05,1.17535e-06,1.38427e-05,1.28834e-06,0.548351,6.81644e-06,2.98443e-06,2.40979e-06,4.2685e-09,1.49637e-06,1.90725e-06,1.48496e-06,0.392105,1.8582e-07,2.21149e-06,0.000351295,1.28938e-06,2.18178e-06,1.44987e-06,2.47131e-05,0.000128508,1.36105e-06,1.82258e-05,3.86602e-05,1.78164e-06,2.43227e-06,0.000954248,1.42953e-06,2.55014e-07,0.252917,1.2265e-06,2.60717e-07,2.70368e-06,1.16913e-06,1.41375e-06,0.223861,3.51706e-06,2.00451e-06,0.000106197,1.60025e-06,1.98837e-06,3.37316e-05,2.66221e-07,0.014935,1.19227e-06,0.556204,6.83269e-06,1.34416e-06,1.65725e-06,2.17082e-06,7.13673e-05,1.84617e-06,2.53196e-07,1.22743e-06,1.32702e-06,6.41869e-08,2.06369e-06,1.49989e-06,1.75533e-06,1.0,2.69648e-07,1.37922e-06,5.84928e-07,6.30949e-06,6.5922e-06,1.10997e-06,7.65775e-05,2.82449e-06,1.38943e-06,1.92431e-06,1.63651e-06,1.451e-06,1.56999e-06,2.15424e-06,1.66745e-06,9.33163e-07,8.40285e-06,6.76915e-08,1.66525e-05,0.369307,2.12725e-06,2.37652e-06,1.24335e-06,6.50667e-06,5.57624e-05,9.76663e-05,1.66941e-06,7.04202e-07,3.37687e-06,7.24427e-06,0.100005,0.42641,1.17493e-06,0.540393,2.52864e-07,1.96527e-07,9.43372e-06,1.75569e-05,2.58965e-06,2.25981e-07,2.79537e-07,1.30205e-06,1.1454e-06,1.13365e-06,7.40365e-07,1.92331e-06,5.99621e-06,1.67119e-06,1.58788e-05,4.76455e-07,0.486498,2.47317e-05,1.51465e-06,2.48254e-06,1.14862e-06,1.99745e-06,3.62962e-05,5.54274e-07,6.46644e-07,1.72239e-06,2.51201e-05,1.53421e-06,0.402276,1.5659e-06,3.55057e-05,2.59261e-08,2.47165e-06,2.35606e-05,4.40737e-05,2.75829e-05,0.000437761,1.21371e-07,2.2371e-05,3.56787e-05,1.03679e-06,9.79871e-10,4.71924e-07
rs886038137,1.40743e-05,2.86396e-05,3.24743e-05,2.01934e-06,5.38114e-05,2.10272e-07,2.74991e-06,4.10356e-07,8.10261e-07,2.38041e-05,1.32124e-07,4.38539e-06,1.88417e-05,3.02124e-08,1.50045e-07,3.53712e-05,9.82562e-06,3.94387e-05,1.81479e-06,4.24645e-06,1.31165e-08,2.07571e-05,1.38558e-06,1.64684e-06,3.16844e-05,3.10857e-06,9.01464e-06,2.76235e-07,1.09475e-05,4.42564e-07,4.76921e-07,2.84579e-05,7.03826e-07,8.53471e-07,3.63507e-06,4.23167e-06,6.45875e-07,8.12706e-10,3.80166e-06,8.41888e-06,1.84877e-07,1.31066e-05,1.24049e-06,2.70677e-06,3.5856e-06,1.06408e-06,1.35646e-06,1.48723e-07,1.50483e-06,,5.00987e-06,0.000896023,0.390309,2.87813e-05,0.711362,2.1868e-06,1.71619e-06,,1.31666e-06,0.381783,6.55055e-05,1.48856e-06,2.49829e-06,1.63315e-06,6.23168e-06,0.000107972,0.697831,5.44457e-06,3.44301e-06,2.08077e-06,0.000230042,1.84952e-06,0.636606,0.746629,9.61586e-07,1.3959e-06,0.679806,3.1409e-06,1.98732e-07,1.59577e-06,0.728607,4.11764e-09,0.60099,1.64187e-06,0.654824,2.19417e-06,3.71324e-06,0.757858,1.8822e-06,1.35662e-06,,7.70666e-06,1.55131e-06,1.91297e-06,2.48579e-06,2.20863e-06,0.32537,0.562167,0.000111359,0.692442,2.29229e-05,5.95076e-05,1.67204e-06,0.568206,2.69648e-07,1.0,1.59179e-06,1.36941e-06,6.39204e-06,5.5365e-06,1.28102e-06,2.10622e-06,0.412578,1.60368e-06,0.476278,1.91254e-06,9.1523e-05,1.79323e-06,2.48618e-06,0.000952889,3.22215e-07,1.67884e-05,1.73635e-05,9.94812e-06,1.96264e-08,2.47476e-06,3.30745e-07,1.39566e-06,6.25674e-06,2.70863e-06,5.90431e-06,0.711432,3.23752e-07,1.76642e-07,8.27768e-06,0.697761,,2.22411e-07,,1.80977e-06,1.40661e-06,5.1906e-08,2.06641e-06,2.98958e-06,0.000101291,1.98066e-06,0.000472852,1.33697e-06,0.000119991,1.16147e-05,2.24505e-06,0.000186631,1.86981e-06,1.1614e-06,1.24595e-05,,4.62581e-06,1.74839e-06,5.26391e-05,1.90528e-05,5.45409e-09,2.15173e-06,1.24343e-05,4.64044e-06,0.566646,3.12563e-08,1.58189e-06,,1.80743e-06,1.87383e-06,7.42112e-06,2.75894e-06,9.31028e-08,3.03763e-07,1.73403e-09,2.6102e-07,4.20619e-07,2.41928e-07,1.39279e-06,5.95522e-08,0.000174417,4.69592e-06
rs80359554,2.80879e-06,3.12091e-07,2.58216e-05,1.92743e-05,7.00167e-05,9.39804e-08,2.00134e-06,9.18699e-07,3.09107e-05,4.4159e-07,7.1372e-06,4.78232e-07,3.3723e-07,6.19463e-06,1.10542e-05,4.0134e-06,4.78135e-05,2.71563e-06,6.03232e-05,8.11984e-05,2.12075e-06,2.78946e-05,2.83796e-06,2.92152e-05,8.5547e-07,5.32316e-05,3.34268e-05,1.01033e-07,7.90094e-06,1.08907e-05,4.62886e-07,2.81131e-06,7.75896e-06,2.06801e-05,3.20461e-06,1.40656e-07,2.08554e-06,6.80205e-06,3.49974e-05,4.08458e-05,7.51686e-06,6.93786e-10,5.54332e-06,6.68159e-05,2.86369e-06,9.82893e-06,1.06672e-06,1.56335e-07,,1.60787e-06,0.000427244,2.7241e-06,2.21833e-06,6.78218e-09,1.38908e-06,1.75071e-06,1.36325e-06,1.4216e-06,1.0749e-06,2.0612e-06,1.83095e-06,1.17017e-06,1.98007e-06,1.31534e-06,1.4963e-05,0.000135893,1.25081e-06,1.58555e-05,2.73535e-06,1.63531e-06,2.23257e-06,1.53199e-06,1.31291e-06,1.50694e-06,2.67741e-06,0.000145283,1.53995e-06,0.00028708,9.64496e-06,0.000124549,3.43561e-06,4.48799e-08,1.87232e-06,1.30359e-06,1.48329e-06,1.80451e-06,0.000204472,1.57179e-06,1.87229e-06,1.02866e-06,1.94816e-06,6.20128e-06,1.2199e-06,1.50432e-06,1.95448e-06,1.79896e-06,1.70687e-06,1.49662e-06,1.11429e-06,1.22005e-06,1.3052e-05,1.8498e-06,1.34447e-06,1.60863e-06,1.37922e-06,1.59179e-06,1.0,1.55684e-05,1.13374e-05,1.01643e-05,1.00741e-06,8.65477e-05,2.59472e-06,1.261e-06,1.81892e-06,1.535e-06,1.33201e-06,1.44121e-06,0.575934,1.54464e-06,1.03387e-05,3.46748e-06,7.9126e-06,4.8129e-08,1.40733e-06,1.96159e-06,1.03771e-05,0.000142948,5.88963e-06,2.17644e-06,1.76961e-05,1.54612e-06,1.11364e-05,5.89213e-05,6.57467e-06,2.30683e-06,1.39081e-06,6.01579e-05,2.13287e-06,1.46273e-06,1.13681e-06,1.87666e-07,1.76975e-05,5.88144e-05,1.3073e-06,1.61711e-06,1.19518e-06,1.05136e-06,0.000673413,1.73955e-06,1.7654e-06,5.41098e-06,1.49803e-06,7.6798e-09,2.04502e-06,2.38095e-06,3.69997e-06,1.37468e-06,1.45504e-05,6.38009e-06,1.06641e-05,3.11249e-06,2.03616e-06,3.78873e-06,1.59419e-06,2.39477e-05,1.84038e-05,1.31385e-06,1.42133e-06,2.82251e-06,5.05031e-08,9.3082e-06,1.32417e-05,1.1719e-08,2.67095e-06,9.80107e-05,7.74677e-06,4.413e-06,6.46007e-07,5.15451e-05,2.17333e-06,1.93517e-06
rs55794205,9.07603e-05,0.00175983,4.70855e-06,0.000204967,0.000301102,3.96994e-05,4.7102e-05,0.000220168,1.47007e-06,8.9276e-05,0.000247712,0.000317659,2.91006e-05,0.000239082,0.000111722,0.00116173,0.00401142,0.000358849,0.00152418,0.00116436,0.000104051,0.000189787,0.00026847,0.0030881,0.000332224,0.000112271,0.00274622,5.13091e-06,8.90859e-05,0.000605319,0.00271352,0.00951241,9.43015e-05,0.000231695,0.000128491,1.68541e-05,0.000956624,0.000159023,8.71225e-05,0.0419122,0.0064302,0.000885874,0.00411326,2.6134e-05,6.23844e-05,0.0794234,1.32671e-05,4.81752e-09,1.49871e-10,1.85486e-06,7.77826e-07,1.8592e-06,2.70923e-05,0.00267864,1.71011e-05,2.7674e-06,5.10143e-07,8.06978e-07,1.3084e-05,2.40047e-07,2.80303e-06,5.38629e-05,4.45626e-07,3.13995e-07,0.0678303,1.48481e-05,1.53485e-05,0.0674059,1.22402e-05,1.43828e-06,2.83677e-05,4.04883e-06,1.61367e-05,1.82438e-05,8.6365e-07,4.24318e-10,1.86284e-05,4.57381e-06,0.00407869,2.56103e-07,1.92602e-05,0.00151527,3.1994e-06,1.63659e-05,1.8237e-05,2.8881e-06,1.46271e-05,1.90176e-05,3.14563e-06,6.10809e-05,2.42299e-05,6.11913e-07,1.069e-07,2.88836e-05,4.12548e-06,1.37415e-06,2.24936e-06,1.80797e-05,1.38589e-05,1.51872e-05,0.000119728,9.73138e-07,7.04649e-06,1.9774e-05,5.84928e-07,1.36941e-06,1.55684e-05,1.0,6.95888e-05,1.45188e-05,1.19289e-05,2.43509e-06,4.41023e-07,9.82009e-06,2.20362e-05,1.28171e-06,4.17919e-07,1.76423e-05,4.40156e-06,2.73093e-05,0.00403254,0.000445882,0.0334158,0.000541878,5.86422e-06,4.78471e-07,0.00404501,1.42424e-05,2.79631e-05,6.37044e-06,1.58093e-05,1.9037e-05,0.0040146,6.86564e-05,3.54776e-05,7.32477e-06,6.53644e-07,6.67879e-05,6.00586e-06,5.59561e-06,6.36733e-09,0.000215182,5.24812e-05,5.64786e-05,1.05135e-05,1.95023e-05,4.78436e-08,1.30761e-05,1.60367e-05,0.00575935,2.9295e-06,2.08349e-06,3.31101e-06,0.000368338,0.0058439,8.30623e-06,2.23935e-05,7.11407e-06,0.00071761,0.00280135,0.000334216,0.000206334,0.00584789,6.08835e-05,1.96149e-05,0.000266189,0.000300087,1.6357e-05,1.76774e-05,0.000215411,0.00137916,0.00146297,0.00100201,0.000999955,0.000233111,6.34144e-05,0.000212734,0.000198025,0.000881154,0.000477425,0.000227325,0.000109313
rs276174871,2.26826e-05,2.19548e-05,6.90176e-05,0.000318606,0.000105721,4.65325e-05,1.58008e-05,0.000202667,0.000226817,3.4447e-05,0.000175604,0.000580775,0.000581277,0.000157457,9.55571e-06,0.000300849,0.00161635,0.000198676,0.000131729,0.000308764,0.000145806,3.02681e-06,0.000215199,0.000768014,0.000491802,3.63722e-05,0.000894319,2.92424e-05,0.000133346,0.00137685,0.000404008,0.000180867,5.19143e-05,0.00047539,3.14181e-05,0.000154828,0.00672295,3.31311e-06,2.4373e-05,0.000385409,0.00183254,0.0118671,0.00104135,9.68447e-06,1.31364e-05,0.000331204,4.89328e-06,3.27339e-05,5.24851e-06,7.30466e-06,7.02274e-06,1.24621e-05,9.66008e-05,0.00605619,8.66505e-06,8.03073e-06,6.25359e-06,6.45024e-06,4.81767e-06,2.02933e-06,8.14813e-06,5.18001e-06,9.08328e-06,6.00102e-06,0.00033359,5.48104e-06,1.13436e-05,0.000310485,1.27043e-05,6.77798e-06,1.02133e-05,7.00851e-06,1.00627e-05,7.42772e-06,1.21779e-05,5.10638e-06,7.03482e-06,6.90083e-07,0.00108124,5.8698e-06,2.1935e-07,0.000476327,4.05499e-06,6.03846e-06,7.21487e-06,4.81018e-05,3.55589e-10,6.61214e-06,4.2811e-06,1.62552e-05,8.8172e-06,2.63355e-05,5.58089e-06,6.97146e-06,3.95346e-05,8.25183e-06,4.71428e-06,7.63271e-06,5.09765e-06,5.63591e-06,6.30667e-05,8.56832e-06,9.18543e-06,5.61999e-06,6.30949e-06,6.39204e-06,1.13374e-05,6.95888e-05,1.0,0.978679,2.1838e-05,4.63039e-06,3.34437e-07,5.78457e-06,3.97459e-06,6.0709e-05,6.11028e-06,6.52244e-06,2.78478e-06,7.08538e-06,0.00106306,0.000115751,0.000603491,0.000211353,6.50053e-06,2.57439e-06,0.00106359,1.39781e-05,7.90689e-06,9.98381e-06,2.75798e-06,6.42667e-06,0.00107601,1.65808e-05,2.00835e-07,1.04628e-06,6.37962e-06,1.59888e-05,9.68655e-06,7.95498e-06,5.15852e-06,5.05329e-05,9.47843e-05,8.7056e-07,5.8345e-06,7.25751e-06,1.27419e-05,4.82283e-06,4.88621e-06,0.00260574,4.05403e-06,3.03875e-07,5.81397e-06,0.000107966,0.0025684,1.08506e-05,6.74942e-06,6.30574e-06,0.000308673,0.0010676,0.000103499,0.000131972,0.00259955,5.22543e-07,5.79609e-06,7.50877e-05,0.000111253,6.01024e-06,0.21876,0.000130696,0.00518142,0.000376132,0.000136014,0.000153516,0.00022007,4.56783e-05,4.09816e-05,0.000197302,0.000129955,2.07508e-06,2.10055e-06,9.75842e-08
rs79456940,2.7849e-05,1.23536e-05,7.41767e-05,0.000303922,0.000103394,4.21692e-05,1.64081e-05,0.000185822,0.000237763,1.70842e-05,0.000165412,0.000564202,0.000613257,0.000148631,1.29623e-05,0.000270559,0.00178449,0.000159235,0.000181846,0.000398314,0.00016798,2.22192e-06,0.000241499,0.000752444,0.00046809,2.43142e-05,0.000883073,3.11878e-05,0.000139299,0.00143156,0.00043445,0.000191268,7.5986e-05,0.000511508,5.00635e-05,0.000183626,0.00694319,2.18093e-06,2.91063e-05,0.000308693,0.00200052,0.0124084,0.00113099,1.01567e-05,1.3723e-05,0.000247559,5.1118e-06,3.53485e-05,5.50584e-06,7.70505e-06,5.61862e-06,1.30202e-05,9.01326e-05,0.00612386,7.66363e-06,8.38958e-06,6.53285e-06,6.81242e-06,1.44767e-05,1.58287e-06,8.52369e-06,1.27619e-05,9.4889e-06,6.36092e-06,0.000241956,5.73015e-06,1.01701e-05,0.000225826,1.3272e-05,5.68047e-06,1.06431e-05,7.32235e-06,8.96966e-06,6.49889e-06,1.27974e-05,5.26025e-06,6.13172e-06,4.22518e-07,0.00119391,6.13266e-06,4.2127e-07,0.000534188,3.37605e-06,6.30885e-06,6.31349e-06,4.47304e-05,2.08909e-08,5.74049e-06,3.45355e-06,5.18638e-06,9.28697e-06,2.28863e-05,5.846e-06,6.13641e-06,3.6015e-05,8.59839e-06,4.08251e-06,6.68835e-06,5.32593e-06,5.889e-06,4.81142e-05,8.95201e-06,8.14897e-06,4.83744e-06,6.5922e-06,5.5365e-06,1.01643e-05,1.45188e-05,0.978679,1.0,4.3637e-06,3.92794e-06,1.71425e-07,6.04287e-06,3.27163e-06,5.63099e-05,6.38314e-06,6.81451e-06,2.24871e-06,7.3637e-06,0.00117475,0.000121792,0.00047729,0.000183755,6.79281e-06,2.06658e-06,0.00116779,1.26475e-05,6.27375e-06,1.04297e-05,3.34129e-06,5.58047e-06,0.00118721,1.9427e-05,4.62508e-07,7.3488e-07,6.66488e-06,1.87816e-05,1.01943e-05,6.56107e-06,5.3915e-06,3.79225e-05,0.000104507,5.82415e-07,6.10245e-06,7.58892e-06,1.14825e-05,5.0382e-06,5.10501e-06,0.00256357,8.45996e-06,1.02094e-07,5.02775e-06,0.000101574,0.00252636,1.14097e-05,5.56996e-06,6.47887e-06,0.000339017,0.0011657,6.98304e-05,0.000142736,0.00255687,8.51048e-07,5.04421e-06,8.94369e-05,7.48516e-05,6.27974e-06,0.214285,0.0001413,0.00547626,0.000369622,0.000139241,0.000156481,0.00022656,5.17905e-05,4.30779e-05,0.000202556,0.000131819,3.68503e-07,9.26465e-06,7.4486e-07
rs80359574,1.03561e-06,9.12308e-08,0.000198647,9.32832e-06,9.7139e-08,3.12631e-08,4.83618e-06,3.98129e-06,1.19629e-05,5.10404e-05,9.39476e-07,5.90973e-05,5.24882e-05,8.47958e-07,2.53656e-05,4.08669e-06,1.02791e-05,3.90955e-05,7.59421e-06,3.15226e-07,0.000105347,4.79995e-09,3.5496e-05,1.75107e-06,5.84722e-07,7.36726e-06,7.37109e-09,5.15141e-05,3.83524e-06,1.84255e-06,2.12095e-05,4.65482e-07,1.28468e-06,6.84625e-06,3.10168e-06,1.01026e-05,2.75938e-05,1.04529e-05,1.0169e-11,3.19688e-06,1.28203e-05,3.74863e-06,1.17629e-05,1.75125e-06,2.30464e-06,4.06642e-06,0.578977,1.51083e-06,9.51843e-07,1.29402e-06,5.02241e-06,2.15861e-06,1.76021e-06,3.7238e-06,1.11794e-06,1.40898e-06,1.08023e-06,1.14411e-06,8.52107e-07,1.65886e-06,2.26056e-08,9.16178e-07,1.59361e-06,0.000157533,5.96443e-06,9.6465e-07,1.00663e-06,5.29285e-06,0.000291724,1.99899e-08,1.79674e-06,1.23291e-06,1.05663e-06,1.21273e-06,2.15479e-06,8.95884e-07,1.23923e-06,1.96219e-06,6.77342e-06,1.03263e-06,2.76499e-06,1.6379e-06,1.50681e-06,1.06224e-06,1.19375e-06,1.45238e-06,2.41231e-06,1.26493e-06,0.000110745,8.71022e-07,1.56788e-06,4.88905e-06,0.485306,1.19201e-06,1.58556e-06,0.000109872,1.37364e-06,1.20436e-06,8.96763e-07,9.94133e-07,2.7357e-05,1.47178e-06,1.09558e-06,1.28216e-06,1.10997e-06,1.28102e-06,1.00741e-06,1.19289e-05,2.1838e-05,4.3637e-06,1.0,1.37038e-06,2.02396e-06,9.99264e-07,1.46384e-06,1.23538e-06,1.05953e-06,1.13495e-06,1.5735e-06,1.24311e-06,6.27944e-06,2.7324e-07,1.11926e-05,4.32411e-06,1.11685e-06,1.56619e-06,7.25383e-06,0.000181524,4.74002e-06,1.7516e-06,3.74925e-06,1.24432e-06,5.74913e-06,3.77232e-05,5.29135e-06,1.84399e-06,1.11927e-06,3.85662e-05,1.71654e-06,1.16436e-06,9.149e-07,1.91929e-05,1.66403e-05,1.89158e-06,1.03895e-06,1.30145e-06,9.6186e-07,0.533939,0.000196525,2.23863e-08,0.258419,0.000125624,1.2207e-06,7.09321e-06,2.27051e-09,1.91614e-06,4.01304e-05,1.10636e-06,7.23035e-06,1.35058e-05,2.37883e-05,5.99779e-06,2.67981e-09,3.03616e-06,1.28301e-06,7.08859e-11,3.48584e-06,1.05739e-06,1.05675e-06,5.66288e-06,3.87797e-05,8.96817e-07,6.13847e-05,4.15127e-06,1.27845e-05,2.35601e-05,6.6917e-06,9.82018e-06,2.27465e-06,1.34319e-05,8.50729e-06,6.62672e-09
Affx-291672251,8.178e-06,1.08463e-05,1.2656e-05,3.93245e-10,4.51441e-05,2.11263e-05,2.88515e-05,0.000250711,0.000133476,7.72631e-07,5.14201e-05,1.12593e-05,1.89892e-05,3.41838e-05,9.98115e-07,8.39762e-05,1.63186e-06,9.06207e-06,1.44433e-05,1.29961e-05,4.14526e-06,1.15581e-05,3.27786e-05,2.56024e-05,2.97749e-05,5.03111e-05,3.32739e-05,8.8471e-06,3.41081e-06,2.87575e-05,3.47888e-08,7.14486e-06,3.73471e-05,3.21159e-05,7.60405e-08,2.15351e-05,4.68575e-05,0.000299636,1.518e-06,4.95318e-06,4.90108e-05,3.20728e-05,5.85283e-05,2.83047e-06,2.49962e-05,1.79107e-07,1.45109e-06,2.63198e-07,1.55002e-06,6.21633e-05,4.82285e-05,2.87304e-05,2.99653e-06,5.76543e-06,1.84758e-06,2.35988e-06,1.85449e-06,7.33384e-05,0.000107207,2.80385e-06,2.49059e-06,1.57732e-06,2.69363e-06,1.78926e-06,8.19082e-06,1.54691e-06,1.68045e-06,1.14108e-05,3.74645e-06,2.22446e-06,3.94974e-05,2.06288e-06,1.76496e-06,1.97297e-06,2.86734e-05,1.49324e-06,2.01665e-06,3.26763e-06,6.34465e-05,8.65444e-05,1.8245e-05,3.79616e-05,2.47889e-06,8.22503e-05,7.02768e-05,5.5725e-05,4.07757e-06,2.05878e-06,2.40779e-06,1.47226e-06,4.73351e-05,8.41456e-06,1.65951e-06,6.8299e-05,4.72101e-05,2.44719e-06,2.32194e-06,1.95925e-06,1.51581e-06,1.65942e-06,1.09624e-05,2.54784e-06,1.85182e-06,6.29871e-05,7.65775e-05,2.10622e-06,8.65477e-05,2.43509e-06,4.63039e-06,3.92794e-06,1.37038e-06,1.0,3.47637e-06,8.85097e-05,2.42998e-06,2.06911e-06,0.000370358,0.000342189,2.63541e-06,6.63736e-05,6.55177e-05,1.6757e-06,1.03551e-07,9.88023e-06,7.33106e-05,4.67985e-05,5.75257e-05,1.55618e-06,7.86601e-06,2.96069e-06,6.35839e-06,2.08217e-06,5.95784e-05,7.34228e-06,4.00684e-05,3.79047e-05,7.5495e-05,7.12342e-06,4.1306e-05,1.9355e-06,1.49017e-06,4.40378e-07,1.45964e-06,3.17609e-06,1.69744e-06,2.11974e-06,1.59006e-06,1.4302e-06,1.43186e-06,5.33991e-05,2.40154e-06,5.63773e-05,2.06332e-06,5.74883e-06,5.51617e-05,3.47811e-05,5.03307e-06,1.87004e-06,4.93968e-06,9.02597e-05,1.3459e-05,4.74698e-06,5.5152e-05,5.01317e-06,2.16864e-06,1.01597e-06,3.50485e-06,1.77096e-06,7.33407e-05,4.33131e-06,7.16401e-06,1.09894e-06,5.46449e-05,5.02065e-05,5.90878e-05,1.02191e-05,6.24066e-06,4.05948e-05,4.03399e-05,8.75265e-06,6.10926e-05,5.62984e-05
rs397507856,5.77124e-06,5.62351e-06,1.18156e-05,1.24591e-05,4.45642e-05,2.75914e-08,4.08373e-05,1.12307e-05,3.19156e-05,1.47322e-05,3.61538e-06,9.04419e-07,1.35035e-05,2.32619e-06,4.19594e-06,2.35008e-09,2.15591e-05,7.48735e-06,2.28943e-05,1.11823e-05,3.3545e-06,1.09085e-05,6.24805e-08,3.62149e-05,2.81213e-06,9.85172e-06,8.03371e-07,4.91735e-06,2.48986e-07,8.46335e-06,1.65482e-06,1.50201e-05,1.5476e-05,2.2468e-06,1.39656e-07,3.72659e-06,4.12256e-06,5.95244e-06,2.13633e-06,1.99166e-05,3.21839e-07,2.08415e-07,8.83342e-08,2.24855e-05,0.0823345,2.45207e-05,2.17904e-06,1.73885e-07,2.4034e-06,3.33275e-06,1.59893e-07,0.000822794,0.310667,3.58098e-05,0.488055,3.60686e-06,2.80861e-06,2.91465e-06,2.16837e-06,0.238722,2.92563e-05,2.42546e-06,4.03988e-06,2.75861e-06,2.98715e-05,5.42184e-05,0.454735,2.73582e-05,5.70888e-06,3.35632e-06,0.00588827,3.11141e-06,0.462895,0.54058,5.55014e-06,2.27534e-06,0.504182,1.57849e-05,9.21569e-08,2.65953e-06,0.226138,1.86073e-05,0.466594,4.76051e-05,0.492026,2.95695e-05,6.18129e-06,0.535156,3.80094e-06,2.24344e-06,4.00609e-06,1.17252e-05,2.49665e-06,0.0233268,3.93029e-06,3.6645e-06,0.261154,0.33855,2.27768e-06,0.445945,8.30639e-07,2.62862e-05,4.44314e-05,0.394292,2.82449e-06,0.412578,2.59472e-06,4.41023e-07,3.34437e-07,1.71425e-07,2.02396e-06,3.47637e-06,1.0,0.0307901,0.356168,3.18184e-06,4.67997e-05,2.95143e-06,4.02049e-06,0.00103009,2.13927e-08,4.35545e-06,1.22509e-05,6.52077e-07,2.9537e-06,4.06612e-06,3.22102e-06,2.35693e-06,2.02026e-05,4.51147e-06,9.65676e-06,0.508677,6.41087e-09,5.18223e-06,1.3514e-05,0.276943,2.8655e-06,4.94925e-06,4.33609e-06,3.03204e-06,2.35648e-06,4.42447e-06,7.33484e-06,4.7812e-06,2.62567e-06,3.35172e-06,0.0329595,2.17923e-06,6.37338e-05,6.66828e-06,3.6594e-06,8.43124e-05,3.34005e-05,8.04548e-06,7.23854e-06,4.90332e-06,7.63747e-06,2.76782e-06,3.3458e-05,3.26316e-06,9.24506e-06,1.64041e-05,7.22738e-06,0.0423836,0.403271,1.64605e-06,9.84593e-06,2.69131e-06,2.94623e-06,1.55394e-05,2.35699e-06,5.33273e-08,1.27468e-05,1.1156e-05,8.78848e-07,5.64515e-06,4.71746e-06,7.63364e-07,9.18179e-06,6.62216e-09,8.40587e-05,2.83353e-06
Affx-81305013,3.32348e-05,1.58083e-05,1.02814e-05,8.70964e-06,5.74942e-06,2.65817e-06,1.29614e-05,7.10758e-06,1.44874e-06,4.62044e-07,2.25174e-05,4.1612e-06,1.91345e-05,2.38173e-05,1.11505e-05,7.48221e-05,3.41924e-05,1.02635e-05,6.43961e-06,9.57912e-07,5.11957e-05,3.45016e-07,6.07471e-05,5.1147e-07,2.54524e-05,2.83123e-05,2.86866e-06,2.27274e-06,7.85477e-06,2.33044e-06,9.80593e-06,9.42609e-06,6.77241e-06,2.09479e-05,1.21822e-05,2.35854e-07,8.99322e-09,3.28393e-05,1.38045e-06,2.10013e-05,5.95034e-07,2.26467e-05,6.48423e-09,0.000320282,0.6225,4.27687e-06,1.07454e-06,1.28898e-05,1.1914e-06,1.6198e-06,6.19311e-06,2.72854e-06,0.00478919,1.98554e-06,1.39938e-06,1.73231e-06,1.35738e-06,1.43214e-06,0.000643121,2.06081e-06,1.82169e-06,1.1629e-06,1.93922e-06,1.34064e-06,6.92411e-07,1.22358e-06,1.26005e-06,9.29977e-07,2.79013e-06,1.62713e-06,0.134323,1.54331e-06,1.32265e-06,1.51818e-06,2.69735e-06,1.12143e-06,1.55144e-06,2.45607e-06,3.5995e-06,1.29256e-06,3.46111e-06,6.95338e-05,1.86277e-06,1.29803e-06,1.49429e-06,1.74775e-06,3.01971e-06,1.58348e-06,1.84653e-06,1.05913e-06,1.9625e-06,3.77303e-06,1.22894e-06,0.356241,1.98484e-06,1.77442e-06,0.00200015,1.5078e-06,1.10698e-06,1.24445e-06,2.45801e-05,1.8868e-06,0.000114218,1.62056e-06,1.38943e-06,1.60368e-06,1.261e-06,9.82009e-06,5.78457e-06,6.04287e-06,9.99264e-07,8.85097e-05,0.0307901,1.0,1.83249e-06,1.54632e-06,1.34187e-06,1.43401e-06,1.94531e-06,1.52133e-06,3.47782e-06,3.50103e-06,2.65528e-05,3.78081e-05,1.43553e-06,1.96055e-06,1.68109e-06,1.13818e-06,5.91769e-06,2.17694e-06,4.67731e-06,1.55759e-06,2.31957e-06,2.33589e-06,6.62339e-06,2.32394e-06,1.36649e-06,2.49388e-06,2.14869e-06,0.000104167,1.14529e-06,1.42796e-06,3.05951e-06,2.33638e-06,1.2203e-06,1.52862e-06,0.179015,1.04357e-06,1.07597e-06,4.93126e-06,1.77846e-06,1.30959e-05,1.51246e-06,6.36423e-06,4.42564e-06,2.39855e-06,3.71169e-06,1.36913e-06,1.32743e-07,5.71001e-07,1.08014e-05,3.10993e-06,2.03515e-06,0.26281,1.58609e-06,4.51759e-07,2.14031e-05,1.3236e-06,1.43187e-06,2.82451e-06,9.20716e-06,1.21431e-07,2.78928e-05,2.75668e-05,8.07548e-06,2.82931e-05,3.56074e-06,8.94751e-06,2.90917e-05,8.33526e-06,7.91032e-07,3.69524e-05
rs80359610,2.08708e-05,1.40716e-05,3.69429e-05,1.76875e-05,5.25293e-05,6.17287e-06,9.33729e-06,5.00482e-06,3.06742e-05,3.57302e-08,1.06214e-06,3.68402e-06,6.87995e-05,1.47454e-06,5.51572e-07,5.82337e-05,3.06451e-05,3.17475e-05,5.01399e-09,6.86614e-06,1.83989e-06,1.86918e-07,1.67978e-05,3.97865e-09,6.28132e-05,3.46916e-06,1.3465e-05,7.04553e-06,1.94204e-05,7.1999e-10,4.32445e-07,2.40024e-05,1.06692e-06,2.3159e-07,7.02381e-06,2.17731e-07,1.11105e-06,4.32967e-07,8.39614e-06,2.25987e-06,3.45756e-05,9.15816e-06,2.09496e-05,3.05802e-06,4.10217e-06,9.09551e-06,1.55007e-06,1.84165e-05,1.70472e-06,2.29343e-06,8.95667e-06,3.87877e-06,0.336917,5.95977e-05,0.600196,5.06361e-05,1.94089e-06,2.04325e-06,1.51125e-06,0.300997,5.07511e-05,1.70109e-06,2.74213e-06,1.8662e-06,2.99561e-06,8.72671e-05,0.58666,3.57127e-06,3.98871e-06,2.28678e-06,0.000191684,2.2262e-06,0.624256,0.642014,3.86824e-06,1.61757e-06,0.599285,3.55723e-06,2.88124e-05,1.81934e-06,0.262704,8.0387e-06,0.565813,1.9011e-06,0.567141,2.50711e-06,4.31062e-06,0.64935,2.72334e-06,1.5502e-06,2.80841e-06,2.9141e-06,1.77266e-06,2.14437e-06,2.81348e-06,2.5689e-06,0.252065,0.443307,1.59669e-06,0.559602,1.37759e-05,4.58168e-05,7.16188e-05,0.481455,1.92431e-06,0.476278,1.81892e-06,2.20362e-05,3.97459e-06,3.27163e-06,1.46384e-06,2.42998e-06,0.356168,1.83249e-06,1.0,2.20792e-06,7.6146e-05,2.05334e-06,2.84084e-06,2.20071e-06,2.38736e-05,2.38675e-06,4.32809e-06,1.07018e-06,2.04816e-06,2.78292e-06,3.03595e-05,1.63979e-06,4.63192e-05,3.05017e-06,6.58898e-06,0.641788,2.53011e-05,5.01306e-06,9.49243e-06,0.3263,1.99852e-06,5.32523e-06,3.04946e-06,6.47818e-05,1.56908e-06,1.61919e-07,4.93435e-07,3.16322e-05,1.79781e-06,2.18975e-06,0.000391317,1.52775e-06,0.000104657,1.19516e-05,2.5427e-06,0.000146181,2.13644e-06,1.55305e-05,9.58196e-06,3.4371e-06,5.2635e-06,1.97876e-06,9.38734e-05,9.72535e-06,3.54899e-06,1.6818e-05,9.5596e-06,5.43673e-06,0.499529,3.71999e-06,4.15049e-06,1.88669e-06,2.06533e-06,1.60776e-05,1.72693e-07,5.29947e-07,1.58622e-06,1.54953e-06,3.14094e-07,1.85035e-07,4.73383e-07,2.75635e-07,1.44288e-06,1.42206e-06,0.000175264,9.81737e-07
Affx-86893115,3.08422e-06,4.13912e-06,3.82751e-07,1.31593e-05,8.69922e-06,2.19529e-05,1.2037e-05,1.57511e-05,3.55976e-09,5.85136e-05,5.8952e-06,4.29394e-09,1.26818e-06,5.76389e-06,1.98544e-05,1.47388e-07,4.75811e-06,2.72046e-05,4.4969e-06,2.78428e-06,1.96256e-08,8.67289e-07,1.32691e-06,5.85783e-06,9.07318e-09,8.34736e-09,2.43301e-08,5.14495e-05,1.65622e-06,8.8709e-08,2.39093e-05,1.18584e-05,8.47586e-07,2.24049e-05,2.28036e-05,5.14026e-06,3.06178e-08,1.39008e-05,1.74686e-05,2.64586e-05,6.14395e-05,2.27864e-05,1.90087e-07,2.54111e-06,3.49268e-06,3.18549e-05,1.3081e-06,1.2351e-05,1.37692e-06,7.25797e-05,7.41989e-06,3.34043e-06,2.69272e-06,9.64964e-07,1.68618e-06,2.10627e-06,1.65474e-06,8.5311e-05,0.0005286,2.52749e-06,2.20538e-06,1.43497e-06,2.40364e-06,1.61299e-06,6.80638e-05,1.42901e-06,1.53385e-06,5.71846e-05,0.000174505,2.00517e-06,2.7377e-06,1.8786e-06,1.61e-06,1.82927e-06,3.23132e-06,0.000114279,1.8693e-06,3.0283e-06,6.00372e-07,1.57338e-06,2.23508e-05,4.9546e-05,2.15657e-06,1.61854e-06,1.81893e-06,2.12656e-06,2.87354e-05,1.90795e-06,2.11901e-06,1.31376e-06,5.57081e-05,5.50866e-06,1.49594e-06,1.84469e-06,5.63826e-05,2.20586e-06,2.07186e-06,1.8166e-06,1.36641e-06,1.51485e-06,6.58933e-08,5.91254e-05,8.90308e-05,1.97258e-06,1.63651e-06,1.91254e-06,1.535e-06,1.28171e-06,6.0709e-05,5.63099e-05,1.23538e-06,2.06911e-06,3.18184e-06,1.54632e-06,2.20792e-06,1.0,1.59809e-06,1.74836e-06,2.3733e-06,1.87489e-06,4.29283e-07,2.89464e-06,4.72173e-05,2.58321e-06,1.72838e-06,2.40539e-06,6.28444e-07,1.40283e-06,6.15963e-06,4.73383e-05,5.73182e-06,1.89593e-06,2.70939e-07,2.55193e-05,4.26389e-06,2.78129e-06,8.77699e-05,2.52771e-05,4.95777e-05,1.77561e-06,1.36593e-06,1.55662e-06,3.10687e-07,2.8341e-06,1.55091e-06,1.94277e-06,1.4656e-06,1.28927e-06,0.000120317,3.14841e-05,2.16489e-06,6.63543e-06,1.86e-06,5.13715e-06,2.99834e-05,4.14255e-05,4.51818e-06,1.64969e-06,2.47193e-08,1.80453e-05,0.000102487,1.67554e-06,3.00684e-05,4.57972e-06,1.93506e-06,2.06122e-06,7.80633e-05,9.44381e-05,8.41234e-05,1.43577e-06,6.80029e-06,1.01148e-05,1.57559e-05,2.06983e-05,4.39938e-06,3.48531e-07,5.42157e-06,4.575e-06,2.34122e-05,2.12118e-07,1.46246e-06,4.6325e-06
Affx-291672998,4.76286e-05,8.17172e-05,6.61528e-05,2.8054e-05,2.33506e-06,5.7905e-05,1.352e-05,1.16937e-09,3.85603e-06,1.76232e-05,3.01964e-06,1.72003e-06,8.79326e-06,2.41963e-06,3.54794e-07,7.45982e-05,4.0521e-06,2.33437e-05,1.69668e-05,2.33691e-05,2.86663e-06,1.33655e-05,1.98909e-06,2.06286e-05,6.98653e-05,1.84178e-05,2.67119e-05,3.02023e-06,3.83842e-06,3.80948e-05,8.62611e-08,6.59813e-06,2.35258e-07,4.07421e-06,1.04927e-06,6.037e-09,3.2121e-05,4.83543e-05,3.71893e-05,4.72428e-05,1.63297e-06,3.99418e-06,7.07584e-08,2.29812e-06,3.04715e-06,1.78632e-06,1.13509e-06,6.95992e-08,1.17049e-06,1.69445e-06,6.90169e-05,0.000516482,5.67369e-05,9.72769e-07,0.000103319,1.84647e-06,1.45067e-06,1.49629e-06,1.08386e-06,6.41841e-05,1.87993e-06,1.21148e-06,2.09055e-06,1.41617e-06,1.17073e-05,1.24738e-06,1.33102e-06,1.62913e-05,2.94717e-06,1.6791e-06,5.56372e-05,1.61374e-06,1.38083e-06,9.7682e-05,2.83266e-06,1.18455e-06,9.51482e-05,0.000254628,8.82228e-07,1.36532e-06,2.87436e-05,2.89011e-06,7.53739e-05,1.40458e-06,9.53189e-05,1.81465e-06,3.15671e-06,9.27281e-05,8.03831e-05,0.000611655,2.05643e-06,6.56546e-06,1.29812e-06,1.6007e-06,6.78573e-05,1.89203e-06,1.77386e-06,0.000100412,1.18568e-06,0.00011932,5.44837e-06,1.99299e-06,1.44859e-06,8.61077e-05,1.451e-06,9.1523e-05,1.33201e-06,4.17919e-07,6.11028e-06,6.38314e-06,1.05953e-06,0.000370358,4.67997e-05,1.34187e-06,7.6146e-05,1.59809e-06,1.0,9.91559e-05,2.05628e-06,9.43374e-05,6.8572e-07,5.34711e-05,1.57452e-06,7.41143e-06,1.49978e-06,2.08725e-06,6.79596e-07,1.21732e-06,6.26732e-06,2.316e-06,1.56083e-05,9.05252e-05,7.33546e-07,2.99532e-06,6.97966e-06,5.62181e-05,1.47995e-06,2.87998e-06,2.25316e-06,9.68968e-05,1.15339e-06,1.12825e-05,8.10058e-08,0.000261659,0.000122045,1.68061e-06,1.24067e-06,1.11878e-06,0.000144775,4.30168e-07,1.84555e-06,5.79096e-06,1.61399e-06,9.97663e-06,3.08617e-10,2.51714e-06,3.9207e-06,1.41287e-06,2.08149e-09,7.59149e-07,1.91385e-05,3.42828e-05,4.63833e-10,3.92073e-06,8.82627e-05,6.14801e-09,2.2405e-05,1.38163e-06,1.51247e-06,3.352e-05,8.17779e-06,8.53149e-06,1.68018e-05,2.05596e-05,2.28087e-06,3.58822e-06,1.43057e-05,1.02908e-06,1.52375e-05,3.54291e-06,1.11078e-05,3.09056e-05
Affx-291673263,4.37161e-05,5.72878e-06,8.55131e-08,1.57717e-05,1.89252e-05,5.39773e-07,2.16828e-05,4.55426e-06,1.95921e-08,6.19349e-08,5.92851e-06,5.29937e-06,6.38148e-06,5.9781e-06,1.9836e-05,1.06462e-05,8.57993e-07,1.85951e-06,2.53847e-05,1.75938e-05,1.74786e-06,5.17249e-06,5.62636e-06,6.52584e-06,8.39882e-06,9.05704e-06,1.74352e-08,1.25646e-10,3.93406e-05,1.32971e-06,6.95072e-06,2.78061e-08,2.73734e-08,2.71463e-06,8.15575e-06,2.01624e-06,2.1924e-08,2.03819e-06,9.26383e-08,9.57516e-07,1.81897e-05,9.75055e-06,9.81596e-07,2.26267e-06,3.27918e-06,2.70645e-05,1.21495e-06,1.43951e-05,1.34701e-06,1.81367e-06,6.78232e-06,3.11864e-06,2.53628e-06,8.85522e-05,1.58154e-06,1.99784e-06,1.56964e-06,1.61891e-06,1.22434e-06,2.35531e-06,2.03978e-06,1.31468e-06,2.26205e-06,0.000100612,3.2311e-05,1.35032e-06,1.44013e-06,3.02464e-05,3.18887e-06,8.37782e-05,2.55269e-06,1.76392e-06,1.49387e-06,1.69831e-06,3.08275e-06,1.28166e-06,1.73591e-06,2.81273e-06,1.13807e-06,1.47729e-06,3.91998e-06,4.45366e-05,2.02212e-06,1.51973e-06,1.69003e-06,2.03715e-06,3.43343e-06,1.77212e-06,2.06774e-06,1.22821e-06,2.22514e-06,6.46922e-06,0.000110153,1.71405e-06,2.25035e-06,2.07131e-06,1.92618e-06,1.6865e-06,1.28292e-06,1.40454e-06,5.26131e-10,2.15644e-06,9.63506e-05,1.83432e-06,1.56999e-06,1.79323e-06,1.44121e-06,1.76423e-05,6.52244e-06,6.81451e-06,1.13495e-06,0.000342189,2.95143e-06,1.43401e-06,2.05334e-06,1.74836e-06,9.91559e-05,1.0,2.25112e-06,1.77846e-06,9.01959e-07,7.07912e-05,2.08302e-05,2.91327e-07,1.62277e-06,2.25855e-06,2.28588e-06,0.000119259,6.7993e-06,5.13203e-05,5.38176e-06,1.76236e-06,4.42773e-06,4.15904e-06,7.57007e-06,2.63803e-06,1.58351e-06,4.02183e-06,2.43794e-06,1.66606e-06,1.29481e-06,5.27008e-07,3.88179e-05,4.64047e-05,1.47266e-06,1.82298e-06,1.36123e-06,0.000131989,1.2297e-06,1.3062e-06,1.99306e-06,9.29435e-06,1.72861e-06,7.59322e-06,1.59431e-06,2.72357e-06,4.24224e-06,1.58281e-06,4.56933e-06,2.70306e-05,2.20721e-05,7.773e-07,1.58571e-06,4.29715e-06,1.81765e-06,7.31803e-05,6.91295e-06,1.51276e-06,1.61888e-06,9.73947e-07,3.71808e-05,9.99583e-07,5.95507e-06,5.96592e-06,2.7219e-05,1.99097e-05,1.98597e-05,3.24671e-05,9.10464e-06,3.41921e-07,3.31577e-06,1.63931e-05
Affx-81305045,1.36246e-14,2.67931e-05,4.02063e-05,1.31224e-05,1.57068e-05,2.0989e-06,5.79354e-06,3.79402e-05,4.6718e-05,4.75456e-06,7.88352e-07,2.38295e-05,1.65269e-06,5.57661e-06,2.15182e-10,1.27827e-07,7.90954e-07,6.00537e-06,3.07523e-06,1.4882e-06,1.0431e-06,3.48166e-05,1.90027e-06,4.42061e-09,3.14939e-07,1.54072e-05,2.40064e-06,4.14719e-05,6.66132e-06,6.24562e-06,1.35549e-05,2.5082e-07,1.96852e-05,2.35635e-06,1.45017e-05,9.50666e-10,4.63615e-06,1.11413e-05,3.01182e-05,4.91812e-05,9.86031e-07,2.2404e-05,1.36556e-06,3.4757e-05,1.93787e-05,3.28859e-06,1.66607e-06,4.0596e-06,1.82016e-07,2.51136e-06,0.00117654,2.17764e-05,3.46476e-06,1.50558e-05,2.16962e-06,2.68593e-06,2.1293e-06,2.22042e-06,1.67894e-06,3.57651e-05,2.83431e-06,1.81326e-06,3.0682e-06,2.07866e-06,1.08766e-05,8.00887e-05,1.95366e-06,1.09778e-05,2.14161e-05,2.55416e-06,3.1392e-05,2.3443e-06,2.05065e-06,2.35376e-06,4.182e-06,8.45449e-05,2.40534e-06,0.00181689,2.84148e-07,7.0926e-05,5.36613e-06,8.25258e-08,2.90133e-06,2.02875e-06,2.31676e-06,2.79611e-06,0.000115227,2.45507e-06,2.87574e-06,9.22766e-05,3.04286e-06,1.90205e-06,1.90542e-06,5.66493e-05,3.05272e-06,2.7855e-06,2.66598e-06,2.33767e-06,1.69211e-06,1.91412e-06,8.88191e-06,4.09898e-05,2.10192e-06,2.48828e-06,2.15424e-06,2.48618e-06,0.575934,4.40156e-06,2.78478e-06,2.24871e-06,1.5735e-06,2.63541e-06,4.02049e-06,1.94531e-06,2.84084e-06,2.3733e-06,2.05628e-06,2.25112e-06,1.0,5.49726e-05,9.16902e-08,1.53777e-06,3.13758e-05,1.82461e-05,2.20796e-06,3.06383e-06,9.46465e-08,0.000388417,2.43113e-06,3.39941e-06,5.64568e-05,2.4149e-06,2.06668e-07,8.11188e-05,1.02933e-05,3.60313e-06,2.17233e-06,8.28796e-05,3.33136e-06,2.28466e-06,1.77572e-06,3.74669e-06,2.14193e-06,0.000407257,2.042e-06,2.50039e-06,7.87819e-05,1.64213e-06,0.000956438,1.45709e-05,2.75741e-06,8.50019e-06,2.35024e-06,9.30133e-06,1.34658e-05,3.71884e-06,5.77905e-06,2.14711e-06,1.80016e-05,2.10978e-06,2.49647e-06,3.93558e-05,1.3515e-05,5.84568e-06,2.49e-06,7.63835e-06,4.38097e-06,2.05213e-06,2.21999e-06,3.83135e-05,2.59797e-07,5.40652e-05,1.27422e-06,1.65216e-05,2.92263e-05,2.71255e-05,1.51871e-05,3.56884e-05,1.36567e-05,3.97284e-05,0.000123205,1.81138e-05
rs886040680,4.82501e-09,1.87702e-06,3.88613e-07,4.61037e-05,1.87057e-06,4.14879e-05,2.61995e-07,1.62019e-05,4.28379e-07,1.15785e-05,4.36843e-07,8.14697e-06,4.45933e-05,6.48873e-06,6.66825e-05,1.1564e-05,7.60844e-08,7.44212e-06,9.63902e-08,1.05039e-05,1.87718e-05,1.95145e-05,1.32612e-06,1.62179e-05,3.73712e-05,2.45092e-05,2.95927e-05,2.72625e-07,1.73488e-06,3.92264e-05,5.04952e-05,4.84569e-06,5.07261e-07,5.63199e-06,8.01289e-08,2.40143e-07,1.21961e-05,1.10578e-09,7.75416e-09,3.49005e-06,6.57436e-06,2.69296e-07,9.8954e-07,2.68592e-06,3.51464e-06,3.04951e-06,1.31632e-06,1.44202e-07,9.57666e-07,1.96403e-06,0.0109749,0.434083,2.50778e-06,1.31598e-07,1.67789e-06,2.13847e-06,1.6652e-06,1.75424e-06,1.31399e-06,0.109515,2.25989e-06,1.42949e-06,2.40515e-06,1.60401e-06,1.04313e-06,1.48391e-06,0.00118505,1.36211e-06,3.3985e-06,2.01835e-06,2.73584e-06,1.89047e-06,1.56864e-06,1.80324e-06,3.304e-06,1.37365e-06,8.02709e-05,0.0151158,3.90416e-06,1.58331e-06,4.22037e-06,5.6576e-06,2.24448e-06,1.61235e-06,0.0028951,2.20595e-06,3.67973e-06,1.88136e-06,2.28747e-06,0.0687375,2.40401e-06,7.65197e-06,1.50533e-06,1.79963e-06,2.40836e-06,2.21975e-06,1.88236e-06,9.85705e-05,1.37503e-06,1.48618e-06,2.39732e-05,2.28784e-06,1.67983e-06,1.96587e-06,1.66745e-06,0.000952889,1.54464e-06,2.73093e-05,7.08538e-06,7.3637e-06,1.24311e-06,6.63736e-05,0.00103009,1.52133e-06,2.20071e-06,1.87489e-06,9.43374e-05,1.77846e-06,5.49726e-05,1.0,1.00415e-06,5.56793e-05,7.75432e-07,5.44334e-06,1.75839e-06,2.40141e-06,2.03197e-06,1.41165e-06,6.48526e-06,2.64752e-06,1.14692e-05,7.84669e-05,1.295e-06,1.0568e-05,0.000484387,2.79876e-06,1.71615e-06,1.09875e-05,2.63194e-06,1.80524e-06,1.40301e-06,1.35371e-06,1.45247e-07,0.0439702,0.000104482,1.97579e-06,1.47478e-06,1.29733e-06,1.29888e-06,3.52443e-06,2.17851e-06,7.78314e-06,1.85262e-06,1.18111e-06,4.00446e-06,2.93807e-06,4.5466e-06,1.68044e-06,1.59548e-05,2.16401e-05,1.48323e-06,1.43428e-05,2.14364e-06,4.65622e-06,1.94811e-06,1.44346e-06,1.32168e-06,1.62128e-06,1.7539e-06,8.12599e-07,3.47461e-05,1.25315e-06,7.61927e-05,1.15964e-07,1.84833e-06,3.48095e-07,2.33183e-06,5.26257e-07,1.81436e-07,3.7824e-06,1.86061e-08,4.68615e-06
rs9567578,1.63992e-05,0.00200223,0.00118732,4.05718e-08,0.000275856,0.0022114,0.00172213,1.0667e-05,7.52638e-05,0.000811565,4.24199e-05,0.000341971,2.61194e-05,4.33082e-06,0.00275574,0.00266709,0.0031132,0.000307704,0.00091862,2.86049e-05,0.00548859,0.000981024,0.00538691,9.03476e-05,0.00189619,0.0042345,0.0014245,0.00139865,0.000126764,0.00127134,0.000547196,0.00284756,0.000791087,0.000343122,3.57003e-05,0.00636109,0.0406667,0.0251723,0.0217162,0.0087088,0.176451,0.0825436,0.904396,4.60584e-08,7.08954e-08,0.0453309,4.93382e-07,0.00773371,2.22246e-06,4.3832e-06,6.01783e-06,1.11341e-05,1.85616e-05,0.210851,2.4176e-05,5.12591e-05,8.92647e-05,7.17563e-05,6.73531e-07,3.4059e-08,2.30348e-05,8.05782e-06,0.00123767,1.09499e-09,0.0605004,4.85731e-05,4.00016e-06,0.0612505,0.00211303,1.79821e-05,1.28335e-05,6.99349e-06,1.86923e-05,1.05526e-05,2.72268e-05,1.74133e-06,3.30837e-06,6.11021e-05,0.994862,0.000347253,2.50605e-06,0.13184,3.18536e-05,2.51583e-06,2.9314e-06,1.25991e-05,0.000693014,1.01312e-05,1.92481e-05,5.3739e-06,2.07545e-05,0.00149104,3.7922e-06,1.22361e-05,7.84038e-08,6.71603e-09,5.14318e-06,6.60482e-06,7.64771e-06,1.63849e-09,0.00582382,9.87694e-06,2.76859e-05,3.26085e-07,9.33163e-07,3.22215e-07,1.03387e-05,0.00403254,0.00106306,0.00117475,6.27944e-06,6.55177e-05,2.13927e-08,3.47782e-06,2.38736e-05,4.29283e-07,6.8572e-07,9.01959e-07,9.16902e-08,1.00415e-06,1.0,0.0994454,0.123968,0.0516368,5.66933e-05,0.00065935,0.993077,8.37051e-07,0.00158338,0.00132309,0.00340234,7.62186e-06,0.995273,0.00468546,1.296e-05,1.63827e-06,3.58026e-05,0.00507117,1.17487e-05,2.42619e-08,6.29154e-07,0.0181231,0.0129085,7.6646e-05,3.40171e-07,1.42095e-05,1.88786e-05,3.49091e-05,1.21503e-05,0.480497,9.2707e-08,0.00153021,0.000460367,0.0351654,0.481925,3.44892e-05,0.000776508,1.44704e-06,0.0404122,0.222762,0.0278,0.0148141,0.482127,2.75441e-06,2.78801e-05,0.0785439,0.0260118,1.12952e-05,0.000288367,0.0147136,0.138652,0.00156793,0.00631324,0.00648825,0.0159646,0.00189619,0.00682866,0.0172551,0.00753596,0.00865975,0.0002298,9.87874e-08
rs11571696,0.000552279,0.000255158,0.000477881,9.90784e-06,0.000907423,0.00073848,0.00109774,0.000209073,0.00132027,0.000654179,0.00021429,5.36275e-06,5.64814e-08,0.000194934,0.0008068,0.0136323,0.00240394,0.00124452,0.00431625,0.00708725,0.00153077,0.0011258,0.00144707,0.00669439,0.0163692,0.00159014,0.00586585,0.000704889,0.000222538,0.00371566,0.000659511,0.00133097,0.000679008,0.0171727,0.000890605,0.0645988,0.0135949,0.0487104,0.00105737,0.00882923,0.0549462,0.00625232,0.0949584,2.13191e-06,1.50315e-09,0.00623491,2.15359e-06,0.000260474,3.6011e-06,1.42663e-06,2.69818e-05,3.05152e-05,2.78878e-05,0.0203496,2.70977e-07,3.4088e-06,4.04125e-05,6.33163e-07,1.78264e-08,2.00326e-05,1.19782e-05,1.98416e-05,0.000141476,5.26141e-06,0.00704646,2.97367e-05,3.50924e-06,0.00699096,2.44246e-05,2.83203e-08,3.91262e-06,2.43769e-05,1.54367e-06,1.75409e-06,1.03214e-06,5.42001e-07,4.95491e-07,2.08483e-05,0.0989649,9.73577e-06,6.50701e-07,0.0124575,1.28449e-05,3.52025e-05,2.0883e-06,3.69662e-05,0.000105216,2.90872e-06,1.97977e-05,8.76204e-06,2.78113e-06,2.84952e-05,8.49317e-07,1.47553e-05,6.23987e-07,3.2881e-05,7.22922e-07,2.14212e-09,2.23471e-05,5.89986e-07,0.000604192,1.475e-06,4.66144e-06,3.86514e-06,8.40285e-06,1.67884e-05,3.46748e-06,0.000445882,0.000115751,0.000121792,2.7324e-07,1.6757e-06,4.35545e-06,3.50103e-06,2.38675e-06,2.89464e-06,5.34711e-05,7.07912e-05,1.53777e-06,5.56793e-05,0.0994454,1.0,0.0132769,0.00503482,4.30433e-05,2.36512e-05,0.0991596,9.05694e-06,0.000232977,2.11919e-06,0.000173681,9.32648e-06,0.0998779,0.000544253,7.82403e-07,1.04867e-07,8.38888e-06,0.00054098,1.06309e-06,3.85441e-06,5.82584e-06,0.00193642,0.00119327,1.07363e-06,1.83564e-05,2.52044e-05,2.52917e-05,7.9262e-10,1.72792e-05,0.0471815,3.47542e-05,0.000205171,0.00638496,0.00353092,0.0474102,7.37102e-07,6.19167e-05,1.21407e-06,0.00426419,0.0220379,0.00317073,0.00115682,0.0474386,2.91167e-06,8.2741e-09,0.00280942,0.00301602,1.30666e-05,1.95896e-05,0.00118275,0.0208569,0.0848682,0.00345533,0.00350058,0.00940739,0.000607789,0.0043714,0.00959612,0.00365591,0.00372808,0.0120716,4.19246e-05
rs9943876,0.000245843,0.000149497,1.90832e-05,0.000348916,0.00012659,0.00259749,9.92116e-07,0.000291462,3.7509e-06,1.89991e-05,0.000103466,1.3037e-08,0.00111711,0.000112247,0.00194479,0.00312629,0.00238232,0.00270787,0.000473789,0.000100301,0.000585929,9.17081e-05,0.00068031,0.000117311,0.000611755,0.000793414,0.00320802,0.00108336,0.000312103,0.00184968,0.00160038,6.45579e-05,0.0157989,0.000570701,0.00232167,0.0011466,0.00385763,0.00384117,0.0031127,0.162136,0.101268,0.15862,0.112928,1.52758e-05,8.39554e-07,0.391143,2.09354e-07,0.000914265,1.16563e-05,3.02309e-06,6.44469e-07,1.79539e-05,2.08083e-07,0.0749147,5.93702e-06,9.35719e-07,1.39391e-05,3.08704e-05,1.42464e-05,4.87666e-06,2.85173e-06,1.5077e-05,2.86739e-05,7.65755e-06,0.485769,1.58099e-05,1.17014e-05,0.487969,0.000317346,9.79955e-06,2.64504e-05,5.16246e-06,8.61317e-11,1.37686e-06,4.07651e-05,4.43071e-06,1.25002e-05,1.7422e-05,0.124452,0.000120756,3.89873e-05,0.0431579,1.09325e-06,2.33885e-06,2.59752e-06,3.1905e-05,0.000312175,5.36291e-06,8.30762e-05,3.5509e-05,1.9166e-05,0.000428101,2.26758e-05,3.29803e-05,1.64147e-06,5.52552e-05,1.05968e-05,4.63304e-06,3.77017e-08,1.81552e-06,0.0482837,2.13711e-07,2.21341e-06,2.01169e-05,6.76915e-08,1.73635e-05,7.9126e-06,0.0334158,0.000603491,0.00047729,1.11926e-05,1.03551e-07,1.22509e-05,2.65528e-05,4.32809e-06,4.72173e-05,1.57452e-06,2.08302e-05,3.13758e-05,7.75432e-07,0.123968,0.0132769,1.0,0.415442,4.94212e-05,0.000159127,0.124073,2.04517e-06,0.00060841,8.98042e-05,0.000492581,4.02883e-07,0.12338,0.00203645,2.46875e-06,1.40547e-05,9.36251e-07,0.00196255,2.22969e-05,2.49724e-07,5.47177e-06,0.147388,0.0044968,3.32165e-05,1.7347e-05,1.13391e-05,1.00862e-06,6.91443e-05,4.56921e-06,0.169113,1.12514e-05,0.0100795,2.12869e-05,0.279135,0.169978,4.93709e-05,0.000371439,1.40867e-05,0.015703,0.0767392,0.223555,0.00529443,0.169629,7.25845e-08,3.92011e-06,0.00844835,0.210317,5.57952e-07,0.000142597,0.00520008,0.0220716,4.99351e-06,0.000362447,0.000369828,0.00884564,0.00139696,0.0117562,0.00804121,0.000201209,0.00849776,0.00132671,0.001292
rs1460817,0.000464868,3.05174e-05,0.000234816,2.0678e-05,2.5933e-05,0.00090722,0.000899854,0.00067578,0.000371057,0.000709459,1.29394e-05,0.000750524,0.000740329,1.93691e-05,0.000697797,0.000224956,0.0070866,0.00181625,0.00489219,0.00752778,0.0012826,0.000822666,0.00137391,0.00945583,0.00130377,0.000919415,0.00992811,0.000564653,0.000125299,0.00788268,0.000132038,0.000236078,0.0441083,0.000373413,0.00194004,0.000159989,0.0333784,0.00150475,0.00142379,0.0106487,0.0216058,0.323715,0.0495053,6.58694e-06,1.79905e-07,0.00701189,1.13234e-06,0.000455517,3.0214e-07,6.04626e-06,5.18729e-05,7.78397e-07,1.07387e-07,0.0311863,5.03626e-08,2.90898e-06,8.81876e-07,9.25201e-05,1.13241e-05,2.5599e-05,2.24656e-05,1.42988e-05,5.02867e-05,2.32738e-05,0.00845886,1.14215e-05,7.52124e-07,0.00864812,6.75154e-05,1.42649e-05,2.08933e-05,2.5873e-06,6.58977e-06,1.00367e-06,5.13767e-05,7.43966e-06,5.29704e-06,1.07624e-05,0.0519408,2.9922e-05,2.69978e-05,0.0177933,4.50864e-06,6.07749e-07,2.85643e-08,5.23026e-05,0.000152699,2.55012e-06,4.21626e-05,5.15605e-06,2.80452e-05,0.000159944,2.80156e-07,3.76215e-05,5.95823e-07,2.64437e-05,9.05084e-06,1.3843e-06,3.53587e-05,1.61638e-07,0.119462,2.73505e-05,1.32046e-06,2.83835e-05,1.66525e-05,9.94812e-06,4.8129e-08,0.000541878,0.000211353,0.000183755,4.32411e-06,9.88023e-06,6.52077e-07,3.78081e-05,1.07018e-06,2.58321e-06,7.41143e-06,2.91327e-07,1.82461e-05,5.44334e-06,0.0516368,0.00503482,0.415442,1.0,4.34615e-05,9.16808e-05,0.0516376,3.7151e-07,0.000361332,1.23237e-05,0.000210801,3.04549e-06,0.0513765,0.00100101,8.91301e-09,1.37723e-05,4.93195e-08,0.000976026,4.6392e-05,1.47328e-05,4.41674e-06,0.349619,0.00206371,6.31451e-06,3.70719e-05,2.85478e-05,8.67821e-07,3.85588e-05,7.67188e-07,0.0703695,1.50507e-10,0.000235893,2.34407e-05,0.677021,0.0707876,4.6421e-05,9.91479e-05,9.10794e-06,0.00646293,0.0317108,0.00457562,0.00219818,0.0705847,4.69771e-06,6.91565e-08,0.00350361,0.00435139,7.45576e-06,9.38759e-05,0.00217066,0.17185,0.00789856,0.000143898,0.000163724,0.0171214,0.000711102,0.0383629,0.0164331,0.00023689,0.0331762,0.0142747,0.00635189
rs80358927,1.80181e-06,3.0062e-05,6.30004e-06,9.9162e-07,1.40959e-05,8.75025e-06,2.11334e-06,7.92264e-06,1.57922e-05,4.87098e-07,1.03745e-05,7.70917e-08,1.36472e-05,6.14946e-06,2.75541e-08,6.35475e-07,1.63242e-06,8.02001e-06,1.10439e-05,1.65853e-06,4.55114e-06,4.28359e-06,4.84967e-06,3.20054e-06,8.69984e-09,5.15173e-06,4.23136e-06,8.80873e-06,1.105e-05,1.85549e-07,5.44701e-06,4.46812e-05,2.4755e-05,4.98585e-09,1.25625e-05,3.98557e-05,1.20293e-06,4.31912e-05,6.68909e-06,8.30838e-06,1.58976e-05,8.48486e-05,4.6836e-05,2.47725e-06,3.25993e-06,1.13424e-05,1.1967e-06,0.000122936,1.33164e-06,0.546445,7.00891e-06,3.10102e-06,2.48029e-06,4.21644e-06,1.58128e-06,1.97126e-06,1.55184e-06,0.515233,1.3254e-08,2.32067e-06,0.000331247,1.33204e-06,2.23646e-06,1.47962e-06,5.09929e-06,1.33471e-06,1.42388e-06,8.15843e-06,3.67039e-05,1.84115e-06,2.49634e-06,0.000391471,1.49453e-06,1.85813e-08,0.343803,1.2672e-06,1.89884e-08,2.78033e-06,5.56502e-05,1.46061e-06,0.281365,1.15481e-06,2.10817e-06,0.000103327,1.68852e-06,2.05432e-06,3.39458e-06,1.9381e-08,0.0209263,1.232e-06,0.563914,7.05919e-06,1.38869e-06,1.69383e-06,2.24277e-06,6.82766e-05,1.94296e-06,1.82574e-08,1.2684e-06,1.40624e-06,6.76546e-06,2.13204e-06,1.54965e-06,1.8312e-06,0.369307,1.96264e-08,1.40733e-06,5.86422e-06,6.50053e-06,6.79281e-06,1.11685e-06,7.33106e-05,2.9537e-06,1.43553e-06,2.04816e-06,1.72838e-06,1.49978e-06,1.62277e-06,2.20796e-06,1.75839e-06,5.66933e-05,4.30433e-05,4.94212e-05,4.34615e-05,1.0,2.233e-06,5.39658e-05,1.30225e-06,6.72236e-06,5.21305e-05,9.34918e-05,1.76004e-06,5.20998e-05,8.4798e-07,7.50221e-06,0.152565,0.582941,1.44005e-05,0.493999,1.80357e-08,1.40177e-08,1.81043e-05,3.80551e-05,2.67571e-06,1.61184e-08,1.99389e-08,1.34571e-06,1.17921e-06,1.20253e-06,4.49279e-06,1.99202e-06,6.11019e-06,7.78921e-05,5.45309e-05,1.95675e-06,0.512637,0.000133437,1.5649e-06,8.9522e-07,1.21305e-09,1.33339e-05,6.77802e-06,4.00166e-06,4.67141e-08,1.79708e-06,3.87286e-06,1.47452e-05,0.387255,1.61799e-06,6.33738e-06,3.94665e-07,7.57645e-07,5.10108e-07,2.03223e-06,3.56756e-06,0.000667302,1.82349e-05,5.69306e-06,6.52126e-07,8.81091e-07,3.18987e-06,2.45656e-05
Affx-92041253,1.20762e-05,0.00112587,6.02574e-06,4.21557e-05,0.000371436,2.09828e-05,0.000129064,4.99899e-05,0.000131737,5.46318e-06,2.67719e-05,9.93152e-05,4.86496e-05,2.86086e-05,1.4151e-05,0.00052395,3.64089e-07,9.50089e-05,0.000226252,0.000337164,6.76676e-05,1.1789e-05,8.20299e-05,0.000347403,0.00060657,1.29644e-05,0.000378531,6.04778e-06,3.26355e-07,0.000307747,5.04349e-05,2.79854e-05,0.000464619,0.000236797,2.79737e-05,0.000103334,0.00119448,2.67279e-05,3.00346e-06,0.000132332,0.000480454,0.000174206,0.000707285,3.57186e-05,4.48762e-06,3.89965e-05,1.67163e-06,1.63304e-06,1.82395e-06,2.51966e-06,9.64984e-06,2.14979e-05,3.10233e-05,0.00245625,2.17681e-06,2.74343e-06,6.41872e-05,2.22776e-06,1.65782e-06,3.22997e-06,4.89745e-05,1.80476e-06,3.10301e-06,2.06124e-06,4.30035e-05,1.90334e-06,1.96013e-06,5.80009e-05,2.08225e-05,5.82368e-05,3.49861e-06,2.40068e-06,2.0412e-06,2.34284e-06,4.19582e-06,1.74443e-06,2.37514e-06,3.80893e-06,0.000652485,2.01069e-06,5.38386e-06,0.000131913,2.88775e-06,2.06844e-06,2.32436e-06,2.76095e-06,4.673e-06,2.44368e-06,2.8877e-06,1.69597e-06,3.05292e-06,9.7176e-06,1.91173e-06,2.35739e-06,3.03866e-06,4.32139e-05,2.62923e-06,5.89427e-05,1.74619e-06,1.93585e-06,4.0886e-07,4.05451e-05,6.42039e-05,2.52084e-06,2.12725e-06,2.47476e-06,1.96159e-06,4.78471e-07,2.57439e-06,2.06658e-06,1.56619e-06,4.67985e-05,4.06612e-06,1.96055e-06,2.78292e-06,2.40539e-06,2.08725e-06,2.25855e-06,3.06383e-06,2.40141e-06,0.00065935,2.36512e-05,0.000159127,9.16808e-05,2.233e-06,1.0,0.000635259,8.0833e-05,2.32866e-06,3.41066e-06,5.67058e-06,2.42288e-06,0.000651844,3.27105e-05,9.5333e-05,3.61487e-06,2.17951e-06,3.24018e-05,3.34238e-06,2.27412e-06,8.57083e-05,3.78842e-05,6.12338e-05,3.65428e-06,7.38671e-05,2.49413e-06,1.87293e-06,1.64756e-06,1.67375e-06,0.000941454,2.74221e-06,3.35515e-06,2.37691e-06,7.00885e-05,0.00090578,3.73114e-06,1.11987e-05,2.0886e-06,0.0106079,0.00224732,2.53963e-05,3.08304e-06,0.000930984,5.89035e-06,2.49823e-06,4.04526e-05,2.55599e-05,2.05891e-06,2.22733e-06,2.71614e-06,0.000450736,0.000205653,1.18207e-05,3.02205e-05,0.00126536,1.07257e-07,0.00308976,0.00124727,3.27333e-05,0.00223696,0.000357561,2.62796e-06
Affx-9226630,1.39622e-05,0.00196907,0.00120571,9.25855e-07,0.000302564,0.00220533,0.00164466,1.04862e-05,7.27837e-05,0.000833807,4.18096e-05,0.000294548,2.95555e-05,3.81005e-06,0.00280446,0.00284504,0.0031621,0.000328665,0.000954423,2.03034e-05,0.00534802,0.000998569,0.00526284,7.18117e-05,0.00205903,0.00519013,0.00134408,0.00146007,0.000125963,0.00121161,0.000500925,0.00279399,0.0007961,0.000425829,2.88973e-05,0.00632154,0.0410599,0.0247898,0.0215393,0.00866827,0.177193,0.082871,0.904711,4.6895e-08,1.88312e-05,0.04516,2.12166e-09,0.00757254,2.23655e-06,4.99677e-06,6.70682e-06,1.66045e-05,1.48724e-05,0.210536,2.31058e-05,4.89813e-05,9.66437e-05,6.54521e-05,6.81403e-07,3.63006e-08,2.83515e-05,1.33677e-05,0.0012068,7.10436e-07,0.0603623,4.71241e-05,4.02114e-06,0.0611456,0.00204616,1.79714e-05,2.87884e-08,7.02412e-06,1.87503e-05,1.05984e-05,2.71994e-05,4.64762e-07,3.32815e-06,6.31996e-05,0.995093,0.000393455,1.70598e-06,0.131917,3.19649e-05,4.72836e-06,2.95269e-06,7.55494e-06,0.000693486,1.01706e-05,2.26125e-05,4.73278e-06,2.20223e-05,0.00148824,4.45901e-06,6.65745e-06,4.25838e-07,1.8654e-07,5.1726e-06,6.64402e-06,7.63187e-06,1.98363e-09,0.00583655,9.23838e-06,2.19747e-05,3.31754e-07,2.37652e-06,3.30745e-07,1.03771e-05,0.00404501,0.00106359,0.00116779,7.25383e-06,5.75257e-05,3.22102e-06,1.68109e-06,3.03595e-05,6.28444e-07,6.79596e-07,2.28588e-06,9.46465e-08,2.03197e-06,0.993077,0.0991596,0.124073,0.0516376,5.39658e-05,0.000635259,1.0,1.16242e-06,0.00155946,0.00129186,0.00344379,7.65686e-06,0.994619,0.00472456,1.15474e-05,1.62677e-06,3.79965e-05,0.00511215,9.53813e-06,1.65487e-06,6.24543e-07,0.0181087,0.0129298,7.1442e-05,3.36709e-07,1.42507e-05,8.95803e-06,3.49079e-05,8.03722e-06,0.483216,4.13474e-08,0.00153135,0.000437238,0.0351682,0.481397,3.09019e-05,0.000776881,2.32923e-07,0.0407795,0.221094,0.0278105,0.0148764,0.481424,2.28736e-05,2.79579e-05,0.0783147,0.0260477,1.24449e-05,0.000288582,0.0147769,0.13959,0.00149548,0.00597189,0.00613557,0.0156188,0.00194285,0.00693944,0.0168697,0.00714211,0.00875031,0.000262051,1.58666e-08
Affx-291672463,4.11624e-06,7.30273e-06,3.87424e-06,9.22478e-06,1.85902e-07,9.02152e-06,4.71906e-07,6.01987e-06,8.74917e-09,1.18383e-05,1.00997e-05,1.02202e-05,2.71561e-07,7.80686e-06,7.45664e-07,0.000114339,3.96182e-06,4.4223e-06,3.89801e-05,3.1414e-05,6.40062e-06,7.99277e-06,4.2563e-06,0.000145779,0.000128105,5.34273e-05,9.65928e-05,1.74446e-05,6.16787e-08,8.31783e-05,3.83119e-06,4.28729e-06,1.50355e-05,6.83257e-05,5.83457e-06,4.53693e-05,1.25359e-06,4.50534e-06,3.19842e-05,3.95182e-05,1.07871e-05,3.69471e-05,1.00838e-05,7.8198e-05,2.58876e-06,1.45219e-05,9.74868e-07,1.11747e-05,9.9303e-07,1.44955e-06,8.94823e-05,2.48954e-06,1.9999e-06,2.24443e-06,1.26948e-06,1.58574e-06,1.24587e-06,1.2992e-06,9.42464e-07,1.88372e-06,1.60531e-06,1.05489e-06,1.80963e-06,0.000131019,6.86306e-06,1.06488e-06,1.14311e-06,1.24307e-05,2.53103e-06,1.43382e-06,1.99873e-06,1.40008e-06,1.19986e-06,1.32126e-06,2.44694e-06,1.01732e-06,1.33118e-06,6.29384e-05,2.72656e-06,1.1726e-06,3.13979e-06,4.4462e-08,1.64154e-06,1.18993e-06,1.35557e-06,1.64914e-06,2.73938e-06,1.37813e-06,1.6879e-06,0.000172219,1.75633e-06,1.20097e-05,1.11489e-06,1.35612e-06,8.23628e-05,9.17316e-05,1.5599e-06,1.31222e-06,1.00421e-06,1.12896e-06,2.24005e-05,8.69231e-05,1.24408e-06,1.47012e-06,1.24335e-06,1.39566e-06,0.000142948,1.42424e-05,1.39781e-05,1.26475e-05,0.000181524,1.55618e-06,2.35693e-06,1.13818e-06,1.63979e-06,1.40283e-06,1.21732e-06,0.000119259,0.000388417,1.41165e-06,8.37051e-07,9.05694e-06,2.04517e-06,3.7151e-07,1.30225e-06,8.0833e-05,1.16242e-06,1.0,5.39664e-06,1.98904e-06,4.25747e-06,1.41299e-06,2.05129e-06,4.09854e-06,6.02286e-06,2.1082e-06,1.27106e-06,4.30811e-06,1.92286e-06,1.26856e-06,9.82688e-07,2.63103e-07,2.33517e-05,6.32329e-05,1.13188e-06,1.38374e-06,1.07804e-06,9.34838e-07,9.76108e-07,4.67252e-07,1.61339e-06,4.97355e-06,0.000102557,2.53667e-06,3.29637e-07,2.14651e-06,3.38139e-06,1.25631e-06,1.00415e-05,1.18895e-05,1.14219e-05,1.34949e-06,3.34214e-07,3.27964e-06,1.45693e-06,9.93917e-06,5.50174e-06,1.18448e-06,0.000120864,1.16285e-06,1.96956e-06,9.73145e-06,2.88978e-06,1.20145e-07,3.03567e-06,0.000122611,9.53623e-06,1.6423e-06,1.33831e-06,1.17291e-06,6.12895e-06,3.13929e-05
rs11571707,3.25179e-08,4.82439e-05,1.1287e-05,4.52488e-07,0.00041727,5.08926e-05,0.000569334,0.000420537,7.37254e-05,7.62665e-06,0.000325368,0.000165496,0.000102556,0.000594394,0.000466602,0.000562038,0.000537428,6.628e-05,1.75126e-06,0.00147459,0.00672153,8.52497e-06,0.00642554,0.00115436,0.000542648,0.000110885,0.00136197,8.39839e-05,2.06295e-06,3.45596e-05,4.35396e-05,3.34097e-05,3.20413e-05,0.000755752,0.0447447,0.000464426,0.00034269,0.000139961,9.10344e-05,0.000315741,0.00286629,0.000247318,0.00157537,9.8861e-06,4.97037e-09,0.000173977,5.03235e-06,1.61202e-05,5.41767e-06,7.58509e-06,0.000105039,6.49678e-05,2.92361e-05,0.00762715,8.26895e-06,3.91506e-06,8.70428e-06,6.70636e-06,4.85658e-06,0.000105995,4.17039e-06,5.46233e-06,9.34118e-06,6.26177e-06,0.000192246,5.58006e-06,8.11261e-05,0.000211364,5.49709e-08,7.53139e-06,1.09219e-06,5.8635e-05,7.52629e-05,6.45739e-05,1.25979e-05,5.25151e-06,6.23562e-05,2.35382e-05,0.00157893,6.03706e-06,8.34491e-06,0.00070414,4.53963e-05,7.54603e-05,6.85415e-06,8.28806e-06,3.93654e-09,6.47499e-06,3.70273e-06,5.07876e-06,9.16633e-06,2.92556e-05,5.75513e-06,6.56318e-06,9.12255e-06,8.39084e-06,5.09925e-05,6.87406e-06,5.2429e-06,1.12248e-05,6.56634e-05,2.91462e-06,7.25149e-05,5.3869e-05,6.50667e-06,6.25674e-06,5.88963e-06,2.79631e-05,7.90689e-06,6.27375e-06,4.74002e-06,7.86601e-06,2.02026e-05,5.91769e-06,4.63192e-05,6.15963e-06,6.26732e-06,6.7993e-06,2.43113e-06,6.48526e-06,0.00158338,0.000232977,0.00060841,0.000361332,6.72236e-06,2.32866e-06,0.00155946,5.39664e-06,1.0,1.02675e-05,2.97256e-06,0.000162311,0.0015854,1.80321e-05,3.82971e-06,2.70039e-05,6.56129e-06,1.72378e-05,1.0062e-05,7.34361e-06,5.22136e-06,0.000191259,0.000118258,1.08542e-05,1.18124e-05,7.03706e-06,5.62337e-06,4.93366e-06,5.02544e-06,0.00336215,8.23348e-06,2.18366e-07,7.15554e-06,0.000285804,0.00336033,1.12324e-05,7.14456e-07,9.72208e-06,0.000221577,0.00111844,0.000113514,0.00010112,0.00338431,5.92715e-07,5.47296e-06,0.000202063,9.48738e-05,6.19824e-06,6.62937e-05,9.81288e-05,0.00655748,0.000212963,0.000217852,0.000251332,0.000792663,2.35295e-05,0.000427238,0.000818017,0.000270191,0.000432282,0.000771627,6.90876e-05
rs879255331,3.16938e-07,7.2177e-05,1.86601e-07,1.44472e-05,0.000399209,6.01748e-06,2.53174e-05,3.20768e-05,0.00182812,4.10983e-05,5.73639e-05,0.00020712,7.01657e-05,6.00245e-05,1.93645e-05,0.000135807,0.000151541,3.09352e-08,0.00063312,0.000532014,0.010183,4.27012e-05,0.0100145,0.000484563,0.000239525,3.4598e-05,0.000489226,5.63228e-05,1.02505e-05,0.000618839,0.00015516,5.70437e-05,0.0263713,0.000210148,5.01534e-06,0.000116078,0.00245356,1.77425e-05,6.09347e-05,9.22436e-05,0.000860807,7.09951e-05,0.00137915,3.64893e-06,4.97915e-06,7.32721e-05,1.85472e-06,2.19298e-05,1.98314e-06,4.35591e-05,1.04145e-05,4.73645e-06,3.85704e-06,0.000479413,2.41524e-06,0.000199592,2.33663e-06,2.43664e-06,1.78924e-06,3.55838e-06,3.1608e-06,2.03457e-06,3.41842e-06,2.31395e-06,8.03986e-05,2.06684e-06,2.17482e-06,8.46187e-05,4.81552e-06,2.78265e-06,3.88181e-06,2.6637e-06,2.28279e-06,2.56425e-06,0.000115112,1.9355e-06,2.62043e-06,2.32564e-05,0.00131177,2.21507e-06,5.88866e-06,0.000146204,3.20909e-06,2.295e-06,2.57903e-06,3.04839e-06,5.21178e-06,2.67461e-06,3.13973e-06,1.85488e-06,3.29792e-05,2.6942e-05,2.12112e-06,2.61559e-06,3.37683e-06,3.12788e-06,2.92557e-06,2.54669e-06,1.92368e-06,2.14788e-06,4.53506e-06,3.25653e-06,2.36692e-06,2.79695e-06,5.57624e-05,2.70863e-06,2.17644e-06,6.37044e-06,9.98381e-06,1.04297e-05,1.7516e-06,2.96069e-06,4.51147e-06,2.17694e-06,3.05017e-06,4.73383e-05,2.316e-06,5.13203e-05,3.39941e-06,2.64752e-06,0.00132309,2.11919e-06,8.98042e-05,1.23237e-05,5.21305e-05,3.41066e-06,0.00129186,1.98904e-06,1.02675e-05,1.0,4.14427e-06,2.68827e-06,0.00133539,1.37722e-05,1.14586e-05,4.01091e-06,2.41824e-06,1.34806e-05,0.000154744,2.48903e-06,1.93447e-06,8.46162e-06,1.61025e-05,2.34399e-05,2.20835e-06,2.7317e-06,2.07808e-06,1.82802e-06,1.85708e-06,0.000778393,3.06945e-06,9.43525e-06,2.63725e-06,1.24102e-05,0.000784208,0.000133761,6.43321e-06,2.3562e-06,8.63513e-05,0.000262148,3.66562e-05,4.86484e-05,0.000784732,6.44698e-06,2.77186e-06,0.000111316,5.16685e-05,2.26819e-06,2.47129e-06,4.74525e-05,0.000276403,0.00013131,5.76367e-06,5.78085e-06,3.67312e-05,2.16747e-05,3.22071e-05,3.48471e-05,6.45788e-06,6.64561e-05,0.000542699,5.31989e-06
rs80358978,5.11001e-06,0.000194498,1.52194e-06,0.00244997,0.000362928,0.000127846,0.00023432,0.000122316,3.00883e-05,7.28274e-05,9.00102e-05,0.000683686,9.78517e-05,0.00010748,1.53033e-07,6.66554e-05,6.56241e-05,0.00011092,4.83949e-05,4.12746e-06,0.000109686,9.9195e-05,0.000208661,0.000686988,0.000207804,5.12369e-05,0.000711106,7.93808e-05,1.42791e-05,0.00119284,0.000249007,0.000156295,4.9532e-05,0.000292202,9.02444e-05,2.68438e-05,0.000286915,9.6864e-05,8.37794e-06,6.95109e-05,0.00056261,0.00042989,0.00353509,7.88258e-06,8.1394e-07,0.000200147,3.96997e-06,7.56356e-06,4.28403e-06,7.7701e-05,3.62815e-06,1.28585e-06,8.2008e-06,0.00079978,5.18695e-06,8.4744e-06,1.49606e-05,1.34853e-05,3.94705e-06,4.88542e-06,8.24777e-06,2.13054e-05,5.57651e-06,4.96945e-06,0.00023799,2.01432e-05,4.67064e-06,0.000245339,1.03418e-05,5.96429e-06,3.5768e-06,5.70155e-06,4.90251e-06,5.58955e-06,3.09046e-05,4.14286e-06,5.71203e-06,2.48988e-06,0.00337557,4.79113e-06,1.69708e-05,0.000270978,6.92168e-06,4.91238e-06,5.5203e-06,8.35466e-06,5.97219e-07,5.83013e-06,6.62109e-05,2.35658e-05,5.6529e-05,3.68629e-06,4.55532e-06,5.59844e-06,7.30782e-06,6.6728e-06,6.33126e-06,5.53272e-06,4.11926e-06,4.61279e-06,4.91909e-06,6.99374e-06,5.08319e-06,6.00675e-06,9.76663e-05,5.90431e-06,1.76961e-05,1.58093e-05,2.75798e-06,3.34129e-06,3.74925e-06,6.35839e-06,9.65676e-06,4.67731e-06,6.58898e-06,5.73182e-06,1.56083e-05,5.38176e-06,5.64568e-05,1.14692e-05,0.00340234,0.000173681,0.000492581,0.000210801,9.34918e-05,5.67058e-06,0.00344379,4.25747e-06,2.97256e-06,4.14427e-06,1.0,5.75413e-06,0.003468,3.22647e-05,4.65567e-06,8.47073e-06,9.61469e-05,3.16231e-05,4.81652e-05,5.4256e-06,4.14625e-06,9.24809e-05,4.22466e-05,8.7185e-06,1.86103e-05,5.89797e-06,4.43323e-06,3.92586e-06,3.96176e-06,0.00165023,6.54832e-06,2.03213e-05,5.64493e-06,0.000173214,0.00162117,3.91938e-05,1.377e-05,5.09906e-06,0.000190401,0.000645157,0.00014265,0.00018083,0.00166378,1.39162e-05,5.95286e-06,0.0432401,0.000141354,0.000104434,1.34869e-05,0.000177911,0.000992191,0.000257527,0.000145736,0.000160706,0.000532439,3.57688e-05,0.000305747,0.000539799,0.000174984,0.00042376,0.0018933,5.83443e-05
Affx-472937119,1.41588e-05,2.81899e-05,3.1894e-05,4.16528e-06,3.95806e-05,2.01557e-07,2.10029e-05,1.72654e-05,3.24631e-05,5.45823e-07,3.55812e-07,4.84743e-09,2.49634e-05,6.10479e-07,3.23018e-06,5.03635e-05,1.86587e-05,3.88592e-05,6.1173e-07,4.19785e-06,1.46821e-08,5.72997e-07,1.02114e-06,8.1863e-06,3.80871e-05,5.93475e-09,3.71128e-06,6.38048e-07,0.000105684,3.60656e-07,1.83665e-09,1.87594e-05,5.79367e-06,1.48178e-05,7.62494e-06,7.83144e-06,1.45887e-05,3.65265e-06,3.83047e-06,2.03323e-05,9.46346e-06,1.96763e-06,1.49123e-05,2.68777e-06,3.50171e-06,1.04782e-06,1.31757e-06,1.63351e-07,1.46079e-06,1.98599e-06,5.14877e-06,3.35462e-05,0.471841,5.05389e-05,0.871928,2.14325e-06,1.66698e-06,1.75591e-06,1.31429e-06,0.440321,6.26894e-05,1.44536e-06,2.44578e-06,1.6438e-06,6.17124e-06,0.000106586,0.805757,5.3446e-06,3.42088e-06,2.01955e-06,0.000231655,1.89226e-06,0.822189,0.936878,3.30713e-06,1.37495e-06,0.858261,3.05033e-06,6.96192e-06,1.56895e-06,0.409298,1.10741e-05,0.810333,1.61114e-06,0.831804,6.37329e-05,3.70238e-06,0.927976,2.29248e-06,1.3368e-06,2.4063e-06,7.65962e-06,1.50682e-06,1.85809e-06,2.43339e-06,2.22195e-06,0.39924,0.649145,1.37634e-06,0.826758,4.92279e-06,5.83276e-05,8.79317e-05,0.726951,1.66941e-06,0.711432,1.54612e-06,1.9037e-05,6.42667e-06,5.58047e-06,1.24432e-06,2.08217e-06,0.508677,1.55759e-06,0.641788,1.89593e-06,9.05252e-05,1.76236e-06,2.4149e-06,7.84669e-05,7.62186e-06,9.32648e-06,4.02883e-07,3.04549e-06,1.76004e-06,2.42288e-06,7.65686e-06,1.41299e-06,0.000162311,2.68827e-06,5.75413e-06,1.0,7.6844e-06,1.00925e-05,8.03926e-06,0.506744,1.71788e-06,1.04992e-05,2.58169e-06,1.80668e-06,1.40412e-06,8.41378e-06,1.84078e-06,2.90313e-06,1.57853e-06,1.99737e-06,0.000466778,1.2986e-06,0.000120351,8.23963e-06,2.18056e-06,0.000181445,1.87342e-06,2.14998e-05,8.94613e-06,2.94087e-06,4.55089e-06,1.69791e-06,5.17368e-05,3.9556e-06,3.36275e-09,7.4718e-08,8.92982e-06,4.63275e-06,0.700047,2.37844e-06,1.57703e-06,1.62283e-06,1.73647e-06,1.43539e-07,1.39214e-06,8.38112e-09,3.15352e-07,3.25032e-07,6.03196e-10,7.08295e-06,4.17972e-07,2.5095e-07,1.41196e-06,9.88167e-06,0.000146272,4.68232e-06
rs11571717,1.42773e-05,0.00199224,0.00115004,7.61055e-07,0.000272127,0.00217599,0.00167915,8.90713e-06,7.98904e-05,0.000817355,4.20452e-05,0.000332972,3.38875e-05,4.25006e-06,0.00280796,0.00273663,0.00311689,0.000295908,0.000949012,2.33126e-05,0.00547602,0.00098999,0.00539666,7.86641e-05,0.00196133,0.00425017,0.00138606,0.00140258,0.000131513,0.00124317,0.00055034,0.00283902,0.000783634,0.00035193,3.72134e-05,0.00641511,0.0406052,0.0249318,0.0216378,0.00858188,0.176055,0.0824022,0.902982,1.3787e-07,2.33267e-08,0.0448956,1.01636e-07,0.00766701,2.5883e-06,3.8268e-06,7.47326e-06,1.5434e-05,1.69166e-05,0.210309,2.42876e-05,5.43097e-05,9.41759e-05,6.96093e-05,8.70954e-07,4.91961e-08,2.4432e-05,7.40601e-06,0.00124898,5.21293e-07,0.0600177,5.02635e-05,3.92515e-06,0.0607665,0.00213067,1.68657e-05,5.65258e-06,7.72804e-06,1.87048e-05,1.06115e-05,2.97613e-05,6.2787e-07,3.3241e-06,5.6451e-05,0.991811,0.000388524,2.18402e-06,0.131859,3.23575e-05,4.21404e-06,2.9347e-06,5.62241e-06,0.000683444,1.02157e-05,1.67691e-05,5.9138e-06,1.94021e-05,0.00149191,3.34122e-06,9.47853e-06,1.86857e-07,4.86962e-07,5.23243e-06,6.62701e-06,7.02853e-06,5.17805e-11,0.0059245,1.08392e-05,2.31312e-05,3.31447e-07,7.04202e-07,3.23752e-07,1.11364e-05,0.0040146,0.00107601,0.00118721,5.74913e-06,5.95784e-05,6.41087e-09,2.31957e-06,2.53011e-05,2.70939e-07,7.33546e-07,4.42773e-06,2.06668e-07,1.295e-06,0.995273,0.0998779,0.12338,0.0513765,5.20998e-05,0.000651844,0.994619,2.05129e-06,0.0015854,0.00133539,0.003468,7.6844e-06,1.0,0.0051147,1.28647e-05,1.52461e-06,3.43074e-05,0.00510446,1.06907e-05,1.81764e-07,4.61323e-07,0.0180543,0.0129785,7.37899e-05,2.1063e-07,1.52755e-05,1.63515e-05,3.36195e-05,8.66146e-06,0.482196,3.88925e-09,0.0015339,0.000442323,0.0350059,0.483599,3.25506e-05,0.000773406,1.77074e-06,0.0404519,0.223264,0.0275796,0.0148116,0.483835,4.52756e-06,2.81768e-05,0.0791278,0.0257846,1.04826e-05,0.000284136,0.0147133,0.139142,0.0015611,0.00626697,0.00643956,0.016085,0.00191704,0.00699825,0.0173631,0.0074717,0.00881835,0.000229452,1.78839e-08
rs150813429,8.18188e-05,0.00038834,5.39006e-06,7.73255e-05,1.68509e-05,2.9216e-05,2.6478e-06,0.000188019,8.46651e-05,7.08842e-05,6.42775e-05,0.000510307,0.00036929,6.53816e-05,0.00956189,0.00250942,0.0019747,0.0159221,4.81911e-07,2.903e-05,0.000179536,0.000146585,0.000247121,0.000337423,0.00357639,0.000133419,0.000182058,3.35884e-05,5.43018e-05,6.66619e-05,3.71504e-05,0.000307113,0.000390485,0.00348788,0.000183117,0.00878221,5.50282e-05,0.000125659,4.96923e-06,0.0012251,0.00579357,0.00167349,0.00477107,0.000119262,2.41317e-05,0.0007172,5.78827e-06,5.64669e-05,4.62934e-06,7.2907e-08,2.10071e-05,2.53746e-07,9.77757e-06,0.0251747,9.68059e-07,2.44558e-05,3.35248e-06,8.58452e-07,8.31003e-07,1.15964e-06,7.95937e-06,1.91133e-05,1.10115e-05,1.76328e-05,0.000870579,1.98722e-05,2.10939e-05,0.000867192,4.61137e-05,1.57083e-07,2.86566e-05,2.27471e-07,1.65273e-06,4.75773e-07,2.96862e-06,4.73397e-06,1.14546e-05,1.76882e-05,0.00466507,2.59363e-06,2.88412e-06,0.00213579,4.63425e-06,1.81958e-05,4.03994e-07,4.96327e-08,2.59879e-05,1.05119e-05,7.72755e-08,9.1507e-07,5.73175e-07,5.48598e-05,1.99969e-06,3.44959e-07,1.0628e-05,8.53027e-06,2.7673e-05,1.29908e-05,6.89592e-05,2.60267e-06,0.000137596,3.36575e-07,2.27001e-05,4.91422e-08,3.37687e-06,1.76642e-07,5.89213e-05,6.86564e-05,1.65808e-05,1.9427e-05,3.77232e-05,7.34228e-06,5.18223e-06,2.33589e-06,5.01306e-06,2.55193e-05,2.99532e-06,4.15904e-06,8.11188e-05,1.0568e-05,0.00468546,0.000544253,0.00203645,0.00100101,8.4798e-07,3.27105e-05,0.00472456,4.09854e-06,1.80321e-05,1.37722e-05,3.22647e-05,1.00925e-05,0.0051147,1.0,1.79755e-05,4.15621e-07,3.50228e-06,0.964656,1.28362e-05,5.44044e-07,1.86569e-05,0.000378268,0.000124151,3.88691e-05,2.59249e-06,5.45013e-06,1.99311e-05,7.13562e-07,1.75662e-05,0.0102529,2.39576e-05,4.86642e-07,5.39595e-06,0.000661497,0.0101886,1.56877e-07,1.08381e-06,1.23274e-06,0.000502076,0.00341026,0.000406521,0.000283793,0.0102869,3.71405e-05,8.86654e-06,0.000537742,0.000406855,2.74223e-06,8.44848e-07,0.000275696,0.00928807,0.00761718,0.000635979,0.000640321,0.000499487,0.0001757,4.92179e-06,0.000536662,0.000672646,6.0632e-05,0.000423207,5.54076e-05
Affx-81305124,1.09505e-06,3.38018e-06,3.75633e-06,2.46206e-07,4.34397e-06,2.92619e-06,6.61647e-08,2.50541e-05,3.03525e-07,1.93815e-06,0.000109015,9.09594e-05,4.55959e-07,0.000123006,2.33718e-06,6.97277e-08,4.7253e-06,1.1971e-07,5.67953e-08,9.74984e-06,6.14357e-06,5.02253e-06,2.0038e-05,1.24216e-05,2.99034e-06,1.22613e-07,1.74841e-05,9.58935e-07,1.19582e-05,2.41102e-06,8.79032e-05,8.34597e-05,1.01312e-06,3.24608e-06,2.29432e-05,7.20535e-06,6.2016e-06,2.11095e-05,3.57137e-09,1.6979e-05,9.88001e-06,2.70664e-05,1.1797e-05,7.25567e-07,1.5077e-05,5.98489e-07,5.61614e-06,4.18534e-05,0.00371277,8.46525e-06,3.26959e-05,0.000876956,1.15421e-05,3.21961e-05,7.23197e-06,9.11398e-06,6.33174e-06,7.48455e-06,1.16562e-05,1.077e-05,9.61761e-06,5.99453e-06,1.16673e-06,6.18374e-05,3.8261e-06,9.37247e-06,6.50398e-06,5.48795e-06,1.45469e-05,3.67084e-06,1.17264e-05,7.96501e-06,6.81468e-06,7.8508e-06,1.40962e-05,5.84682e-06,8.0246e-06,1.29192e-05,1.28398e-05,7.93703e-06,1.80063e-05,6.45526e-08,9.74963e-06,7.12193e-06,7.72786e-06,2.28759e-06,1.57813e-05,8.19224e-06,9.83549e-06,5.69809e-06,1.02568e-05,3.2567e-05,6.42277e-06,7.90136e-06,1.02899e-05,9.44865e-06,8.98629e-06,7.79625e-06,5.85256e-06,6.42242e-06,1.35005e-06,9.76703e-06,7.13307e-06,8.34766e-06,7.24427e-06,8.27768e-06,6.57467e-06,3.54776e-05,2.00835e-07,4.62508e-07,5.29135e-06,4.00684e-05,1.3514e-05,6.62339e-06,9.49243e-06,4.26389e-06,6.97966e-06,7.57007e-06,1.02933e-05,0.000484387,1.296e-05,7.82403e-07,2.46875e-06,8.91301e-09,7.50221e-06,9.5333e-05,1.15474e-05,6.02286e-06,3.82971e-06,1.14586e-05,4.65567e-06,8.03926e-06,1.28647e-05,1.79755e-05,1.0,1.20632e-05,7.32245e-06,1.92667e-05,1.12293e-05,4.83716e-06,8.31876e-05,1.54612e-08,8.45733e-06,1.22628e-05,6.88389e-06,8.47488e-06,6.27762e-06,5.53528e-06,5.62331e-06,2.286e-05,9.29466e-06,7.54418e-06,7.98563e-06,8.86851e-07,2.29476e-05,1.25354e-05,1.94799e-05,7.23752e-06,6.84145e-07,4.16343e-08,2.55611e-06,8.35467e-06,2.30558e-05,1.63607e-06,8.31167e-06,2.91535e-05,1.44138e-06,6.91728e-06,7.4831e-06,9.73858e-06,3.73893e-06,1.46431e-05,3.19695e-05,3.58375e-05,6.05511e-07,1.66247e-05,5.69503e-05,4.7909e-07,3.31643e-05,0.000105692,3.69651e-09,2.23737e-08
rs397507950,1.89395e-06,2.12093e-06,2.30095e-05,9.8495e-06,4.23344e-06,7.9907e-06,5.05641e-07,3.43598e-07,5.74085e-06,4.637e-06,2.79765e-06,2.21383e-07,5.03889e-06,2.20205e-06,8.63918e-06,3.43222e-06,1.10262e-05,1.38795e-05,1.3869e-05,5.62603e-07,7.09949e-07,6.9034e-05,3.59566e-07,2.64039e-05,5.20615e-07,3.82506e-05,1.71804e-07,6.31057e-05,1.74008e-05,4.22425e-06,1.74391e-05,3.07797e-05,1.34308e-06,7.12158e-07,8.82406e-07,1.42618e-05,3.42184e-07,1.24564e-08,6.29541e-06,3.51481e-06,7.38349e-06,9.64442e-06,3.7976e-07,4.01067e-06,5.2132e-06,8.80915e-08,1.96584e-06,4.79091e-05,2.16518e-06,0.172545,6.25893e-07,4.95784e-06,0.252658,1.30486e-05,0.49201,3.22639e-06,2.49534e-06,0.153473,1.17584e-06,0.245303,0.000188624,2.15664e-06,3.59203e-06,5.3986e-05,2.06763e-06,0.000304871,0.386591,1.54687e-06,1.51992e-05,2.96403e-06,0.000140702,0.000539918,0.391884,0.887089,0.0975797,2.05139e-06,0.834166,4.55133e-06,2.03475e-06,2.34856e-06,0.694791,2.67793e-06,0.432611,5.52453e-05,0.451303,3.22751e-06,1.28637e-05,0.85748,0.0090789,1.99452e-06,0.158817,1.13131e-05,2.24818e-06,2.77225e-06,3.63083e-06,3.39336e-05,0.201239,0.60097,0.000314244,0.438201,3.57695e-05,3.24824e-05,5.17389e-05,0.408033,0.100005,0.697761,2.30683e-06,7.32477e-06,1.04628e-06,7.3488e-07,1.84399e-06,3.79047e-05,0.276943,2.32394e-06,0.3263,2.78129e-06,5.62181e-05,2.63803e-06,3.60313e-06,2.79876e-06,1.63827e-06,1.04867e-07,1.40547e-05,1.37723e-05,0.152565,3.61487e-06,1.62677e-06,2.1082e-06,2.70039e-05,4.01091e-06,8.47073e-06,0.506744,1.52461e-06,4.15621e-07,1.20632e-05,1.0,0.187427,8.63036e-06,0.154211,1.61824e-06,1.24828e-06,2.49793e-07,2.00204e-05,4.33187e-06,1.43015e-06,1.78921e-06,0.000305613,1.93748e-06,7.43685e-05,1.50656e-06,3.25345e-06,0.000101294,2.79524e-06,4.43295e-08,1.89776e-06,0.153928,6.68702e-06,2.53334e-06,3.24095e-05,5.78847e-06,3.50364e-06,5.64067e-08,1.88308e-06,4.12691e-06,0.374251,1.42692e-05,7.53204e-07,0.125354,2.61934e-06,1.24851e-08,6.65429e-06,1.54584e-05,3.66212e-05,4.33586e-05,1.53742e-05,0.000231416,4.56417e-06,1.38975e-05,3.98052e-05,2.11729e-06,6.15487e-05,7.63749e-06
rs886040738,7.46755e-07,1.86806e-05,2.71516e-05,1.2704e-06,4.11261e-06,2.39591e-07,8.40014e-07,3.60918e-05,5.51446e-06,,3.17557e-05,8.1158e-08,3.72424e-05,2.33513e-05,6.36911e-06,4.02628e-06,6.57533e-06,1.0835e-05,9.40507e-06,5.17004e-08,1.41651e-05,1.43827e-05,2.27406e-05,3.76717e-07,4.86254e-07,6.10287e-06,1.85523e-05,5.44863e-05,1.04779e-05,7.64073e-07,1.06873e-06,2.73059e-05,3.26801e-06,1.36379e-05,7.36044e-05,3.22706e-06,3.04998e-06,0.000113483,2.55672e-07,9.75454e-07,8.69198e-06,8.4475e-06,3.67245e-05,2.41761e-06,3.16451e-06,2.85884e-06,1.18522e-06,1.4601e-05,1.29939e-06,0.687776,6.87434e-06,3.02673e-06,2.43735e-06,2.13853e-05,1.54341e-06,1.92352e-06,1.51462e-06,0.614984,,2.26471e-06,7.23183e-05,1.28255e-06,2.2001e-06,1.46224e-06,4.98619e-07,0.000121394,1.38978e-06,1.77574e-06,3.76884e-05,1.7765e-06,2.41887e-06,0.000942752,1.45877e-06,,0.407727,1.23684e-06,,2.69607e-06,3.71785e-05,1.42563e-06,0.334154,1.78254e-06,2.08027e-06,0.000106232,1.64807e-06,2.00504e-06,3.31526e-05,,0.0241924,1.20252e-06,0.686038,6.88984e-06,1.35546e-06,1.61873e-06,2.18902e-06,7.03444e-05,1.89644e-06,,1.2209e-06,1.37256e-06,6.30207e-06,2.08102e-06,1.51249e-06,1.78734e-06,0.42641,,1.39081e-06,6.53644e-07,6.37962e-06,6.66488e-06,1.11927e-06,7.5495e-05,2.8655e-06,1.36649e-06,1.99852e-06,8.77699e-05,1.47995e-06,1.58351e-06,2.17233e-06,1.71615e-06,3.58026e-05,8.38888e-06,9.36251e-07,4.93195e-08,0.582941,2.17951e-06,3.79965e-05,1.27106e-06,6.56129e-06,2.41824e-06,9.61469e-05,1.71788e-06,3.43074e-05,3.50228e-06,7.32245e-06,0.187427,1.0,1.07187e-06,0.570645,,,8.70609e-06,5.94027e-06,2.61151e-06,,,1.31311e-06,1.16816e-06,1.16033e-06,2.89638e-05,1.96153e-06,1.04315e-05,1.68528e-06,6.66979e-06,2.75916e-05,0.622837,0.000137545,1.5274e-06,2.98265e-06,1.80053e-06,1.5623e-05,1.81525e-05,2.76722e-05,,1.7713e-06,1.26046e-05,7.69006e-06,0.462724,1.57923e-06,1.75108e-05,1.4432e-05,2.20349e-06,8.86094e-06,1.72155e-05,6.83744e-10,0.00131881,2.23793e-05,2.23732e-07,1.23102e-05,4.06759e-06,1.03064e-09,5.48777e-05
Affx-52159382,5.24695e-05,0.0003849,4.45999e-06,0.000114935,2.7916e-05,4.31671e-05,4.68855e-06,0.000179925,6.4419e-05,5.84109e-05,7.31585e-05,0.000551065,0.000484714,6.98298e-05,0.0101553,0.00257957,0.00195778,0.0161281,8.3096e-07,4.21814e-05,0.000160747,0.000118365,0.000234832,0.000371267,0.00368693,0.000138309,0.000207923,2.94044e-05,5.19113e-05,8.35786e-05,5.05945e-05,0.000283155,0.000381321,0.00352577,0.000175653,0.00896817,5.65225e-05,0.000131759,3.57764e-06,0.00118901,0.00585382,0.00164336,0.00476285,0.000121698,2.37189e-05,0.000666338,6.03916e-06,4.1085e-05,4.84256e-06,8.87768e-06,2.04476e-05,1.95428e-07,1.02383e-05,0.0252532,1.06974e-06,2.52603e-05,3.20967e-06,1.44434e-05,7.66282e-07,1.88684e-06,7.55809e-06,1.8673e-05,1.07559e-05,1.81815e-05,0.000829353,1.9681e-05,2.16971e-05,0.000826072,4.5422e-05,1.9762e-07,2.95573e-05,2.77959e-07,1.78543e-06,5.49001e-07,1.48355e-05,4.94178e-06,1.19319e-05,1.73175e-05,0.00504872,2.47824e-06,1.29265e-05,0.0022495,4.89041e-06,1.8755e-05,4.70365e-07,3.08577e-08,2.55531e-05,1.09341e-05,2.57806e-05,8.47858e-07,2.93393e-06,5.39562e-05,1.8989e-06,4.06716e-07,1.03755e-05,8.30876e-06,6.38916e-05,1.34657e-05,7.03025e-05,2.76916e-06,0.000118269,2.32294e-07,2.24865e-05,1.01788e-07,1.17493e-06,2.22411e-07,6.01579e-05,6.67879e-05,1.59888e-05,1.87816e-05,3.85662e-05,7.12342e-06,4.94925e-06,2.49388e-06,5.32523e-06,2.52771e-05,2.87998e-06,4.02183e-06,8.28796e-05,1.09875e-05,0.00507117,0.00054098,0.00196255,0.000976026,1.44005e-05,3.24018e-05,0.00511215,4.30811e-06,1.72378e-05,1.34806e-05,3.16231e-05,1.04992e-05,0.00510446,0.964656,1.92667e-05,8.63036e-06,1.07187e-06,1.0,1.4843e-06,6.21557e-07,1.84774e-05,0.000386512,0.000164141,3.84991e-05,2.76548e-06,5.27107e-06,1.97272e-05,6.54416e-07,1.76567e-05,0.0106742,2.53926e-05,3.7264e-07,5.40463e-06,0.000660982,0.0106085,6.98822e-06,4.04884e-07,1.34844e-06,0.00053579,0.00359328,0.000407755,0.000309418,0.0107083,3.65753e-05,9.2771e-06,0.000524038,0.000394002,1.77014e-06,8.38034e-07,0.000301123,0.009706,0.0077216,0.000682152,0.00068138,0.000519678,0.000201794,3.48847e-06,0.000556786,0.000713392,5.50492e-05,0.000376008,5.27286e-05
rs879255469,5.95693e-06,5.02434e-06,3.53383e-06,2.02631e-08,6.65886e-06,6.40434e-07,1.3196e-05,3.59574e-05,2.36683e-05,,8.4393e-06,3.39105e-05,8.86521e-06,1.47881e-05,4.78159e-07,1.25761e-05,1.51442e-05,2.46238e-05,1.05512e-05,1.91798e-07,3.65582e-05,4.04558e-05,8.1976e-05,5.7233e-06,1.55555e-05,3.15298e-05,1.37041e-07,3.29706e-05,1.23428e-06,3.05212e-05,1.45046e-06,1.26044e-05,3.71061e-05,7.43302e-05,6.76184e-05,1.46602e-05,3.74799e-10,3.04921e-05,2.15927e-07,9.09828e-08,7.04054e-07,1.25504e-05,7.822e-06,3.70775e-06,4.87948e-06,2.68123e-06,1.81759e-06,2.05173e-05,2.00052e-06,0.753237,1.05564e-05,4.64163e-06,3.69981e-06,6.48007e-06,2.31422e-06,2.96141e-06,2.32281e-06,0.615101,,3.43409e-06,0.000203862,1.99387e-06,3.37396e-06,2.25117e-06,6.93676e-07,7.16438e-05,2.0786e-06,1.40594e-07,1.76751e-05,2.74597e-06,3.77649e-06,0.000585257,2.21068e-06,,0.53623,1.89675e-06,,4.20781e-06,9.647e-06,2.18626e-06,0.429328,1.08582e-05,3.13519e-06,6.00275e-05,2.47467e-06,3.07483e-06,1.49437e-05,,0.0238626,1.84412e-06,0.828843,1.05665e-05,2.07866e-06,2.54463e-06,3.35696e-06,3.80296e-05,2.85492e-06,,7.0574e-05,2.05221e-06,9.34714e-09,3.19134e-06,2.31953e-06,2.68818e-06,0.540393,,2.13287e-06,6.00586e-06,9.68655e-06,1.01943e-05,1.71654e-06,4.1306e-05,4.33609e-06,2.14869e-06,3.04946e-06,4.95777e-05,2.25316e-06,2.43794e-06,3.33136e-06,2.63194e-06,1.17487e-05,1.06309e-06,2.22969e-05,4.6392e-05,0.493999,3.34238e-06,9.53813e-06,1.92286e-06,1.0062e-05,0.000154744,4.81652e-05,2.58169e-06,1.06907e-05,1.28362e-05,1.12293e-05,0.154211,0.570645,1.4843e-06,1.0,,,6.91959e-06,9.61902e-07,4.00498e-06,,,2.0217e-06,1.79143e-06,1.79348e-06,1.13646e-07,3.00809e-06,2.37638e-06,2.58446e-06,3.37319e-05,5.79688e-09,0.889227,7.4101e-05,2.34233e-06,3.69827e-07,7.83088e-06,7.86204e-06,2.83313e-05,2.74369e-07,,2.66348e-06,1.79709e-06,8.94418e-06,0.530568,2.42182e-06,2.78872e-05,5.83593e-07,5.69301e-06,6.38121e-07,9.95045e-10,6.59789e-06,0.00118233,1.25322e-05,5.87523e-06,3.30519e-08,8.32545e-06,9.52119e-08,2.25684e-06
Affx-289868232,1.16612e-05,8.52565e-08,8.22314e-06,7.5922e-07,2.6751e-06,9.55548e-07,1.68384e-06,2.36485e-07,8.74345e-06,1.45212e-05,6.59803e-06,2.36368e-06,4.09327e-07,3.0944e-06,1.96009e-05,5.67825e-07,1.89996e-05,5.59408e-06,3.16292e-05,3.99427e-06,1.39092e-05,0.000106307,1.27975e-05,6.19089e-06,2.2724e-07,4.31268e-06,9.68999e-06,1.51286e-06,1.85092e-06,2.93698e-05,9.76184e-06,6.09619e-07,3.65936e-06,6.48112e-06,8.61267e-06,3.1747e-08,8.8161e-06,5.55843e-06,6.19141e-06,2.61965e-06,1.52244e-05,1.51441e-05,9.11156e-08,2.50636e-06,3.29202e-06,1.01972e-06,1.24652e-06,1.22327e-08,1.32266e-06,,7.23295e-06,3.18332e-06,2.54614e-06,1.18598e-06,1.62314e-06,2.02762e-06,1.593e-06,,0.000122992,2.40865e-06,2.03857e-06,0.000116155,2.27762e-06,1.5188e-06,2.97898e-05,0.000114144,1.46163e-06,2.99851e-05,3.16386e-06,1.87035e-06,4.81555e-05,1.71771e-06,1.53419e-06,1.71334e-06,8.83624e-07,1.26877e-06,1.75088e-06,4.38141e-05,5.42716e-07,1.48118e-06,1.80319e-06,6.32774e-06,2.16514e-06,1.50752e-06,1.73329e-06,2.02724e-06,3.41218e-06,1.78708e-06,9.19838e-05,1.26471e-06,,7.10008e-06,1.42554e-06,8.19158e-05,5.84454e-05,2.00749e-06,1.99488e-06,1.70156e-06,1.24786e-06,1.44352e-06,7.18445e-06,2.17044e-06,1.57267e-06,1.87973e-06,2.52864e-07,1.80977e-06,1.46273e-06,5.59561e-06,7.95498e-06,6.56107e-06,1.16436e-06,1.9355e-06,3.03204e-06,0.000104167,6.47818e-05,1.77561e-06,9.68968e-05,1.66606e-06,2.28466e-06,1.80524e-06,2.42619e-08,3.85441e-06,2.49724e-07,1.47328e-05,1.80357e-08,2.27412e-06,1.65487e-06,1.26856e-06,7.34361e-06,2.48903e-06,5.4256e-06,1.80668e-06,1.81764e-07,5.44044e-07,4.83716e-06,1.61824e-06,,6.21557e-07,,1.0,1.29215e-06,4.96188e-07,7.03792e-06,2.71728e-06,1.45404e-06,8.2847e-05,1.36349e-06,0.000127291,1.24788e-06,4.65794e-06,2.04059e-06,8.93133e-06,1.71826e-06,1.5498e-05,3.00681e-06,,4.25099e-06,1.60662e-06,2.97307e-05,3.34353e-06,1.06532e-05,6.06825e-07,2.99497e-06,0.00032311,1.86278e-06,4.14428e-06,1.3743e-05,,1.66089e-06,7.78155e-07,1.12619e-05,1.45426e-07,2.09901e-06,4.41759e-08,3.32329e-05,3.36933e-08,7.53893e-05,3.50222e-05,2.25633e-08,2.97821e-05,1.19236e-05,1.66732e-05
Affx-291154062,3.63678e-06,3.90213e-05,5.02695e-05,4.5298e-05,1.96971e-05,2.97874e-05,1.22271e-05,1.12348e-06,3.2702e-05,2.15294e-06,6.25802e-06,4.02602e-05,7.52925e-05,5.41864e-06,4.09511e-07,2.41674e-06,1.18692e-05,1.35154e-05,1.80807e-05,3.66617e-06,1.18306e-05,2.17282e-05,2.59275e-06,1.81087e-07,1.49465e-08,4.76022e-05,4.56488e-07,2.12158e-05,5.41201e-06,7.73126e-08,7.90061e-06,1.20915e-05,4.38282e-08,1.03763e-06,9.93259e-07,1.06651e-07,2.49839e-05,1.68185e-05,2.54045e-07,6.90959e-06,1.46106e-07,1.36293e-05,1.03469e-07,1.81083e-06,2.57255e-06,2.52919e-05,9.68799e-07,1.13599e-05,1.07495e-06,,5.49479e-06,2.4741e-06,7.25887e-05,6.66005e-06,1.2615e-06,1.58998e-06,1.23809e-06,,9.49826e-07,1.87203e-06,1.58247e-06,0.000166015,1.75611e-06,0.000141051,1.71221e-06,0.00069657,1.13598e-06,9.31452e-07,2.45897e-06,1.41556e-06,1.92927e-06,0.000121769,1.19238e-06,1.33157e-06,6.86751e-07,9.82854e-07,1.36079e-06,6.63707e-05,8.04476e-07,1.13495e-06,1.40143e-06,7.79626e-06,1.70144e-06,1.17043e-06,1.34712e-06,1.59844e-06,4.92785e-05,1.38892e-06,1.24947e-06,9.82937e-07,,5.47554e-06,1.1079e-06,1.3662e-06,8.73336e-05,9.94519e-05,1.55046e-06,1.32251e-06,9.28471e-07,1.1219e-06,2.0499e-05,1.68684e-06,1.22222e-06,1.44026e-06,1.96527e-07,1.40661e-06,1.13681e-06,6.36733e-09,5.15852e-06,5.3915e-06,9.149e-07,1.49017e-06,2.35648e-06,1.14529e-06,1.56908e-06,1.36593e-06,1.15339e-06,1.29481e-06,1.77572e-06,1.40301e-06,6.29154e-07,5.82584e-06,5.47177e-06,4.41674e-06,1.40177e-08,8.57083e-05,6.24543e-07,9.82688e-07,5.22136e-06,1.93447e-06,4.14625e-06,1.40412e-06,4.61323e-07,1.86569e-05,8.31876e-05,1.24828e-06,,1.84774e-05,,1.29215e-06,1.0,2.93688e-06,8.73539e-06,2.13509e-06,1.10864e-06,0.00011958,1.07128e-06,9.54853e-07,9.56189e-07,5.49255e-07,1.6034e-06,4.87195e-06,1.33544e-06,9.50106e-06,7.64432e-08,,3.3039e-06,1.24869e-06,3.41924e-09,4.18052e-08,1.52861e-05,1.02863e-05,7.14836e-07,3.52411e-05,1.44773e-06,4.53381e-05,3.38217e-05,,1.29081e-06,1.09827e-05,1.7583e-06,3.25085e-07,3.23117e-05,9.50301e-06,5.27191e-07,6.4322e-07,3.36836e-05,3.63467e-06,7.63467e-06,1.3628e-05,1.11785e-05,2.25058e-05
rs146753854,0.000314836,2.47601e-05,0.000187599,0.000619002,0.000573796,0.000659155,0.00244427,7.12753e-05,4.07822e-05,0.000371324,0.000202997,0.000496743,0.000884112,8.07424e-05,0.000260038,0.00102395,0.00494614,0.000169915,0.00542954,0.00785033,0.000946412,0.000276557,0.00101789,0.00986268,0.00109186,0.000823588,0.00990965,0.000713681,0.00020472,0.00853721,0.00236174,0.000815493,0.135614,0.00105369,0.000667933,0.000803589,0.0400759,0.000401009,0.000478094,0.00316514,0.0145562,0.110844,0.0174259,2.68151e-05,5.33191e-06,0.00192917,1.34797e-05,7.21162e-05,1.79446e-06,2.20369e-06,4.67323e-05,2.02605e-05,1.78084e-07,0.0118175,4.39924e-06,4.08411e-06,1.2916e-05,3.59805e-05,3.3543e-06,1.00099e-05,6.90029e-07,8.76561e-05,5.68921e-05,1.0721e-05,0.00255561,6.19912e-07,9.17518e-06,0.00262019,3.00148e-06,2.91213e-06,9.28806e-06,4.51045e-05,1.12642e-05,6.33393e-06,2.0922e-05,1.66773e-05,7.17217e-06,2.77807e-05,0.0181395,4.38104e-05,9.01661e-11,0.00602573,7.02267e-06,2.98953e-06,9.89979e-07,2.82747e-05,5.09691e-05,8.02841e-06,0.000151224,1.34932e-07,4.3835e-05,2.43427e-05,5.70199e-07,3.411e-05,4.485e-05,8.07845e-05,4.28525e-06,5.95569e-06,4.31172e-05,1.42974e-06,0.000228021,1.70488e-05,9.40826e-06,2.53402e-06,9.43372e-06,5.1906e-08,1.87666e-07,0.000215182,5.05329e-05,3.79225e-05,1.91929e-05,4.40378e-07,4.42447e-06,1.42796e-06,1.61919e-07,1.55662e-06,1.12825e-05,5.27008e-07,3.74669e-06,1.35371e-06,0.0181231,0.00193642,0.147388,0.349619,1.81043e-05,3.78842e-05,0.0181087,2.63103e-07,0.000191259,8.46162e-06,9.24809e-05,8.41378e-06,0.0180543,0.000378268,1.54612e-08,2.49793e-07,8.70609e-06,0.000386512,6.91959e-06,4.96188e-07,2.93688e-06,1.0,0.000564017,7.28627e-05,8.81695e-06,4.70199e-05,7.55987e-07,3.42821e-05,3.8822e-06,0.0252944,3.0471e-07,3.94797e-05,2.03337e-05,0.483332,0.0253284,2.58324e-05,3.69002e-05,2.00562e-06,0.00253667,0.0111288,0.00132591,0.000901976,0.0252373,7.87866e-07,3.47227e-09,0.00109843,0.00127728,3.37252e-06,5.12524e-06,0.000892268,0.0571352,0.00243935,0.00435632,0.00454934,0.012197,0.000340796,0.0531138,0.0118651,0.00462378,0.0363942,0.00963211,0.000399977
rs117760836,0.000353168,0.000924634,3.35441e-05,0.00218935,0.000960328,0.000503584,0.000498289,1.06747e-05,2.02909e-05,0.000187776,0.000203106,0.00241584,0.00226505,0.0001722,0.000266201,0.000425615,4.04173e-05,8.03256e-06,0.00191376,0.000916967,0.000733926,0.000321918,0.00137,0.000579375,0.00100567,6.95944e-05,0.00113994,0.00785685,0.000217941,3.26258e-06,0.00103233,0.00102299,0.000563999,0.000424173,0.000747398,0.000544,0.00744299,0.000415324,0.000343966,0.00219912,0.0174921,0.00461795,0.0126647,9.59512e-07,1.59941e-06,0.00169386,2.20474e-06,0.000137698,8.89529e-06,2.99324e-06,1.99372e-05,4.15154e-07,7.528e-06,0.00878366,2.99593e-07,3.06807e-05,4.91993e-06,6.6963e-06,2.21572e-06,4.0516e-07,3.12212e-05,8.82387e-06,1.06612e-05,3.2179e-05,0.00200678,2.74659e-05,6.58827e-08,0.00204459,4.26449e-06,7.86561e-05,5.0347e-05,4.83585e-06,4.2189e-08,9.27651e-07,3.17287e-06,9.46605e-06,1.2654e-06,7.28346e-07,0.0129179,1.43245e-05,3.79885e-06,0.102925,6.20708e-06,5.868e-05,1.08585e-06,1.50616e-05,4.28067e-05,2.13122e-07,5.47064e-06,1.57814e-06,1.02657e-05,5.00577e-05,1.98424e-07,5.23744e-06,5.99622e-08,1.53622e-05,4.0592e-06,7.24902e-06,8.72134e-07,5.19628e-06,0.000289946,8.35381e-06,4.93622e-06,1.16061e-05,1.75569e-05,2.06641e-06,1.76975e-05,5.24812e-05,9.47843e-05,0.000104507,1.66403e-05,1.45964e-06,7.33484e-06,3.05951e-06,4.93435e-07,3.10687e-07,8.10058e-08,3.88179e-05,2.14193e-06,1.45247e-07,0.0129085,0.00119327,0.0044968,0.00206371,3.80551e-05,6.12338e-05,0.0129298,2.33517e-05,0.000118258,1.61025e-05,4.22466e-05,1.84078e-06,0.0129785,0.000124151,8.45733e-06,2.00204e-05,5.94027e-06,0.000164141,9.61902e-07,7.03792e-06,8.73539e-06,0.000564017,1.0,2.83713e-05,1.69483e-05,1.72848e-06,6.23126e-06,1.45602e-05,5.74051e-05,0.026352,6.5863e-06,5.24184e-05,4.22423e-05,0.00141409,0.0265,1.14206e-05,2.93819e-06,2.14819e-07,0.0019986,0.058469,0.00101171,0.000615512,0.026518,5.32701e-07,4.45634e-05,0.00100328,0.0010052,4.34592e-08,1.86242e-05,0.000622623,0.0507137,0.00550925,0.0031771,0.00319069,0.00623613,0.000140816,0.00193631,0.00636806,0.0033393,0.00191233,0.00178551,0.000520727
rs80359711,2.34802e-06,4.86812e-05,8.19841e-07,3.12835e-06,3.14727e-09,2.84556e-06,1.58793e-08,3.10229e-05,5.69292e-06,6.84095e-08,5.86435e-06,4.90428e-05,4.50117e-06,1.83364e-05,3.00855e-05,7.95793e-06,6.7075e-05,6.0392e-06,2.1308e-06,1.68069e-05,1.48646e-05,2.94496e-05,1.59358e-08,2.64033e-05,2.50924e-07,4.09439e-05,3.04208e-05,9.29982e-06,3.98885e-06,2.13024e-05,1.00976e-05,7.56475e-05,1.20582e-05,2.51724e-07,6.34526e-05,6.70549e-05,2.75321e-05,8.77169e-09,1.34252e-06,4.67175e-06,2.32051e-05,6.93455e-05,5.23416e-05,2.51384e-05,5.3414e-06,2.04119e-05,1.98964e-06,3.99373e-06,9.15117e-07,3.01908e-06,0.105302,0.0260538,4.13761e-06,1.11834e-05,2.60831e-06,0.0001804,2.54271e-06,2.66939e-06,1.96977e-06,0.0508305,3.38573e-06,0.00138783,3.65987e-06,5.43878e-05,2.39003e-05,2.25062e-06,2.34869e-06,3.58246e-05,5.16584e-06,4.00526e-05,4.07849e-06,2.85748e-06,2.44876e-06,2.83014e-06,5.02765e-06,2.07623e-06,2.89209e-06,0.0907012,5.69159e-05,2.40929e-06,6.45122e-06,8.15078e-05,3.39916e-06,2.44938e-06,2.78522e-06,3.4416e-05,5.50404e-06,2.89266e-06,3.48572e-06,0.0371491,3.65794e-06,1.15558e-05,2.2907e-06,2.73954e-06,0.0930712,3.33256e-06,3.15384e-06,2.79191e-06,2.07822e-06,2.3196e-06,2.19534e-07,3.4067e-06,4.95465e-05,3.02051e-06,2.58965e-06,2.98958e-06,5.88144e-05,5.64786e-05,8.7056e-07,5.82415e-07,1.89158e-06,3.17609e-06,4.7812e-06,2.33638e-06,3.16322e-05,2.8341e-06,0.000261659,4.64047e-05,0.000407257,0.0439702,7.6646e-05,1.07363e-06,3.32165e-05,6.31451e-06,2.67571e-06,3.65428e-06,7.1442e-05,6.32329e-05,1.08542e-05,2.34399e-05,8.7185e-06,2.90313e-06,7.37899e-05,3.88691e-05,1.22628e-05,4.33187e-06,2.61151e-06,3.84991e-05,4.00498e-06,2.71728e-06,2.13509e-06,7.28627e-05,2.83713e-05,1.0,7.58382e-05,2.54079e-06,2.24417e-06,1.97418e-06,1.9474e-06,9.96506e-06,3.315e-06,1.02188e-05,3.84218e-05,1.63082e-05,1.2359e-05,4.47081e-06,6.91849e-06,2.5571e-06,4.65193e-08,7.39303e-05,1.10547e-05,2.0519e-07,9.20416e-06,7.1157e-06,2.99351e-06,1.78126e-05,1.27597e-05,2.46707e-06,4.59922e-05,3.17006e-05,4.59121e-06,2.39639e-05,8.49853e-05,4.98011e-06,2.74981e-06,2.76596e-06,2.23494e-07,2.70893e-06,5.85354e-06,3.95816e-06,9.78534e-06,7.81188e-06
Affx-215007557,2.84297e-06,4.38888e-06,5.09736e-06,1.92931e-05,6.23701e-06,2.36903e-06,7.66517e-06,1.41423e-05,2.998e-06,6.07678e-05,1.26544e-05,2.4001e-05,1.00742e-05,1.9288e-06,1.20744e-06,4.13789e-05,2.42032e-05,7.79279e-06,8.30306e-05,7.24672e-05,2.74513e-07,4.5041e-05,3.455e-06,2.41651e-05,2.1601e-05,1.53825e-05,3.0624e-06,1.07851e-05,3.45129e-08,2.08517e-06,4.22227e-06,1.84679e-05,6.50549e-06,4.82452e-05,1.04825e-09,2.1627e-05,1.11931e-05,6.27897e-06,1.26481e-06,6.67396e-06,1.14023e-05,2.09876e-05,1.30183e-06,1.94347e-06,2.89343e-06,8.35935e-08,1.11407e-06,2.93014e-07,1.15929e-06,,1.43632e-05,4.56447e-05,2.22724e-06,8.65596e-07,1.4345e-06,8.76403e-05,1.40741e-06,,1.01995e-06,6.98028e-05,1.77048e-06,0.000238471,2.03551e-06,1.35743e-06,3.50714e-07,1.22044e-06,1.29015e-06,1.66633e-06,4.72399e-05,1.59206e-06,6.33356e-05,1.51899e-06,1.33801e-06,1.51511e-06,7.89712e-07,1.14636e-06,1.54866e-06,5.47335e-05,4.81198e-07,1.32376e-06,1.5954e-06,4.38688e-05,1.89192e-06,1.34584e-06,1.53294e-06,1.64276e-06,4.09822e-05,1.58088e-06,1.54664e-06,0.000151638,,1.08777e-05,1.27404e-06,1.52223e-06,1.1928e-06,1.7975e-06,9.47417e-05,1.50452e-06,1.09908e-06,1.27397e-06,6.6593e-07,1.92355e-06,1.40545e-06,1.66369e-06,2.25981e-07,0.000101291,1.3073e-06,1.05135e-05,5.8345e-06,6.10245e-06,1.03895e-06,1.69744e-06,2.62567e-06,1.2203e-06,1.79781e-06,1.55091e-06,0.000122045,1.47266e-06,2.042e-06,0.000104482,3.40171e-07,1.83564e-05,1.7347e-05,3.70719e-05,1.61184e-08,7.38671e-05,3.36709e-07,1.13188e-06,1.18124e-05,2.20835e-06,1.86103e-05,1.57853e-06,2.1063e-07,2.59249e-06,6.88389e-06,1.43015e-06,,2.76548e-06,,1.45404e-06,1.10864e-06,8.81695e-06,1.69483e-05,7.58382e-05,1.0,1.56553e-06,1.201e-06,1.09803e-06,1.08528e-06,4.64649e-06,1.82078e-06,5.52129e-06,1.5034e-06,2.59247e-05,7.1643e-06,,3.78303e-06,1.38221e-06,1.92966e-06,9.89032e-06,1.30584e-06,4.76393e-06,7.19776e-06,3.75227e-06,1.64868e-06,1.03551e-06,1.56862e-06,,1.45208e-06,5.23716e-06,8.82942e-06,2.629e-06,1.27836e-05,1.45909e-05,3.75422e-06,1.42713e-05,2.70728e-06,1.24313e-06,7.79393e-06,1.26688e-07,7.91276e-08,3.4491e-05
Affx-291672352,1.42211e-05,5.80416e-06,1.00075e-05,9.16084e-06,7.06669e-07,4.2257e-05,2.28285e-06,3.4159e-05,7.83518e-05,5.1716e-07,2.80559e-05,8.38034e-06,1.27128e-06,2.01697e-05,4.53957e-05,3.46008e-05,1.68888e-05,3.23636e-07,1.13334e-05,4.26311e-05,1.93735e-05,8.27099e-07,4.15242e-05,1.68109e-05,1.00742e-08,0.00010486,8.1304e-06,3.72525e-06,1.09544e-06,3.4965e-06,3.88717e-06,7.58044e-07,3.46237e-05,1.26933e-05,2.37344e-05,3.5049e-06,6.45765e-07,3.81556e-06,1.87778e-05,0.000104168,1.33598e-05,3.70326e-06,2.38074e-05,5.45878e-05,3.57914e-06,7.51247e-05,1.37809e-06,1.58497e-05,1.52973e-06,,6.7671e-06,3.51937e-06,2.86596e-06,1.13939e-05,1.79442e-06,2.1764e-06,9.08482e-05,,1.29758e-06,2.66282e-06,2.28219e-06,9.59792e-07,2.49244e-06,1.65911e-06,8.612e-05,0.000107639,1.61587e-06,7.3387e-05,3.40295e-06,2.03145e-06,2.747e-06,1.87897e-06,1.69606e-06,1.89414e-06,9.76866e-07,1.41803e-06,1.93566e-06,3.12687e-06,1.32838e-05,1.63747e-06,1.99346e-06,1.42195e-05,2.37247e-06,1.64804e-06,1.89684e-06,2.12202e-06,3.7723e-06,1.97552e-06,1.85526e-06,1.3982e-06,,7.68732e-06,1.57598e-06,1.88298e-06,0.000108903,2.22349e-06,2.16327e-06,1.84311e-06,1.37954e-06,1.59586e-06,2.39175e-05,0.000286027,9.08658e-05,2.07803e-06,2.79537e-07,1.98066e-06,1.61711e-06,1.95023e-05,7.25751e-06,7.58892e-06,1.30145e-06,2.11974e-06,3.35172e-06,1.52862e-06,2.18975e-06,1.94277e-06,1.68061e-06,1.82298e-06,2.50039e-06,1.97579e-06,1.42095e-05,2.52044e-05,1.13391e-05,2.85478e-05,1.99389e-08,2.49413e-06,1.42507e-05,1.38374e-06,7.03706e-06,2.7317e-06,5.89797e-06,1.99737e-06,1.52755e-05,5.45013e-06,8.47488e-06,1.78921e-06,,5.27107e-06,,8.2847e-05,0.00011958,4.70199e-05,1.72848e-06,2.54079e-06,1.56553e-06,1.0,1.50834e-06,1.35825e-06,1.35949e-06,1.82944e-06,2.28076e-06,6.82977e-06,1.85964e-06,1.72926e-06,8.89096e-07,,4.63237e-06,1.75844e-06,5.08483e-06,5.18452e-06,2.54876e-05,2.38082e-05,2.18413e-06,2.00148e-05,2.05943e-06,6.84025e-06,5.60987e-05,,1.81619e-06,2.30619e-05,1.24626e-05,2.70674e-06,2.26387e-06,3.05236e-06,2.71284e-06,6.9876e-06,2.38937e-10,5.91443e-07,9.30393e-07,1.15861e-05,4.93208e-06,2.35864e-10
Affx-139996859,5.3937e-06,6.87831e-06,4.48678e-06,1.24985e-05,8.626e-07,1.67012e-06,1.0967e-08,3.66582e-08,4.93675e-06,1.65978e-06,3.85145e-06,1.23973e-05,9.1368e-07,4.46477e-06,1.15607e-06,2.00768e-06,3.43719e-06,2.65957e-05,3.58855e-08,2.1908e-07,1.84345e-07,9.27306e-06,1.27589e-05,9.10335e-07,4.20813e-08,1.89104e-08,3.2982e-06,3.41321e-07,6.39228e-05,2.81799e-05,4.7306e-06,4.74791e-09,1.74213e-07,1.46998e-06,1.04357e-07,4.38133e-05,7.19253e-06,3.76134e-06,8.20871e-07,1.04678e-06,3.14867e-05,3.04932e-07,2.03341e-05,1.91321e-06,0.460149,1.99614e-06,1.01848e-06,1.18823e-05,1.07042e-06,1.52042e-06,5.86533e-06,2.601e-06,0.00349878,2.15558e-05,0.00052446,1.67155e-06,1.28681e-06,1.34254e-06,0.000159279,0.000341109,1.72546e-06,1.10269e-06,1.89048e-06,1.27066e-06,4.71219e-06,1.14448e-06,0.00058852,5.25881e-06,2.64442e-06,1.56147e-06,0.0906278,1.44796e-06,0.000558358,0.0005006,2.54167e-06,1.03446e-06,0.000489173,2.35759e-06,1.82032e-05,1.22509e-06,0.000183771,1.46839e-05,0.000412292,1.21461e-06,0.000495517,8.87785e-05,2.84722e-06,0.000478226,1.67991e-06,1.01994e-06,1.84533e-06,0.00012107,1.1648e-06,0.22536,1.88105e-06,8.62029e-05,0.00011234,0.000506389,1.04914e-06,0.000596532,2.33111e-05,1.78831e-06,1.29978e-06,0.000453386,1.30205e-06,0.000472852,1.19518e-06,4.78436e-08,1.27419e-05,1.14825e-05,9.6186e-07,1.59006e-06,0.0329595,0.179015,0.000391317,1.4656e-06,1.24067e-06,1.36123e-06,7.87819e-05,1.47478e-06,1.88786e-05,2.52917e-05,1.00862e-06,8.67821e-07,1.34571e-06,1.87293e-06,8.95803e-06,1.07804e-06,5.62337e-06,2.07808e-06,4.43323e-06,0.000466778,1.63515e-05,1.99311e-05,6.27762e-06,0.000305613,1.31311e-06,1.97272e-05,2.0217e-06,1.36349e-06,1.07128e-06,7.55987e-07,6.23126e-06,2.24417e-06,1.201e-06,1.50834e-06,1.0,1.00382e-06,1.00501e-06,2.58061e-05,1.68558e-06,1.46937e-05,1.43347e-06,4.11764e-06,2.46233e-05,2.25856e-06,3.1228e-05,1.31251e-06,3.77797e-05,3.97218e-05,2.62337e-06,2.05522e-06,2.46719e-05,0.122797,0.000451648,1.60695e-06,1.5811e-07,1.2397e-06,1.35709e-06,1.82716e-06,1.41751e-05,3.17093e-06,6.43144e-06,6.33278e-06,1.44462e-06,3.31634e-05,1.54515e-06,5.38807e-07,3.75672e-06,3.95075e-06,1.20485e-05,1.07111e-05
rs886040781,2.4271e-06,9.91042e-10,0.000189126,1.27539e-05,2.42821e-07,1.38533e-05,1.56988e-05,3.54393e-05,2.49629e-05,1.7868e-05,1.29865e-07,2.40513e-05,9.03284e-05,4.04897e-07,2.19077e-05,2.06144e-05,2.9696e-07,1.46435e-05,1.9759e-06,2.57558e-05,9.54082e-05,5.05792e-08,7.51378e-06,1.89805e-05,3.0079e-05,8.76238e-07,2.63884e-05,9.93683e-05,4.51497e-06,7.31185e-06,7.74877e-06,5.92381e-06,2.0709e-06,1.70931e-05,2.71583e-05,3.92193e-06,4.80033e-05,3.74806e-07,8.03519e-06,1.58694e-05,4.41956e-05,2.11735e-07,3.76983e-05,1.82763e-06,2.40518e-06,3.6696e-05,0.506417,1.24918e-06,9.93283e-07,1.35047e-06,5.17768e-06,2.25433e-06,1.83577e-06,1.312e-05,1.16671e-06,1.47045e-06,1.14498e-06,1.19402e-06,9.02832e-07,1.73113e-06,,9.82817e-07,1.65011e-06,0.000149371,2.56271e-05,1.02013e-06,1.05057e-06,2.39968e-05,5.75163e-05,,1.84907e-06,1.28674e-06,1.10273e-06,1.2657e-06,2.24885e-06,9.34941e-07,1.29343e-06,2.07411e-06,3.60802e-05,1.07768e-06,2.88561e-06,1.4356e-05,1.57256e-06,1.10863e-06,1.24583e-06,1.51569e-06,2.50461e-06,1.32018e-06,0.00108036,0.000183729,1.63628e-06,5.10595e-06,0.513418,1.2635e-06,1.65475e-06,1.49788e-06,1.43362e-06,1.25704e-06,9.3591e-07,1.03753e-06,2.30769e-05,1.56009e-06,1.14334e-06,1.35111e-06,1.1454e-06,1.33697e-06,1.05136e-06,1.30761e-05,4.82283e-06,5.0382e-06,0.533939,1.4302e-06,2.17923e-06,1.04357e-06,1.52775e-06,1.28927e-06,1.11878e-06,0.000131989,1.64213e-06,1.29733e-06,3.49091e-05,7.9262e-10,6.91443e-05,3.85588e-05,1.17921e-06,1.64756e-06,3.49079e-05,9.34838e-07,4.93366e-06,1.82802e-06,3.92586e-06,1.2986e-06,3.36195e-05,7.13562e-07,5.53528e-06,1.93748e-06,1.16816e-06,6.54416e-07,1.79143e-06,0.000127291,9.54853e-07,3.42821e-05,1.45602e-05,1.97418e-06,1.09803e-06,1.35825e-06,1.00382e-06,1.0,0.000186749,8.87284e-08,0.328168,1.9061e-05,1.27396e-06,2.49349e-05,1.60981e-07,1.99979e-06,3.10765e-06,1.15461e-06,9.85732e-06,2.98907e-05,1.90538e-05,7.23708e-06,1.57416e-07,3.18223e-06,1.33898e-06,7.64595e-06,2.45187e-06,1.10352e-06,1.19379e-06,6.85765e-06,0.000142549,1.19593e-06,1.69561e-05,2.01689e-06,5.00831e-06,3.48729e-06,3.18134e-05,4.98167e-06,3.68897e-06,1.3293e-05,3.06235e-05,5.94868e-06
Affx-149263245,8.44878e-06,6.89549e-06,5.27164e-05,3.07729e-05,6.89099e-06,2.24333e-05,9.35002e-07,4.89342e-05,4.76988e-05,2.9872e-06,7.08106e-06,5.38555e-06,8.33393e-05,8.809e-06,3.09278e-05,2.56227e-06,6.82357e-05,1.94432e-06,2.48467e-05,4.97083e-05,2.00534e-05,3.21493e-06,1.48955e-05,2.09134e-05,8.70937e-06,1.06451e-06,1.90896e-05,3.08164e-07,1.16591e-05,1.36223e-05,1.80606e-05,6.69186e-10,5.50211e-06,3.47494e-05,2.08692e-07,2.50901e-05,1.87654e-05,2.77813e-07,8.05192e-06,1.45923e-06,5.21241e-06,3.3571e-06,1.08351e-05,1.74886e-06,5.19698e-05,1.38823e-06,0.000183672,9.27706e-05,8.91903e-07,1.34552e-06,9.68954e-05,5.72325e-05,7.64986e-05,1.04943e-05,0.000136707,1.48059e-06,1.16316e-06,1.1998e-06,8.90243e-07,8.41194e-05,1.45852e-06,9.2767e-07,1.68957e-06,1.12228e-06,3.20466e-06,0.000163975,1.03877e-06,3.6404e-06,2.36312e-06,1.3213e-06,7.51127e-05,1.30719e-06,1.09101e-06,0.000127762,2.25813e-06,9.49779e-07,0.000124563,6.81023e-05,1.14464e-05,1.09475e-06,4.16104e-05,7.55486e-07,0.000109394,1.12623e-06,0.000126477,0.000106939,2.55764e-06,0.000121506,1.50467e-06,0.000183714,1.63582e-06,5.29138e-06,0.000157203,1.26493e-06,1.64352e-06,1.50849e-06,0.000111317,0.000129361,9.5079e-07,1.01067e-06,0.000122649,1.5749e-06,1.16155e-06,1.33965e-06,1.13365e-06,0.000119991,0.000673413,1.60367e-05,4.88621e-06,5.10501e-06,0.000196525,1.43186e-06,6.37338e-05,1.07597e-06,0.000104657,0.000120317,0.000144775,1.2297e-06,0.000956438,1.29888e-06,1.21503e-05,1.72792e-05,4.56921e-06,7.67188e-07,1.20253e-06,1.67375e-06,8.03722e-06,9.76108e-07,5.02544e-06,1.85708e-06,3.96176e-06,0.000120351,8.66146e-06,1.75662e-05,5.62331e-06,7.43685e-05,1.16033e-06,1.76567e-05,1.79348e-06,1.24788e-06,9.56189e-07,3.8822e-06,5.74051e-05,1.9474e-06,1.08528e-06,1.35949e-06,1.00501e-06,0.000186749,1.0,2.32573e-06,1.45838e-06,4.63031e-06,1.29421e-06,1.37316e-05,2.64787e-06,2.00515e-06,3.15706e-06,1.15593e-06,2.89835e-05,5.67267e-06,2.43678e-05,1.25986e-05,2.63721e-06,3.67142e-05,0.000116067,3.13704e-07,2.27671e-05,1.09466e-06,1.19957e-06,1.24494e-05,1.49131e-06,8.05138e-06,2.05524e-06,6.65824e-07,6.34415e-08,3.83879e-06,7.07161e-07,1.29789e-12,1.23929e-06,5.25951e-07,4.29307e-05,5.97715e-06
rs9534318,4.69753e-05,0.00289288,0.000954948,0.000337746,0.000858001,4.57361e-05,0.00142203,6.27351e-05,1.21506e-05,0.000610605,0.000147947,0.000226411,0.00107502,6.68766e-05,0.000322689,5.66465e-05,0.000426094,0.00340531,8.50917e-05,0.000254354,0.00277562,0.00052348,0.00257735,2.69305e-05,0.000514499,0.00228088,2.69294e-06,0.00386806,9.73375e-07,5.37955e-05,0.00246734,0.00291555,0.0045051,0.00133908,0.0010321,0.010341,0.0229471,0.0108938,0.00993121,0.0457815,0.0257512,0.000386034,0.43868,4.70622e-06,1.31754e-07,0.0710319,1.56758e-07,0.0038059,1.42719e-05,1.05765e-06,2.13519e-06,1.9416e-07,7.82574e-06,0.412651,4.03434e-05,4.10241e-05,0.000133547,1.42684e-05,2.80952e-06,3.868e-06,2.10121e-05,6.561e-09,0.00086483,2.4497e-06,0.0823538,1.29191e-05,1.82205e-05,0.0830744,0.00102847,4.64023e-05,1.56066e-06,1.60164e-05,1.55383e-05,1.4119e-05,4.11832e-07,1.41748e-06,1.72407e-05,1.41863e-05,0.481986,0.000753668,9.59632e-06,0.262436,1.92155e-05,1.53373e-06,6.73526e-06,8.53159e-07,0.00158725,2.07159e-05,4.00979e-06,4.25865e-05,2.11984e-06,0.00291043,4.16629e-06,3.16849e-06,2.04713e-06,3.50588e-05,2.44327e-05,1.47577e-05,5.98014e-06,6.25252e-07,0.00842213,6.75995e-06,2.42306e-05,1.33113e-05,7.40365e-07,1.16147e-05,1.73955e-06,0.00575935,0.00260574,0.00256357,2.23863e-08,5.33991e-05,6.66828e-06,4.93126e-06,1.19516e-05,3.14841e-05,4.30168e-07,1.3062e-06,1.45709e-05,3.52443e-06,0.480497,0.0471815,0.169113,0.0703695,4.49279e-06,0.000941454,0.483216,4.67252e-07,0.00336215,0.000778393,0.00165023,8.23963e-06,0.482196,0.0102529,2.286e-05,1.50656e-06,2.89638e-05,0.0106742,1.13646e-07,4.65794e-06,5.49255e-07,0.0252944,0.026352,9.96506e-06,4.64649e-06,1.82944e-06,2.58061e-05,8.87284e-08,2.32573e-06,1.0,2.32185e-06,0.00137177,0.000292702,0.0463551,0.996773,1.16132e-07,0.0017828,3.83307e-06,0.0914949,0.45775,0.0382831,0.0304252,0.995928,8.22849e-06,4.01979e-05,0.0407572,0.0360424,1.69828e-05,0.000674536,0.0301478,0.0644168,0.001168,0.00416789,0.00426046,0.002917,0.00519993,3.73556e-08,0.00387042,0.00565762,0.000492862,4.95834e-05,0.000718816
rs397507409,1.94499e-05,1.25672e-05,0.000324726,1.90498e-06,2.22914e-08,9.36571e-07,6.40555e-07,2.05644e-05,9.41926e-06,4.77766e-06,7.28497e-06,1.75671e-05,1.93607e-05,1.13634e-05,4.41242e-05,1.10457e-06,5.89052e-06,5.72672e-07,4.1039e-06,5.41679e-06,1.07526e-08,1.064e-07,1.51109e-05,6.86633e-06,1.25384e-05,7.98693e-06,1.36694e-05,1.59601e-05,3.68805e-08,1.51467e-05,3.03498e-05,4.38331e-06,1.54309e-07,9.65455e-07,1.75512e-05,5.87924e-06,1.19247e-05,6.8709e-07,9.12394e-06,2.53857e-08,1.21962e-05,1.39025e-07,1.40536e-07,3.06911e-06,4.00321e-06,1.9176e-05,0.319612,6.23696e-06,1.66804e-06,2.26766e-06,8.74618e-06,3.84182e-06,3.12845e-06,1.62327e-06,1.95909e-06,2.44723e-06,1.90572e-06,2.00495e-06,1.50273e-06,2.90694e-06,8.5827e-07,1.63589e-06,2.79266e-06,7.9441e-05,1.95013e-05,1.71306e-06,1.76408e-06,1.13482e-05,2.58949e-05,7.66585e-07,3.12663e-06,2.16064e-06,1.85166e-06,2.12536e-06,3.77618e-06,1.56996e-06,2.17193e-06,3.46077e-06,3.0021e-08,1.80959e-06,4.8454e-06,6.16314e-06,2.64074e-06,1.86158e-06,2.09195e-06,2.52252e-06,4.22748e-06,2.21684e-06,0.000260003,9.9463e-05,2.74758e-06,3.23079e-06,0.365212,2.12162e-06,2.77862e-06,2.47099e-06,2.40731e-06,2.11082e-06,1.54973e-06,1.72692e-06,1.41937e-05,2.61964e-06,1.9199e-06,2.26872e-06,1.92331e-06,2.24505e-06,1.7654e-06,2.9295e-06,4.05403e-06,8.45996e-06,0.258419,2.40154e-06,3.6594e-06,1.77846e-06,2.5427e-06,2.16489e-06,1.84555e-06,1.99306e-06,2.75741e-06,2.17851e-06,9.2707e-08,3.47542e-05,1.12514e-05,1.50507e-10,1.99202e-06,2.74221e-06,4.13474e-08,1.61339e-06,8.23348e-06,3.06945e-06,6.54832e-06,2.18056e-06,3.88925e-09,2.39576e-05,9.29466e-06,3.25345e-06,1.96153e-06,2.53926e-05,3.00809e-06,2.04059e-06,1.6034e-06,3.0471e-07,6.5863e-06,3.315e-06,1.82078e-06,2.28076e-06,1.68558e-06,0.328168,1.45838e-06,2.32185e-06,1.0,5.03943e-06,5.84869e-05,2.20404e-07,2.74189e-06,3.35797e-06,5.21825e-06,1.93879e-06,2.27603e-05,3.1346e-05,1.407e-07,5.67055e-06,2.72961e-06,5.29822e-06,2.24837e-06,4.10255e-05,1.65953e-06,1.85299e-06,1.98695e-06,5.52571e-06,1.21217e-05,1.30336e-05,4.20683e-06,5.78646e-06,5.3349e-07,1.86191e-07,5.9362e-06,1.16063e-08,5.77336e-06,4.22692e-06,1.23282e-06,9.68344e-06
Affx-80247652,1.58034e-05,3.05439e-05,1.02673e-08,0.000486408,0.00140459,4.98344e-05,0.000244993,0.0115715,0.00551755,4.80979e-08,0.0148489,0.000429661,0.00032066,0.0149474,3.13422e-08,0.000539471,0.000546972,3.503e-05,0.00221324,0.00171677,0.00012951,7.91107e-06,0.000153247,0.0015218,0.00056793,2.66983e-05,0.00121304,0.0296798,7.67627e-05,0.00161328,0.00850119,8.16653e-05,6.38352e-05,0.000645219,6.35099e-05,0.000102811,0.000545429,0.000123749,4.33358e-05,0.0168271,0.0023046,0.00051859,0.00151792,9.21706e-06,1.35759e-07,0.0247015,4.63769e-06,5.41248e-05,5.00952e-06,6.99415e-06,2.70458e-05,3.6887e-07,0.000107705,0.000508703,7.83058e-05,7.5461e-06,1.07865e-05,6.11333e-06,4.61991e-06,3.98357e-05,5.3216e-06,1.61304e-05,3.31704e-06,5.76943e-06,0.0211424,1.55267e-05,0.000244256,0.0209933,1.20411e-05,7.58362e-06,1.88831e-06,6.66052e-06,0.000225951,0.000196059,4.66048e-07,4.83966e-06,0.000190525,1.06442e-05,0.00154696,5.57836e-06,0.00011157,0.000480823,0.000150516,5.70578e-06,7.10312e-05,7.75614e-06,5.60064e-08,6.76554e-05,5.52661e-05,1.7885e-05,8.37848e-06,6.15825e-06,1.38395e-05,6.52154e-06,3.40107e-06,4.77994e-06,0.000527189,0.00020033,4.84455e-06,0.000245474,4.30131e-06,4.23419e-06,8.06696e-05,0.000171787,5.99621e-06,0.000186631,5.41098e-06,2.08349e-06,3.03875e-07,1.02094e-07,0.000125624,5.63773e-05,8.43124e-05,1.30959e-05,0.000146181,6.63543e-06,5.79096e-06,9.29435e-06,8.50019e-06,7.78314e-06,0.00153021,0.000205171,0.0100795,0.000235893,6.11019e-06,3.35515e-06,0.00153135,4.97355e-06,2.18366e-07,9.43525e-06,2.03213e-05,0.000181445,0.0015339,4.86642e-07,7.54418e-06,0.000101294,1.04315e-05,3.7264e-07,2.37638e-06,8.93133e-06,4.87195e-06,3.94797e-05,5.24184e-05,1.02188e-05,5.52129e-06,6.82977e-06,1.46937e-05,1.9061e-05,4.63031e-06,0.00137177,5.03943e-06,1.0,6.59419e-06,0.000223114,0.00138481,1.26194e-06,1.60861e-05,5.89177e-06,9.92445e-05,0.000715593,0.0429869,2.1023e-05,0.00140684,2.8506e-07,7.16672e-06,0.00015165,0.0413922,5.64487e-06,9.65687e-06,1.94863e-05,0.000630782,0.000293398,0.000329337,0.000334957,0.00389957,2.55744e-05,0.0114647,0.00373679,0.000359302,0.00854951,0.00101955,4.15997e-05
rs11571765,3.68035e-06,1.08802e-06,5.14962e-07,1.07552e-06,7.48306e-06,9.53753e-06,3.2377e-05,4.81739e-05,1.60451e-05,2.97847e-05,9.14645e-07,5.44483e-05,5.80148e-05,2.60479e-11,2.35317e-06,4.78898e-05,3.42806e-05,2.82933e-05,1.27783e-05,6.66571e-06,4.6769e-07,3.91465e-05,3.01052e-06,2.87735e-06,6.48485e-06,3.78166e-06,1.80158e-06,9.66467e-05,1.35477e-05,5.37967e-05,1.81925e-05,1.21574e-07,3.1965e-05,9.02638e-05,8.41401e-07,0.000124119,7.9878e-06,4.03071e-06,5.56815e-06,9.9241e-06,2.54076e-05,3.53307e-06,8.71757e-05,2.52914e-06,2.72077e-05,1.43021e-06,1.29257e-06,1.74863e-07,1.3891e-06,1.94824e-06,5.15007e-05,3.30086e-06,2.66062e-06,0.000161972,1.68319e-06,2.07816e-06,1.65185e-06,1.72259e-06,1.24941e-06,4.6994e-05,2.19594e-06,1.36011e-06,2.38052e-06,8.59948e-05,5.58335e-06,1.45232e-06,1.51564e-06,5.51417e-06,3.33717e-06,6.93191e-05,2.65015e-06,1.8563e-06,1.59089e-06,1.77019e-06,3.24437e-06,1.34886e-06,1.80897e-06,0.000194295,0.000454917,1.55474e-06,4.16301e-06,6.98377e-05,2.17623e-06,1.5994e-06,1.79734e-06,5.96433e-05,3.63212e-06,1.84638e-06,2.24559e-06,1.31143e-06,2.36063e-06,7.36115e-06,1.47818e-06,1.80426e-06,2.36289e-06,2.17984e-06,2.04719e-06,1.75807e-06,1.33646e-06,1.49687e-06,8.74256e-06,5.38281e-05,1.64952e-06,1.94921e-06,1.67119e-06,1.86981e-06,1.49803e-06,3.31101e-06,5.81397e-06,5.02775e-06,1.2207e-06,2.06332e-06,3.34005e-05,1.51246e-06,2.13644e-06,1.86e-06,1.61399e-06,1.72861e-06,2.35024e-06,1.85262e-06,0.000460367,0.00638496,2.12869e-05,2.34407e-05,7.78921e-05,2.37691e-06,0.000437238,0.000102557,7.15554e-06,2.63725e-06,5.64493e-06,1.87342e-06,0.000442323,5.39595e-06,7.98563e-06,2.79524e-06,1.68528e-06,5.40463e-06,2.58446e-06,1.71826e-06,1.33544e-06,2.03337e-05,4.22423e-05,3.84218e-05,1.5034e-06,1.85964e-06,1.43347e-06,1.27396e-06,1.29421e-06,0.000292702,5.84869e-05,6.59419e-06,1.0,6.60286e-06,0.00027861,2.85567e-06,4.46453e-06,1.64871e-06,1.81873e-05,0.000100018,7.50336e-06,2.39964e-05,0.000283033,1.8539e-05,1.91205e-06,8.64191e-06,6.82581e-06,1.59203e-06,1.72226e-06,4.1578e-05,0.000815464,9.32732e-05,1.57911e-06,3.68027e-06,4.18066e-05,5.88685e-07,9.52614e-05,3.12861e-05,2.9094e-06,2.4997e-07,3.13914e-05,3.49801e-08
rs4942485,0.000204157,0.000165674,6.00206e-05,0.000196219,3.50879e-05,0.000543384,0.00178659,0.00142576,0.000821839,0.000483559,7.26743e-05,0.000768506,0.000512696,9.80561e-05,0.000457032,0.000181022,0.00661881,0.00118369,0.00393551,0.00718251,0.00214554,0.000551355,0.00246556,0.00874536,0.00111983,0.000506112,0.00878189,0.000790287,9.82771e-05,0.00589737,0.00413873,0.00122627,0.0621862,0.00300718,0.00142748,0.000107004,0.0413707,0.00109807,0.000966302,0.00676674,0.0196451,0.195972,0.0341524,5.8224e-06,4.11417e-06,0.00437166,3.02091e-07,0.000275559,3.88276e-09,1.66548e-05,8.49075e-05,2.7263e-07,4.31426e-07,0.020814,1.23631e-05,7.44059e-08,4.60728e-06,7.08632e-05,5.0248e-06,1.33363e-05,5.34962e-05,4.45416e-05,7.15566e-05,9.99045e-06,0.00535684,2.50124e-07,1.38431e-05,0.00546508,1.66436e-05,1.84708e-06,1.4573e-05,6.82811e-06,2.88519e-05,1.6784e-05,3.99028e-05,7.6984e-09,3.05992e-05,1.96158e-05,0.035396,6.18062e-05,8.31037e-06,0.0117273,1.66095e-05,1.23935e-05,8.97073e-06,7.4915e-06,0.000128403,2.0564e-05,3.71615e-05,1.03577e-05,4.10677e-05,0.000152394,2.89594e-06,1.04013e-05,1.16557e-05,2.12632e-05,4.73803e-06,6.95682e-06,4.28501e-05,1.28806e-05,0.000657295,1.53933e-05,9.28247e-06,1.75958e-07,1.58788e-05,1.1614e-06,7.6798e-09,0.000368338,0.000107966,0.000101574,7.09321e-06,5.74883e-06,8.04548e-06,6.36423e-06,1.55305e-05,5.13715e-06,9.97663e-06,7.59322e-06,9.30133e-06,1.18111e-06,0.0351654,0.00353092,0.279135,0.677021,5.45309e-05,7.00885e-05,0.0351682,2.53667e-06,0.000285804,1.24102e-05,0.000173214,2.14998e-05,0.0350059,0.000661497,8.86851e-07,4.43295e-08,6.66979e-06,0.000660982,3.37319e-05,1.5498e-05,9.50106e-06,0.483332,0.00141409,1.63082e-05,2.59247e-05,1.72926e-06,4.11764e-06,2.49349e-05,1.37316e-05,0.0463551,2.20404e-07,0.000223114,6.60286e-06,1.0,0.0466211,5.79129e-05,5.10184e-05,5.68385e-07,0.00431992,0.0207308,0.0030695,0.00143817,0.0464467,6.86191e-07,6.91521e-06,0.00217005,0.00282295,4.35422e-06,5.69402e-05,0.00141776,0.118116,0.00575827,0.000789909,0.00085173,0.0230921,0.000515137,0.0592861,0.0223661,0.000942278,0.0520757,0.0220651,0.00871586
rs4942486,4.49478e-05,0.00281482,0.000952889,0.000326194,0.000797321,3.98742e-05,0.00143553,7.1112e-05,1.84627e-05,0.000623563,0.000162305,0.000245367,0.00105901,7.8606e-05,0.00032057,3.70244e-05,0.000408827,0.00334855,6.96686e-05,0.000285844,0.00280034,0.000549103,0.00259311,3.6678e-05,0.000449055,0.00169802,3.79106e-07,0.0037736,3.91333e-07,6.97305e-05,0.0025413,0.00293497,0.00451276,0.00122642,0.000996969,0.0104533,0.0227278,0.011023,0.00995014,0.0460052,0.0252474,0.000418362,0.437045,6.18241e-06,3.32297e-07,0.0712672,8.4514e-08,0.00382745,1.50677e-05,8.06663e-07,4.52076e-06,3.69746e-07,8.97549e-06,0.411076,4.17403e-05,4.56986e-05,0.000130409,1.76539e-05,2.4525e-06,4.44527e-06,2.22317e-05,7.52583e-10,0.000870341,2.81835e-06,0.0827606,1.30734e-05,1.91391e-05,0.0835001,0.00103603,5.18747e-05,1.20313e-06,1.69698e-05,1.64143e-05,1.50385e-05,7.68897e-07,1.16916e-06,1.82554e-05,1.64655e-05,0.480168,0.000770912,8.56207e-06,0.262044,2.0388e-05,2.7256e-06,7.36746e-06,6.19278e-07,0.0015682,2.18327e-05,4.32237e-06,4.38254e-05,1.62239e-06,0.00290251,4.62092e-06,2.73912e-06,1.09505e-06,3.57069e-05,2.0136e-05,1.62719e-05,8.90975e-06,8.14575e-07,0.00843012,7.46832e-06,3.04154e-05,1.42204e-05,4.76455e-07,1.24595e-05,2.04502e-06,0.0058439,0.0025684,0.00252636,2.27051e-09,5.51617e-05,7.23854e-06,4.42564e-06,9.58196e-06,2.99834e-05,3.08617e-10,1.59431e-06,1.34658e-05,4.00446e-06,0.481925,0.0474102,0.169978,0.0707876,1.95675e-06,0.00090578,0.481397,3.29637e-07,0.00336033,0.000784208,0.00162117,8.94613e-06,0.483599,0.0101886,2.29476e-05,1.89776e-06,2.75916e-05,0.0106085,5.79688e-09,3.00681e-06,7.64432e-08,0.0253284,0.0265,1.2359e-05,7.1643e-06,8.89096e-07,2.46233e-05,1.60981e-07,2.64787e-06,0.996773,2.74189e-06,0.00138481,0.00027861,0.0466211,1.0,3.27967e-07,0.00176066,3.36666e-06,0.0910952,0.460496,0.0384974,0.0302923,0.998514,9.39291e-06,4.27401e-05,0.0408875,0.0362663,1.59747e-05,0.000661638,0.0300342,0.064153,0.00117991,0.00437056,0.00447194,0.00303772,0.00521887,2.64009e-07,0.00399726,0.00588032,0.000479197,4.51875e-05,0.000732584
rs80359730,2.92143e-06,4.62678e-06,1.10897e-06,6.69762e-07,2.24271e-07,1.70324e-07,2.92698e-05,4.88068e-05,6.66439e-06,,2.84399e-05,2.4679e-05,1.88994e-05,2.91511e-05,1.26386e-05,5.06046e-06,2.74038e-08,9.02881e-06,1.75609e-05,3.72591e-06,9.54532e-06,3.11877e-05,3.4949e-05,9.00913e-06,1.26519e-05,8.35653e-06,1.99254e-07,6.661e-05,3.29287e-06,1.66661e-05,1.42547e-06,2.65692e-05,3.51052e-05,2.4148e-05,2.84482e-05,1.88069e-08,5.74135e-06,1.87453e-05,1.64312e-06,3.42437e-06,1.38476e-05,1.48405e-05,2.71743e-05,4.13904e-06,5.44703e-06,1.80076e-05,2.029e-06,1.42378e-05,2.23492e-06,0.759761,1.18233e-05,5.18151e-06,4.19203e-06,6.15834e-08,2.64218e-06,3.30837e-06,2.59305e-06,0.672762,,3.8951e-06,0.000177516,2.22579e-06,3.76639e-06,2.51491e-06,4.94059e-06,6.15381e-05,2.37918e-06,6.79044e-06,1.4e-05,3.07007e-06,4.21895e-06,0.00051605,2.49729e-06,,0.571217,2.11737e-06,,4.66681e-06,3.11583e-05,2.44055e-06,0.476459,1.98304e-07,3.56138e-06,5.14138e-05,2.82136e-06,3.43249e-06,1.1639e-05,,0.0236944,2.05861e-06,0.860514,1.17955e-05,2.32043e-06,2.84276e-06,3.74743e-06,3.18778e-05,3.24665e-06,,6.08714e-05,2.34971e-06,7.21189e-06,3.56254e-06,2.58932e-06,3.05977e-06,0.486498,,2.38095e-06,8.30623e-06,1.08506e-05,1.14097e-05,1.91614e-06,3.47811e-05,4.90332e-06,2.39855e-06,3.4371e-06,4.14255e-05,2.51714e-06,2.72357e-06,3.71884e-06,2.93807e-06,3.44892e-05,7.37102e-07,4.93709e-05,4.6421e-05,0.512637,3.73114e-06,3.09019e-05,2.14651e-06,1.12324e-05,0.000133761,3.91938e-05,2.94087e-06,3.25506e-05,1.56877e-07,1.25354e-05,0.153928,0.622837,6.98822e-06,0.889227,,,2.58324e-05,1.14206e-05,4.47081e-06,,,2.25856e-06,1.99979e-06,2.00515e-06,1.16132e-07,3.35797e-06,1.26194e-06,2.85567e-06,5.79129e-05,3.27967e-07,1.0,6.15128e-05,2.61478e-06,1.42195e-07,1.68292e-06,1.79586e-05,3.83427e-06,3.78762e-07,,3.03232e-06,3.21651e-06,1.24319e-05,0.497535,2.70351e-06,3.61158e-06,8.83884e-06,9.01208e-08,1.18829e-05,1.70285e-05,1.99575e-05,0.0011259,2.01005e-06,1.80941e-05,1.48795e-05,1.04429e-06,3.17383e-08,5.35897e-06
rs886040949,3.08734e-05,0.000105982,4.84685e-07,5.46495e-06,0.000250459,1.0534e-07,0.000123094,7.44632e-05,0.000207335,1.80126e-06,9.06051e-05,2.92519e-05,2.93289e-05,8.19022e-05,3.92169e-05,0.000687813,2.47813e-05,1.24976e-06,0.000430785,0.000654205,8.59472e-05,1.91248e-05,8.28727e-05,0.000807115,0.000500674,1.96079e-05,0.000780297,6.37303e-05,2.23938e-05,0.000580686,3.63675e-05,7.1122e-05,2.8235e-05,0.000246394,1.45297e-05,0.000162211,0.00294012,4.58955e-05,1.32855e-05,0.00017776,0.0010744,0.000286227,0.000753995,1.00737e-05,8.46438e-06,0.000193013,3.65795e-05,3.69764e-05,3.43719e-06,0.000112525,1.01147e-06,8.05179e-06,6.51074e-06,0.00379215,4.1058e-06,1.46308e-05,0.000139586,0.000133491,3.12391e-06,6.09209e-06,5.20632e-06,3.37179e-06,5.85293e-06,3.91723e-06,0.000229802,3.49982e-06,3.69721e-06,0.000252328,8.18643e-06,4.69173e-06,8.13677e-06,4.50919e-06,3.88076e-06,4.39815e-06,5.06074e-05,3.24462e-06,4.49452e-06,7.20615e-06,0.00078634,2.74835e-05,3.08081e-05,0.000211483,5.3951e-06,3.88506e-06,4.36596e-06,1.54762e-05,8.86006e-06,4.58745e-06,5.25462e-06,3.19897e-06,8.48273e-05,5.08334e-06,3.59079e-06,4.44655e-06,1.14322e-05,5.31745e-06,5.02412e-06,4.36793e-06,3.2935e-06,3.65142e-06,3.44959e-06,1.25469e-05,2.40597e-05,4.75485e-06,2.47317e-05,4.62581e-06,3.69997e-06,2.23935e-05,6.74942e-06,5.56996e-06,4.01304e-05,5.03307e-06,7.63747e-06,3.71169e-06,5.2635e-06,4.51818e-06,3.9207e-06,4.24224e-06,5.77905e-06,4.5466e-06,0.000776508,6.19167e-05,0.000371439,9.91479e-05,0.000133437,1.11987e-05,0.000776881,3.38139e-06,7.14456e-07,6.43321e-06,1.377e-05,4.55089e-06,0.000773406,1.08381e-06,1.94799e-05,6.68702e-06,0.000137545,4.04884e-07,7.4101e-05,4.25099e-06,3.3039e-06,3.69002e-05,2.93819e-06,6.91849e-06,3.78303e-06,4.63237e-06,3.1228e-05,3.10765e-06,3.15706e-06,0.0017828,5.21825e-06,1.60861e-05,4.46453e-06,5.10184e-05,0.00176066,6.15128e-05,1.0,0.000149263,0.0184131,0.00380404,0.000162482,8.93064e-05,0.00176316,1.09642e-05,4.7122e-06,0.000129769,0.000102548,2.63512e-05,4.2011e-06,8.7324e-05,0.000591346,0.000164641,0.000469602,0.000490892,0.000721472,4.34612e-05,0.000141542,0.000729513,0.000523208,0.000192111,0.000780458,1.16364e-07
rs276174916,1.08861e-06,4.21155e-07,7.03627e-06,3.23189e-07,8.31014e-08,1.61427e-05,6.96669e-07,4.92147e-06,5.00324e-08,5.01255e-06,2.22855e-05,2.70803e-10,7.91499e-08,3.45215e-05,1.55776e-05,1.64115e-07,3.64684e-09,1.1368e-06,6.03733e-07,1.90494e-06,1.87524e-05,5.79816e-05,1.58167e-05,5.30896e-06,6.68793e-06,6.18813e-07,1.19319e-05,2.54317e-05,3.18983e-07,4.19541e-06,6.60094e-11,2.87701e-06,2.06599e-06,6.05082e-06,5.91896e-06,8.09146e-06,7.78453e-05,2.5915e-05,9.30504e-06,7.05191e-08,1.43661e-05,8.36809e-07,2.94978e-06,2.39031e-06,3.14494e-06,4.49033e-06,1.17148e-06,5.22228e-09,1.26957e-06,1.74559e-06,7.93196e-06,2.99164e-06,2.43623e-06,8.5274e-07,1.52545e-06,1.92261e-06,1.46304e-06,1.56121e-06,1.16942e-06,2.26365e-06,2.01127e-06,1.28521e-06,6.47669e-05,1.42751e-06,4.24292e-06,1.33415e-06,1.37365e-06,4.80759e-06,3.04158e-06,1.79631e-06,2.45186e-06,1.68245e-06,1.44184e-06,1.65516e-06,2.94044e-06,1.22249e-06,1.67219e-06,2.71204e-06,1.18335e-06,1.39209e-06,3.77303e-06,5.43337e-06,2.05656e-06,1.4496e-06,1.62895e-06,1.96324e-06,3.27483e-06,1.7264e-06,2.05675e-06,1.18857e-06,2.13948e-06,7.68336e-06,1.33973e-06,1.63503e-06,2.14329e-06,1.9755e-06,1.85693e-06,1.64386e-06,1.22373e-06,1.35663e-06,1.09397e-07,2.0569e-06,1.47798e-06,1.76661e-06,1.51465e-06,1.74839e-06,1.37468e-06,7.11407e-06,6.30574e-06,6.47887e-06,1.10636e-06,1.87004e-06,2.76782e-06,1.36913e-06,1.97876e-06,1.64969e-06,1.41287e-06,1.58281e-06,2.14711e-06,1.68044e-06,1.44704e-06,1.21407e-06,1.40867e-05,9.10794e-06,1.5649e-06,2.0886e-06,2.32923e-07,1.25631e-06,9.72208e-06,2.3562e-06,5.09906e-06,1.69791e-06,1.77074e-06,1.23274e-06,7.23752e-06,2.53334e-06,1.5274e-06,1.34844e-06,2.34233e-06,1.60662e-06,1.24869e-06,2.00562e-06,2.14819e-07,2.5571e-06,1.38221e-06,1.75844e-06,1.31251e-06,1.15461e-06,1.15593e-06,3.83307e-06,1.93879e-06,5.89177e-06,1.64871e-06,5.68385e-07,3.36666e-06,2.61478e-06,0.000149263,1.0,8.87621e-06,7.2632e-06,7.07763e-06,1.67969e-07,5.59653e-06,4.09657e-06,1.75077e-06,3.10755e-08,1.61683e-05,1.44288e-06,1.5609e-06,1.62466e-07,1.03153e-05,1.91306e-05,7.5524e-05,7.50812e-05,6.60609e-05,6.53115e-08,5.88007e-07,6.87752e-05,8.37599e-05,6.18034e-07,3.18662e-05,1.46691e-05
rs75257853,2.38216e-06,0.000236812,0.00278516,6.70018e-05,0.000654712,0.000345956,0.000616471,0.000998879,0.00118663,0.000223734,0.00242912,0.000156369,0.000746148,0.00308427,0.000492601,0.000611091,0.00362012,0.00567976,0.00119442,0.000157241,0.0020823,6.94622e-06,0.00131913,0.000887093,0.000475675,0.000770159,0.00015563,0.0164704,0.00534003,0.000947387,0.00968639,1.64327e-05,0.00109332,0.00768791,0.000919217,0.0038234,0.0256847,0.001435,0.000825345,0.000597178,0.0615419,0.00698397,0.0323132,3.28376e-05,2.63505e-05,0.00616619,4.17834e-06,0.000384267,4.06074e-05,3.08612e-07,1.97251e-06,2.63286e-05,2.574e-05,0.199808,6.77499e-05,2.52818e-05,5.3897e-05,2.11958e-08,6.08579e-05,3.48428e-05,1.6827e-05,2.61377e-06,5.15635e-05,6.08956e-05,0.00770728,1.81536e-07,3.71775e-05,0.00775678,8.59661e-05,8.1499e-07,6.02652e-06,8.65419e-06,5.91306e-05,6.01894e-05,8.90486e-07,5.4289e-05,8.14112e-05,6.92626e-07,0.0404875,2.7144e-05,3.90838e-05,0.0166942,3.6509e-05,1.54361e-06,4.56358e-05,1.41373e-06,0.00010915,3.72408e-05,6.21219e-05,2.19488e-06,5.80618e-06,0.000162827,5.65926e-06,6.03646e-05,4.72034e-06,2.50148e-05,3.82876e-05,5.38896e-06,1.56863e-05,2.3274e-05,0.000727145,3.22529e-05,1.31856e-05,1.28402e-05,2.48254e-06,5.26391e-05,1.45504e-05,0.00071761,0.000308673,0.000339017,7.23035e-06,4.93968e-06,3.3458e-05,1.32743e-07,9.38734e-05,2.47193e-08,2.08149e-09,4.56933e-06,1.80016e-05,1.59548e-05,0.0404122,0.00426419,0.015703,0.00646293,8.9522e-07,0.0106079,0.0407795,1.00415e-05,0.000221577,8.63513e-05,0.000190401,5.17368e-05,0.0404519,0.000502076,6.84145e-07,3.24095e-05,2.98265e-06,0.00053579,3.69827e-07,2.97307e-05,3.41924e-09,0.00253667,0.0019986,4.65193e-08,1.92966e-06,5.08483e-06,3.77797e-05,9.85732e-06,2.89835e-05,0.0914949,2.27603e-05,9.92445e-05,1.81873e-05,0.00431992,0.0910952,1.42195e-07,0.0184131,8.87621e-06,1.0,0.196532,0.00337315,0.00203278,0.0909121,6.55753e-06,5.64921e-05,0.0040558,0.00328552,1.88454e-05,5.4298e-05,0.00199712,0.0289895,0.00225731,0.00528463,0.00530097,0.000339511,0.000716979,0.0117889,0.00222191,0.00141188,0.00695742,8.57391e-05,0.000293721
rs206147,3.21841e-05,0.000708694,0.000409618,0.00110318,0.000337108,0.0016159,0.00201761,1.92139e-05,0.00192367,0.00130881,0.00015012,0.000650223,0.00114202,0.000111651,0.000207166,0.000899946,0.00476766,0.00113865,1.13583e-05,0.00154326,0.0059412,0.00233261,0.005607,0.00153249,0.00175877,0.00035743,0.00132038,0.00427658,0.000176089,0.000118731,0.000974143,0.00462816,0.000966495,0.00374647,0.00387228,0.00959007,0.00553415,0.00681134,0.00510024,0.0127534,0.0176331,0.00218045,0.204966,7.44876e-06,1.31931e-05,0.0317622,1.36101e-05,0.0015947,5.31115e-05,6.48534e-06,1.14941e-05,2.5894e-05,2.05742e-05,0.00360693,1.80243e-05,3.3309e-05,2.69007e-05,1.88085e-05,2.04111e-05,9.80286e-06,6.64151e-05,3.31369e-10,0.000368747,4.12927e-05,0.0374807,7.78273e-06,2.01892e-05,0.0379023,0.000423677,5.15876e-05,3.88468e-07,1.63381e-05,1.05263e-05,2.12819e-05,7.74912e-06,3.99335e-06,4.14384e-05,2.66682e-07,0.221376,8.1553e-05,1.24319e-05,0.569211,2.06661e-05,9.95451e-06,2.41259e-05,1.83532e-06,0.00333684,2.16352e-05,2.95237e-06,1.5587e-06,1.35062e-06,0.00679721,3.32866e-06,2.45797e-05,2.63878e-05,7.94589e-05,1.74434e-05,7.74717e-10,2.24383e-05,4.74519e-06,0.00381911,4.61191e-06,6.39171e-05,4.30136e-06,1.14862e-06,1.90528e-05,6.38009e-06,0.00280135,0.0010676,0.0011657,1.35058e-05,9.02597e-05,3.26316e-06,5.71001e-07,9.72535e-06,1.80453e-05,7.59149e-07,2.70306e-05,2.10978e-06,2.16401e-05,0.222762,0.0220379,0.0767392,0.0317108,1.21305e-09,0.00224732,0.221094,1.18895e-05,0.00111844,0.000262148,0.000645157,3.9556e-06,0.223264,0.00341026,4.16343e-08,5.78847e-06,1.80053e-06,0.00359328,7.83088e-06,3.34353e-06,4.18052e-08,0.0111288,0.058469,7.39303e-05,9.89032e-06,5.18452e-06,3.97218e-05,2.98907e-05,5.67267e-06,0.45775,3.1346e-05,0.000715593,0.000100018,0.0207308,0.460496,1.68292e-06,0.00380404,7.2632e-06,0.196532,1.0,0.017388,0.0645554,0.459973,2.66056e-06,2.75777e-05,0.0190475,0.0164211,3.6095e-07,0.000181528,0.0639683,0.0721212,0.000462318,0.0157446,0.0157587,0.00248303,0.00179187,0.00556623,0.00138282,0.0119731,0.00979682,0.00161008,0.00158859
rs11571810,0.000152361,0.000101104,2.05896e-05,0.00271862,1.84007e-05,0.0208463,0.00172609,5.91429e-05,0.00016557,0.000397437,0.000352605,0.00218003,0.00221035,0.000346657,0.000105156,0.00373681,0.00103217,0.000215606,0.00839337,0.00743415,0.000117837,0.000843009,0.000190799,0.0048167,0.00474905,0.000119051,6.57629e-05,3.67176e-05,0.00019673,0.000432372,0.000150768,0.00129772,0.000197921,0.00380524,0.000437688,0.00207254,0.00502238,0.000946653,0.000781181,0.134944,0.0399453,0.00428437,0.0267136,1.94077e-05,2.05046e-05,0.253817,1.42956e-07,0.000261022,1.2814e-05,4.37808e-06,3.69982e-05,2.20628e-05,3.16822e-06,0.0169155,4.62863e-09,2.03e-05,1.66841e-06,1.82595e-07,3.47633e-06,4.56933e-06,5.45919e-05,1.09291e-06,4.30013e-07,3.31092e-05,0.45917,3.2061e-06,1.5529e-05,0.459688,0.000132871,1.16241e-09,1.81061e-05,6.70915e-06,1.09072e-05,4.08825e-07,5.97913e-06,7.33965e-07,1.86855e-05,3.55144e-05,0.0279013,3.91938e-05,2.69349e-05,0.00990313,2.36664e-07,1.09753e-05,2.75601e-07,2.34627e-08,7.52453e-05,7.63649e-06,6.47913e-05,1.61645e-05,1.73566e-05,0.000117092,1.63972e-05,5.23965e-06,3.27024e-06,6.03988e-05,6.02703e-05,4.49025e-06,1.88646e-07,1.63994e-05,0.000707645,1.4175e-06,8.31096e-06,7.22252e-07,1.99745e-06,5.45409e-09,1.06641e-05,0.000334216,0.000103499,6.98304e-05,2.37883e-05,1.3459e-05,9.24506e-06,1.08014e-05,3.54899e-06,0.000102487,1.91385e-05,2.20721e-05,2.49647e-06,1.48323e-06,0.0278,0.00317073,0.223555,0.00457562,1.33339e-05,2.53963e-05,0.0278105,1.14219e-05,0.000113514,3.66562e-05,0.00014265,3.36275e-09,0.0275796,0.000406521,2.55611e-06,3.50364e-06,1.5623e-05,0.000407755,7.86204e-06,1.06532e-05,1.52861e-05,0.00132591,0.00101171,1.10547e-05,1.30584e-06,2.54876e-05,2.62337e-06,1.90538e-05,2.43678e-05,0.0382831,1.407e-07,0.0429869,7.50336e-06,0.0030695,0.0384974,1.79586e-05,0.000162482,7.07763e-06,0.00337315,0.017388,1.0,0.0012852,0.0385222,1.36572e-06,6.08167e-06,0.00205238,0.940995,3.00992e-07,3.24428e-05,0.00125637,0.0191989,0.0338295,0.00569462,0.00589657,0.0024118,0.000171798,0.000394105,0.00215934,0.00534222,0.000419331,0.0153298,0.000337414
rs11147493,0.00222148,4.58632e-05,4.77225e-07,0.00122163,0.000166415,7.36341e-06,0.00012047,0.00112649,0.00196141,8.03186e-05,0.00124947,0.000396842,0.00352157,0.00109086,2.80149e-06,0.00138703,4.99773e-05,0.000781497,0.00185159,0.000864035,0.000745954,0.000411425,0.000718513,0.000793456,0.00147842,0.00298131,0.000617963,0.000919313,1.44721e-05,0.0013557,6.1739e-07,0.00204257,0.000641131,0.00229037,0.000368151,0.00183707,0.0343358,0.000257306,0.000450583,0.00194483,0.0172882,0.00461709,0.0144127,5.30973e-06,6.63828e-06,0.0020832,4.97508e-07,1.02043e-05,2.65883e-05,1.16851e-05,2.85025e-06,3.86427e-07,1.75987e-06,0.00855876,4.24582e-07,1.66391e-05,1.71646e-05,9.40789e-07,2.06416e-06,4.3062e-06,5.35344e-05,8.1991e-05,2.35686e-05,9.20758e-08,0.00249228,1.10235e-05,1.34302e-05,0.00258588,1.13946e-05,3.54964e-06,2.16357e-06,4.27869e-06,4.32088e-06,1.15971e-06,9.30186e-06,2.57261e-05,2.70163e-07,3.68318e-05,0.0149855,1.44784e-05,2.9873e-05,0.112781,9.58552e-07,2.73759e-06,3.70281e-07,8.21002e-05,1.8334e-07,1.93943e-06,5.76338e-06,2.33689e-05,1.03322e-05,1.2566e-06,1.13329e-07,1.49365e-06,2.8972e-06,3.66954e-07,4.54022e-06,1.00085e-06,4.51677e-05,2.80134e-06,0.000294099,1.99396e-05,4.98569e-06,2.617e-05,3.62962e-05,2.15173e-06,3.11249e-06,0.000206334,0.000131972,0.000142736,5.99779e-06,4.74698e-06,1.64041e-05,3.10993e-06,1.6818e-05,1.67554e-06,3.42828e-05,7.773e-07,3.93558e-05,1.43428e-05,0.0148141,0.00115682,0.00529443,0.00219818,6.77802e-06,3.08304e-06,0.0148764,1.34949e-06,0.00010112,4.86484e-05,0.00018083,7.4718e-08,0.0148116,0.000283793,8.35467e-06,5.64067e-08,1.81525e-05,0.000309418,2.83313e-05,6.06825e-07,1.02863e-05,0.000901976,0.000615512,2.0519e-07,4.76393e-06,2.38082e-05,2.05522e-06,7.23708e-06,1.25986e-05,0.0304252,5.67055e-06,2.1023e-05,2.39964e-05,0.00143817,0.0302923,3.83427e-06,8.93064e-05,1.67969e-07,0.00203278,0.0645554,0.0012852,1.0,0.0302643,2.55096e-05,3.24352e-06,0.00148069,0.00127824,1.54818e-05,3.74906e-05,0.99645,0.00932112,0.00181811,0.000998843,0.00105133,0.00281948,0.000379978,0.00134514,0.00294384,0.00111405,0.000363131,0.00662493,0.00182356
rs7330025,4.21243e-05,0.00282221,0.00091415,0.000319262,0.000790866,4.14135e-05,0.00143358,7.45581e-05,1.9341e-05,0.000613524,0.000167343,0.00025873,0.00105552,8.12427e-05,0.000338063,2.96861e-05,0.000410324,0.00338332,6.08669e-05,0.000304007,0.00280711,0.000544528,0.00261263,4.16113e-05,0.000422994,0.00169655,9.86693e-08,0.00374722,7.08181e-07,7.09319e-05,0.00251742,0.00294556,0.00444845,0.00121181,0.000962966,0.0104404,0.022705,0.0110764,0.00988129,0.0458817,0.0252443,0.000424759,0.436756,6.21555e-06,5.08107e-08,0.0711995,8.6677e-08,0.0038475,1.5049e-05,8.1559e-07,4.47239e-06,4.0857e-08,6.49229e-06,0.411557,4.17302e-05,4.58072e-05,0.000130635,1.77065e-05,2.46453e-06,4.43153e-06,1.77122e-05,5.10785e-10,0.000870952,2.80582e-06,0.0826578,1.30668e-05,1.91252e-05,0.0834058,0.00101941,4.45836e-05,2.27174e-06,1.69459e-05,1.63993e-05,1.50145e-05,1.96784e-07,1.17777e-06,1.82365e-05,2.0413e-05,0.479562,0.000739963,1.09992e-05,0.261951,2.03377e-05,1.26738e-06,7.34836e-06,5.9241e-08,0.00157028,2.18137e-05,2.48981e-06,5.42432e-05,1.7387e-06,0.00288238,4.60939e-06,1.15686e-06,1.19183e-06,3.56867e-05,2.01153e-05,1.56752e-05,8.93515e-06,8.08544e-07,0.00842582,7.45034e-06,3.04026e-05,1.4202e-05,5.54274e-07,1.24343e-05,2.03616e-06,0.00584789,0.00259955,0.00255687,2.67981e-09,5.5152e-05,7.22738e-06,2.03515e-06,9.5596e-06,3.00684e-05,4.63833e-10,1.58571e-06,1.3515e-05,2.14364e-06,0.482127,0.0474386,0.169629,0.0705847,4.00166e-06,0.000930984,0.481424,3.34214e-07,0.00338431,0.000784732,0.00166378,8.92982e-06,0.483835,0.0102869,2.30558e-05,1.88308e-06,2.76722e-05,0.0107083,2.74369e-07,2.99497e-06,7.14836e-07,0.0252373,0.026518,9.20416e-06,7.19776e-06,2.18413e-06,2.46719e-05,1.57416e-07,2.63721e-06,0.995928,2.72961e-06,0.00140684,0.000283033,0.0464467,0.998514,3.78762e-07,0.00176316,5.59653e-06,0.0909121,0.459973,0.0385222,0.0302643,1.0,1.21404e-05,4.16707e-05,0.0409504,0.0362745,1.60296e-05,0.00066253,0.029988,0.0644055,0.00116941,0.00439567,0.00449132,0.00311636,0.00527346,1.0328e-07,0.00410029,0.00592221,0.000514493,5.1125e-05,0.000726104
Affx-291673167,2.57039e-07,5.85928e-06,5.16525e-06,1.43646e-07,4.44831e-06,2.29722e-05,4.74946e-07,0.000109144,1.09568e-06,1.65547e-05,9.77148e-07,5.65319e-06,9.16941e-07,1.72387e-06,4.14899e-07,1.70005e-07,5.75797e-07,3.90744e-05,1.1507e-05,8.36054e-08,3.78575e-05,1.33126e-05,4.7844e-05,4.865e-07,2.05695e-05,1.36978e-06,4.25519e-07,4.25435e-05,3.46718e-05,6.31272e-06,1.16171e-06,1.75979e-05,2.80748e-10,6.95334e-05,5.80706e-08,2.64066e-05,2.00139e-06,3.38654e-07,1.03527e-05,3.12878e-08,4.92911e-07,6.05169e-08,7.66835e-07,8.28752e-05,0.583099,1.10034e-05,3.21504e-06,3.74886e-05,3.53621e-06,,1.87294e-05,8.19841e-06,0.00363687,6.04773e-07,4.15743e-06,1.46213e-05,2.4098e-05,,3.61748e-05,6.19187e-06,5.25492e-06,3.5322e-05,5.92119e-06,3.93397e-06,7.79774e-06,3.58302e-06,3.72313e-06,6.45577e-06,8.19495e-06,4.91072e-06,0.0678446,4.44919e-06,3.92701e-06,4.39106e-06,2.28873e-06,3.32239e-06,4.48826e-06,6.32499e-06,2.97957e-06,3.78969e-06,4.62378e-06,3.72203e-06,5.50189e-06,0.000149327,4.4427e-06,5.27469e-06,8.83812e-06,4.56237e-06,4.1867e-06,3.22898e-06,,1.30213e-05,3.69238e-06,0.239716,5.964e-06,0.000101505,0.00760561,4.34185e-06,3.48911e-05,3.69217e-06,3.37121e-06,1.27707e-05,4.0265e-06,4.82183e-06,6.46644e-07,4.64044e-06,3.78873e-06,6.08835e-05,5.22543e-07,8.51048e-07,3.03616e-06,5.01317e-06,0.0423836,0.26281,5.43673e-06,4.57972e-06,3.92073e-06,4.29715e-06,5.84568e-06,4.65622e-06,2.75441e-06,2.91167e-06,7.25845e-08,4.69771e-06,4.67141e-08,5.89035e-06,2.28736e-05,3.27964e-06,5.92715e-07,6.44698e-06,1.39162e-05,4.63275e-06,4.52756e-06,3.71405e-05,1.63607e-06,4.12691e-06,,3.65753e-05,,0.00032311,3.52411e-05,7.87866e-07,5.32701e-07,7.1157e-06,3.75227e-06,2.00148e-05,0.122797,3.18223e-06,3.67142e-05,8.22849e-06,5.29822e-06,2.8506e-07,1.8539e-05,6.86191e-07,9.39291e-06,,1.09642e-05,4.09657e-06,6.55753e-06,2.66056e-06,1.36572e-06,2.55096e-05,1.21404e-05,1.0,4.78423e-06,1.84762e-05,6.96596e-07,,2.22196e-05,3.65305e-05,3.51692e-06,4.17259e-06,4.80194e-06,5.48158e-06,7.35048e-06,8.75741e-08,5.21408e-05,6.42492e-06,8.9786e-06,2.61058e-05,2.91574e-06,3.96452e-08
rs886040832,4.33379e-06,1.71399e-06,3.28037e-05,9.74981e-06,5.83649e-05,1.30332e-05,3.60951e-05,1.40219e-05,1.84166e-05,7.59806e-07,3.41539e-06,6.84781e-07,5.13763e-05,4.7155e-06,6.73274e-06,4.53906e-05,3.35496e-05,1.02244e-05,1.14759e-06,1.04937e-06,2.55875e-06,2.69701e-07,2.07113e-07,8.50842e-06,2.753e-05,3.93099e-06,1.02603e-07,1.35567e-05,5.86665e-05,6.36339e-08,3.13867e-05,4.58807e-05,6.95363e-06,7.4262e-06,4.08351e-07,1.19827e-06,4.19623e-05,1.18477e-05,1.48077e-05,9.40196e-06,1.67036e-05,4.44844e-06,4.08109e-05,2.77135e-06,3.57253e-06,1.61344e-07,1.35854e-06,2.68064e-07,1.49157e-06,2.04774e-06,4.67464e-06,3.43562e-06,0.399255,7.26988e-05,0.72538,2.22967e-06,1.71933e-06,1.81051e-06,1.35566e-06,0.346566,6.01605e-05,1.49032e-06,2.5021e-06,1.69492e-06,5.30649e-06,0.000102705,0.57875,7.15958e-06,3.48776e-06,2.0827e-06,0.000223274,1.95105e-06,0.613711,0.726037,3.37046e-06,1.41767e-06,0.716189,3.14513e-06,2.65706e-05,1.61821e-06,0.305915,1.43451e-06,0.608127,1.68095e-06,0.639651,6.19913e-05,3.81751e-06,0.710576,2.29737e-06,1.37837e-06,2.48113e-06,7.87767e-06,1.55363e-06,1.91571e-06,2.50915e-06,2.26877e-06,0.346839,0.535689,1.39944e-06,0.63331,4.34816e-06,5.59249e-05,8.4655e-05,0.550978,1.72239e-06,0.566646,1.59419e-06,1.96149e-05,5.79609e-06,5.04421e-06,1.28301e-06,2.16864e-06,0.403271,1.58609e-06,0.499529,1.93506e-06,8.82627e-05,1.81765e-06,2.49e-06,1.94811e-06,2.78801e-05,8.2741e-09,3.92011e-06,6.91565e-08,1.79708e-06,2.49823e-06,2.79579e-05,1.45693e-06,5.47296e-06,2.77186e-06,5.95286e-06,0.700047,2.81768e-05,8.86654e-06,8.31167e-06,0.374251,1.7713e-06,9.2771e-06,2.66348e-06,1.86278e-06,1.44773e-06,3.47227e-09,4.45634e-05,2.99351e-06,1.64868e-06,2.05943e-06,0.000451648,1.33898e-06,0.000116067,4.01979e-05,2.24837e-06,7.16672e-06,1.91205e-06,6.91521e-06,4.27401e-05,3.03232e-06,4.7122e-06,1.75077e-06,5.64921e-05,2.75777e-05,6.08167e-06,3.24352e-06,4.16707e-05,4.78423e-06,1.0,3.85309e-07,9.37482e-07,1.67329e-06,1.79046e-06,3.65941e-06,7.55918e-06,2.20094e-06,2.18207e-06,2.13439e-06,4.49515e-06,7.99066e-06,2.14722e-05,6.99741e-06,6.53038e-07,6.7253e-06,0.000185772,5.66095e-06
Affx-61145185,0.000262482,0.00132088,0.000268146,1.11301e-06,0.000177135,0.000361034,7.13548e-08,0.00102472,2.49032e-05,0.000188471,0.000181778,0.00569247,0.00152408,0.000194854,0.000417403,0.000579692,0.00200867,0.00122992,0.00111596,0.000397746,0.000670447,0.000183784,0.000568304,2.34758e-05,0.00101106,0.000836351,1.8443e-05,0.000265255,0.000111799,8.97064e-05,2.68178e-06,0.000175906,0.000147109,0.00273883,0.000980395,0.00348516,0.00891708,0.000997601,0.000439316,0.00384624,0.0333934,0.00259724,0.0748215,3.97472e-05,2.48228e-06,0.00338826,3.06937e-07,0.000219374,3.4648e-06,2.95974e-06,1.44844e-05,3.00584e-06,3.5488e-06,0.0177303,2.99268e-06,4.08385e-05,1.58436e-05,3.81107e-06,1.17946e-06,3.93202e-06,2.65344e-07,1.72283e-05,2.84572e-05,1.62269e-06,0.00414182,1.89694e-05,5.18665e-07,0.00417325,1.86169e-06,1.67687e-05,6.43314e-05,7.24538e-06,6.2865e-06,9.89598e-07,8.30091e-06,1.31493e-05,6.25382e-06,9.47812e-06,0.0781463,1.33438e-05,8.65542e-06,0.0108284,1.10134e-07,2.42664e-06,1.21492e-06,2.65404e-06,0.000114599,2.07347e-06,3.30746e-06,1.56356e-05,2.37663e-05,0.000186361,8.04664e-08,6.75117e-06,7.53203e-06,8.35671e-06,1.25409e-06,2.27525e-05,6.14938e-08,3.77619e-06,0.000623703,1.88978e-05,2.252e-06,1.01837e-05,2.51201e-05,3.12563e-08,2.39477e-05,0.000266189,7.50877e-05,8.94369e-05,7.08859e-11,1.01597e-06,1.64605e-06,4.51759e-07,3.71999e-06,2.06122e-06,6.14801e-09,7.31803e-05,7.63835e-06,1.44346e-06,0.0785439,0.00280942,0.00844835,0.00350361,3.87286e-06,4.04526e-05,0.0783147,9.93917e-06,0.000202063,0.000111316,0.0432401,2.37844e-06,0.0791278,0.000537742,2.91535e-05,1.42692e-05,1.26046e-05,0.000524038,1.79709e-06,4.14428e-06,4.53381e-05,0.00109843,0.00100328,1.78126e-05,1.03551e-06,6.84025e-06,1.60695e-06,7.64595e-06,3.13704e-07,0.0407572,4.10255e-05,0.00015165,8.64191e-06,0.00217005,0.0408875,3.21651e-06,0.000129769,3.10755e-08,0.0040558,0.0190475,0.00205238,0.00148069,0.0409504,1.84762e-05,3.85309e-07,1.0,0.00201966,2.43414e-06,2.08193e-05,0.00146562,0.0178958,0.0004853,5.69279e-07,2.35833e-06,0.000124475,0.000300419,0.000194245,0.000176025,1.76747e-05,6.87259e-06,0.00213378,0.000501004
rs11571827,0.000146913,0.000111339,1.48706e-05,0.00287416,4.12542e-05,0.0198071,0.00176226,2.37104e-05,0.000115695,0.000371258,0.00040245,0.00209611,0.00217508,0.000396179,0.000114098,0.00348542,0.0010054,0.000186317,0.0080762,0.00709567,0.000116066,0.000798587,0.00020606,0.00467503,0.00455708,7.4183e-05,7.0226e-05,5.19797e-05,0.000201286,0.000434873,0.000155951,0.00129501,0.000202409,0.00353807,0.000428317,0.00191883,0.0049701,0.00085468,0.000674326,0.126274,0.036909,0.00408818,0.0247387,1.86318e-05,2.74239e-05,0.239887,3.01973e-06,0.000204837,1.4202e-05,5.05252e-06,1.28212e-05,2.05867e-05,3.58564e-06,0.0159193,2.14748e-06,1.31867e-05,5.73266e-06,2.15663e-06,1.79203e-06,1.08749e-05,5.57092e-05,6.73783e-07,3.10371e-07,6.25227e-05,0.434923,4.26566e-06,6.35226e-06,0.436026,0.000134145,1.87682e-07,2.42652e-05,2.10856e-06,3.71358e-06,4.09133e-06,4.27538e-07,1.76933e-05,9.32251e-06,9.94107e-05,0.0261326,3.78229e-05,1.38395e-05,0.00930932,2.97222e-06,1.21684e-05,6.56903e-07,2.7055e-06,7.35325e-05,2.19359e-06,0.000226218,9.88663e-06,2.02945e-05,0.000112989,2.58502e-06,4.59836e-06,6.43052e-06,8.6343e-05,2.92133e-05,3.21234e-07,2.80156e-07,6.94763e-06,0.000728505,8.88136e-06,2.76243e-06,2.51168e-06,1.53421e-06,1.58189e-06,1.84038e-05,0.000300087,0.000111253,7.48516e-05,3.48584e-06,3.50485e-06,9.84593e-06,2.14031e-05,4.15049e-06,7.80633e-05,2.2405e-05,6.91295e-06,4.38097e-06,1.32168e-06,0.0260118,0.00301602,0.210317,0.00435139,1.47452e-05,2.55599e-05,0.0260477,5.50174e-06,9.48738e-05,5.16685e-05,0.000141354,1.57703e-06,0.0257846,0.000406855,1.44138e-06,7.53204e-07,7.69006e-06,0.000394002,8.94418e-06,1.3743e-05,3.38217e-05,0.00127728,0.0010052,1.27597e-05,1.56862e-06,5.60987e-05,1.5811e-07,2.45187e-06,2.27671e-05,0.0360424,1.65953e-06,0.0413922,6.82581e-06,0.00282295,0.0362663,1.24319e-05,0.000102548,1.61683e-05,0.00328552,0.0164211,0.940995,0.00127824,0.0362745,6.96596e-07,9.37482e-07,0.00201966,1.0,4.02561e-07,3.09774e-05,0.001248,0.0182455,0.0316735,0.0057174,0.00600714,0.00243719,0.000137204,0.000407144,0.0021788,0.00543772,0.000383345,0.0142358,0.000283948
rs80359773,1.69455e-06,1.4046e-05,8.23392e-06,1.02213e-06,1.90246e-07,3.72099e-06,8.0718e-06,2.27886e-06,2.20655e-06,,3.54674e-06,1.71554e-06,2.97696e-06,9.65104e-08,2.56834e-06,3.48271e-07,8.58863e-06,4.66986e-07,7.13353e-05,1.00136e-05,8.5269e-05,5.36747e-05,8.33503e-05,1.57054e-05,2.62782e-06,4.37451e-05,1.46518e-06,4.60955e-05,2.38033e-07,2.71301e-05,4.16774e-06,6.65375e-10,5.47735e-06,1.33703e-05,3.66917e-05,6.94569e-06,1.56412e-06,2.77752e-05,1.01712e-05,1.78867e-05,1.76742e-06,1.40559e-05,1.6425e-05,2.28398e-06,3.00577e-06,1.40044e-05,1.11964e-06,7.15551e-08,1.22672e-06,0.467964,6.56667e-06,2.85925e-06,2.30084e-06,1.70161e-06,1.458e-06,1.79984e-06,1.43089e-06,0.462813,,2.13787e-06,0.000362881,1.21158e-06,2.07837e-06,1.38037e-06,1.89965e-05,0.000132001,1.31287e-06,1.32446e-05,4.11766e-05,1.67597e-06,2.31568e-06,0.000428444,1.37801e-06,,0.300061,1.1684e-06,,2.59195e-06,1.20581e-05,1.34674e-06,0.229273,6.49807e-06,1.96517e-06,1.35298e-06,1.55688e-06,1.8941e-06,3.63441e-05,,0.0386193,1.13595e-06,0.52504,6.49252e-06,1.28046e-06,1.56036e-06,2.0514e-06,7.58754e-05,1.79156e-06,,0.000129365,1.29661e-06,2.47742e-07,1.96587e-06,1.42884e-06,1.68844e-06,0.402276,,1.31385e-06,1.6357e-05,6.01024e-06,6.27974e-06,1.05739e-06,1.77096e-06,2.69131e-06,1.3236e-06,1.88669e-06,9.44381e-05,1.38163e-06,1.51276e-06,2.05213e-06,1.62128e-06,1.12952e-05,1.30666e-05,5.57952e-07,7.45576e-06,0.387255,2.05891e-06,1.24449e-05,1.18448e-06,6.19824e-06,2.26819e-06,0.000104434,1.62283e-06,1.04826e-05,2.74223e-06,6.91728e-06,0.125354,0.462724,1.77014e-06,0.530568,,,3.37252e-06,4.34592e-08,2.46707e-06,,,1.2397e-06,1.10352e-06,1.09466e-06,1.69828e-05,1.85299e-06,5.64487e-06,1.59203e-06,4.35422e-06,1.59747e-05,0.497535,2.63512e-05,1.44288e-06,1.88454e-05,3.6095e-07,3.00992e-07,1.54818e-05,1.60296e-05,,1.67329e-06,2.43414e-06,4.02561e-07,1.0,1.49184e-06,1.48976e-05,1.69203e-06,5.16935e-06,9.92134e-08,1.11673e-06,1.60962e-06,0.000607755,2.62752e-07,1.94864e-06,1.47031e-06,5.25319e-07,1.50408e-05,9.74855e-07
rs56121817,2.7625e-05,4.65853e-05,7.97935e-06,0.00155459,0.00031288,1.76399e-05,5.72534e-05,3.17657e-05,0.000156597,3.55388e-06,1.82056e-05,3.30612e-05,0.001873,1.95231e-05,1.78459e-05,0.000183419,0.000161706,6.93332e-07,0.000742766,0.000552424,3.51824e-05,8.41306e-08,4.45514e-05,0.000405813,0.000189917,2.18916e-05,0.000472078,1.81834e-06,3.3006e-05,0.000579749,8.64991e-05,6.07244e-05,4.66594e-05,0.00016673,1.82188e-05,3.65478e-05,0.00148937,6.96952e-06,1.43381e-07,9.81346e-05,0.000312575,0.00286953,0.000254086,2.417e-06,3.25164e-06,3.28338e-05,1.21123e-06,1.4507e-05,1.3136e-06,1.82554e-06,7.45306e-06,3.09314e-06,5.10584e-05,0.00135827,1.57727e-06,1.98789e-06,1.53033e-06,1.61419e-06,1.22052e-06,2.34031e-06,2.0788e-06,1.29973e-06,2.24831e-06,1.51113e-06,3.7002e-05,1.37905e-06,1.42027e-06,3.20809e-05,3.12717e-06,8.26247e-05,2.53502e-06,1.70319e-06,1.49077e-06,1.71108e-06,3.04021e-06,1.26398e-06,1.74857e-06,2.77344e-06,0.000292147,1.4569e-06,3.90104e-06,6.45168e-05,2.03335e-06,1.49875e-06,1.68423e-06,2.02666e-06,3.19806e-05,1.78472e-06,2.01013e-06,1.2288e-06,2.21196e-06,7.02359e-06,1.3852e-06,1.70802e-06,6.09392e-05,2.00299e-06,1.93805e-06,1.69931e-06,1.26508e-06,1.40267e-06,6.74344e-06,2.10353e-06,1.54571e-06,1.82655e-06,1.5659e-06,1.80743e-06,1.42133e-06,1.76774e-05,0.21876,0.214285,1.05675e-06,7.33407e-05,2.94623e-06,1.43187e-06,2.06533e-06,8.41234e-05,1.51247e-06,1.61888e-06,2.21999e-06,1.7539e-06,0.000288367,1.95896e-05,0.000142597,9.38759e-05,1.61799e-06,2.22733e-06,0.000288582,0.000120864,6.62937e-05,2.47129e-06,1.34869e-05,1.73647e-06,0.000284136,8.44848e-07,7.4831e-06,2.61934e-06,1.57923e-06,8.38034e-07,2.42182e-06,1.66089e-06,1.29081e-06,5.12524e-06,1.86242e-05,4.59922e-05,1.45208e-06,1.81619e-06,1.35709e-06,1.19379e-06,1.19957e-06,0.000674536,1.98695e-06,9.65687e-06,1.72226e-06,5.69402e-05,0.000661638,2.70351e-06,4.2011e-06,1.5609e-06,5.4298e-05,0.000181528,3.24428e-05,3.74906e-05,0.00066253,2.22196e-05,1.79046e-06,2.08193e-05,3.09774e-05,1.49184e-06,1.0,3.73242e-05,0.00100045,8.33625e-05,0.00221476,0.00228438,0.000998752,1.95306e-05,0.000118407,0.00095783,0.00217634,0.000192485,0.000344832,1.60399e-05
rs1801426,0.00214684,4.60813e-05,6.06072e-07,0.00123366,0.000141567,7.40266e-06,0.000114971,0.00116132,0.00203256,7.91657e-05,0.00125397,0.000414784,0.00346055,0.00109408,4.17458e-06,0.00140411,5.87162e-05,0.000815825,0.00182579,0.000847703,0.000718772,0.00040403,0.000706359,0.000787711,0.00151031,0.00289532,0.00061901,0.000910995,1.69727e-05,0.00134442,4.97475e-07,0.00202562,0.000604187,0.00234115,0.000369211,0.00184362,0.0342472,0.000253344,0.00045219,0.00189822,0.0172309,0.00455362,0.0143412,1.00186e-06,1.37143e-05,0.00202226,3.8772e-07,1.25284e-05,2.5976e-05,1.1105e-05,4.91606e-06,2.58736e-06,1.30856e-06,0.0085717,3.09696e-07,1.77115e-05,1.65444e-05,1.15529e-06,2.0191e-06,1.12567e-05,5.24711e-05,5.33655e-05,2.26875e-05,1.44605e-08,0.00243374,1.05437e-05,1.2893e-05,0.00252583,1.09385e-05,3.99818e-06,5.2572e-08,4.76574e-06,3.9756e-06,9.60349e-07,8.90462e-06,2.69096e-05,3.89357e-07,6.32602e-06,0.0149058,1.3917e-05,2.85117e-05,0.111886,7.58483e-07,3.10473e-06,5.09243e-07,8.49024e-05,1.18699e-07,1.67756e-06,5.9249e-06,4.62359e-05,9.70153e-06,8.4323e-07,1.85445e-07,8.29249e-06,1.93252e-05,5.20434e-07,4.13159e-06,6.75637e-07,4.68518e-05,2.52697e-06,0.000285284,1.91386e-05,4.94351e-06,2.53693e-05,3.55057e-05,1.87383e-06,2.82251e-06,0.000215411,0.000130696,0.0001413,5.66288e-06,4.33131e-06,1.55394e-05,2.82451e-06,1.60776e-05,1.43577e-06,3.352e-05,9.73947e-07,3.83135e-05,8.12599e-07,0.0147136,0.00118275,0.00520008,0.00217066,6.33738e-06,2.71614e-06,0.0147769,1.16285e-06,9.81288e-05,4.74525e-05,0.000177911,1.43539e-07,0.0147133,0.000275696,9.73858e-06,1.24851e-08,1.75108e-05,0.000301123,2.78872e-05,7.78155e-07,1.09827e-05,0.000892268,0.000622623,3.17006e-05,5.23716e-06,2.30619e-05,1.82716e-06,6.85765e-06,1.24494e-05,0.0301478,5.52571e-06,1.94863e-05,4.1578e-05,0.00141776,0.0300342,3.61158e-06,8.7324e-05,1.62466e-07,0.00199712,0.0639683,0.00125637,0.99645,0.029988,3.65305e-05,3.65941e-06,0.00146562,0.001248,1.48976e-05,3.73242e-05,1.0,0.00927023,0.00181624,0.00104542,0.00107433,0.00286827,0.000393174,0.00132956,0.00299022,0.00116118,0.000352744,0.00651835,0.00172122
rs472817,0.000315843,0.000967119,0.000324872,0.000208459,0.000164637,0.00304225,0.000668792,0.000282712,0.00183188,3.95791e-05,0.000144364,0.00577441,0.000150744,0.000209573,2.22273e-05,0.00138185,0.000445262,0.000981198,8.93989e-05,0.000209378,8.52055e-05,1.94242e-05,0.00010969,4.00687e-06,0.00185498,0.000487265,3.204e-06,0.000240912,0.00107543,0.00142197,0.000269401,1.46257e-06,0.00460905,0.00156924,0.00371892,0.000133947,0.0214327,0.00431798,0.00380508,0.0343505,0.0928123,0.0441791,0.124578,5.08431e-06,2.53616e-06,0.03164,6.27816e-05,0.00218916,3.86776e-05,1.18944e-06,1.12323e-05,4.76768e-05,4.27874e-06,0.186824,1.95012e-06,3.47017e-07,3.12487e-05,1.50329e-06,2.92848e-05,2.57466e-05,2.4695e-05,7.86928e-08,0.000401312,9.86494e-06,0.0371743,1.25191e-05,7.64361e-07,0.0375192,0.000364369,1.00787e-08,2.57262e-05,1.69588e-05,3.50019e-06,3.0416e-06,5.62768e-06,3.06172e-06,2.69984e-06,3.46145e-05,0.138909,0.00104036,1.46313e-05,0.0264669,1.44484e-06,7.83702e-06,6.65535e-06,4.47674e-05,0.000608717,8.77307e-07,9.81449e-07,2.61643e-05,3.19866e-06,0.00123005,5.32394e-06,2.77164e-05,3.23681e-06,6.5299e-05,1.84284e-07,1.19815e-07,8.67401e-06,1.59916e-06,0.024047,9.93168e-06,1.80578e-07,4.77885e-09,2.59261e-08,7.42112e-06,5.05031e-08,0.00137916,0.00518142,0.00547626,3.87797e-05,7.16401e-06,2.35699e-06,9.20716e-06,1.72693e-07,6.80029e-06,8.17779e-06,3.71808e-05,2.59797e-07,3.47461e-05,0.138652,0.0208569,0.0220716,0.17185,3.94665e-07,0.000450736,0.13959,1.96956e-06,0.00655748,0.000276403,0.000992191,1.39214e-06,0.139142,0.00928807,3.73893e-06,6.65429e-06,1.4432e-05,0.009706,5.83593e-07,1.12619e-05,1.7583e-06,0.0571352,0.0507137,4.59121e-06,8.82942e-06,1.24626e-05,1.41751e-05,0.000142549,1.49131e-06,0.0644168,1.21217e-05,0.000630782,0.000815464,0.118116,0.064153,8.83884e-06,0.000591346,1.03153e-05,0.0289895,0.0721212,0.0191989,0.00932112,0.0644055,3.51692e-06,7.55918e-06,0.0178958,0.0182455,1.69203e-06,0.00100045,0.00927023,1.0,0.00554315,0.0323438,0.032524,0.0392765,0.0152755,0.00463674,0.0375152,0.0304192,0.00383295,0.0139517,0.0027572
rs77592217,0.000163773,6.19148e-05,9.2673e-05,0.00122059,0.00115287,0.00436148,0.00106514,0.000119326,0.000101537,0.000526797,0.000403797,0.000577745,0.00110691,0.000412721,0.000272484,0.000209791,0.00146088,0.00171257,0.000525245,5.94697e-05,0.000971536,0.000484334,0.00122172,1.33676e-05,0.000166325,0.00114164,8.94949e-06,9.51734e-06,4.50188e-06,0.000211539,0.000244528,0.00157199,0.000846403,0.0071733,0.000785309,0.0106492,0.0110992,0.00537313,0.000120102,0.00095931,0.00146251,0.00169155,0.00154351,1.06058e-05,5.53071e-06,5.89169e-05,3.70389e-06,0.00031418,5.35901e-07,1.46948e-09,1.2433e-07,3.16898e-07,2.12776e-06,3.95962e-05,8.07182e-08,3.93909e-05,2.7844e-07,3.04735e-06,0.000147194,7.13665e-07,4.56741e-07,1.42566e-05,0.000190649,5.3541e-06,0.00727344,1.25038e-05,7.26266e-06,0.00737739,0.000240647,8.03179e-06,1.90043e-05,2.7968e-06,6.45059e-06,4.7942e-06,4.42667e-06,4.15275e-09,1.78996e-06,7.51939e-07,0.00146936,5.65927e-05,2.50541e-06,0.00165182,8.63341e-07,1.41831e-05,2.65905e-10,9.93782e-06,0.000138847,1.21729e-08,3.4121e-06,1.09604e-05,2.84686e-07,0.000271477,6.03037e-06,1.13578e-05,1.22881e-05,3.53392e-07,1.9877e-05,1.29057e-05,2.48546e-06,8.68332e-06,0.00038229,3.0339e-07,3.04426e-09,1.77923e-06,2.47165e-06,2.75894e-06,9.3082e-06,0.00146297,0.000376132,0.000369622,8.96817e-07,1.09894e-06,5.33273e-08,1.21431e-07,5.29947e-07,1.01148e-05,8.53149e-06,9.99583e-07,5.40652e-05,1.25315e-06,0.00156793,0.0848682,4.99351e-06,0.00789856,7.57645e-07,0.000205653,0.00149548,9.73145e-06,0.000212963,0.00013131,0.000257527,8.38112e-09,0.0015611,0.00761718,1.46431e-05,1.54584e-05,2.20349e-06,0.0077216,5.69301e-06,1.45426e-07,3.25085e-07,0.00243935,0.00550925,2.39639e-05,2.629e-06,2.70674e-06,3.17093e-06,1.19593e-06,8.05138e-06,0.001168,1.30336e-05,0.000293398,9.32732e-05,0.00575827,0.00117991,9.01208e-08,0.000164641,1.91306e-05,0.00225731,0.000462318,0.0338295,0.00181811,0.00116941,4.17259e-06,2.20094e-06,0.0004853,0.0316735,5.16935e-06,8.33625e-05,0.00181624,0.00554315,1.0,0.0321844,0.0327045,0.0676022,0.00238825,0.02339,0.0691976,0.0337676,0.0248383,0.159904,0.00167383
rs206333,0.000826249,0.000483618,0.000176304,3.65217e-09,0.000207282,0.000338282,0.000179912,0.00160642,7.80309e-06,6.3779e-05,0.000543297,0.000248002,0.000259271,0.000661793,0.000368185,0.000332592,5.70503e-05,0.00161265,0.000251884,0.000381495,5.87852e-05,2.72127e-05,2.31434e-06,5.59312e-05,0.000379592,5.97899e-06,0.000629762,0.000903854,8.0251e-05,0.0014807,0.00437524,0.00184718,0.0013751,3.74397e-05,7.06975e-06,0.00126727,0.0014,3.37026e-05,0.000515553,0.0011971,0.0263971,0.000467554,0.00680693,1.33436e-05,3.11629e-07,0.00414881,6.57662e-05,0.00141219,1.05718e-05,1.21448e-07,7.51293e-06,8.30274e-05,1.10321e-07,0.0260749,1.50093e-06,7.35006e-07,2.98005e-09,3.72456e-10,9.52635e-06,6.8992e-05,5.00083e-08,1.74664e-05,0.000130914,0.000126443,0.00124801,1.55438e-05,1.05638e-05,0.00127974,0.000246056,7.28262e-06,1.77607e-05,5.56379e-09,3.83038e-06,4.5138e-06,2.35223e-06,1.49619e-05,9.18887e-06,6.3276e-05,0.00591915,0.00212255,2.39389e-05,0.00974285,8.16975e-07,2.14293e-06,2.91537e-05,1.12048e-05,0.000428279,1.2034e-06,9.64917e-06,6.12523e-06,2.76559e-07,0.000680652,1.32593e-05,1.57385e-05,1.10263e-05,8.08433e-06,3.36491e-05,8.97898e-07,1.60105e-05,8.10723e-07,0.000416682,1.27723e-05,5.10558e-07,1.9139e-08,2.35606e-05,9.31028e-08,1.32417e-05,0.00100201,0.000136014,0.000139241,6.13847e-05,5.46449e-05,1.27468e-05,2.78928e-05,1.58622e-06,1.57559e-05,1.68018e-05,5.95507e-06,1.27422e-06,7.61927e-05,0.00631324,0.00345533,0.000362447,0.000143898,5.10108e-07,1.18207e-05,0.00597189,2.88978e-06,0.000217852,5.76367e-06,0.000145736,3.15352e-07,0.00626697,0.000635979,3.19695e-05,3.66212e-05,8.86094e-06,0.000682152,6.38121e-07,2.09901e-06,3.23117e-05,0.00435632,0.0031771,8.49853e-05,1.27836e-05,2.26387e-06,6.43144e-06,1.69561e-05,2.05524e-06,0.00416789,4.20683e-06,0.000329337,1.57911e-06,0.000789909,0.00437056,1.18829e-05,0.000469602,7.5524e-05,0.00528463,0.0157446,0.00569462,0.000998843,0.00439567,4.80194e-06,2.18207e-06,5.69279e-07,0.0057174,9.92134e-08,0.00221476,0.00104542,0.0323438,0.0321844,1.0,0.990021,0.487066,0.0700863,0.0288782,0.477683,0.961187,0.0362574,0.0972215,0.0665678
rs206334,0.000823811,0.00049944,0.000193111,3.79191e-07,0.000221479,0.000325193,0.000178295,0.00166802,7.37057e-06,6.86742e-05,0.000603927,0.000276363,0.000293537,0.000721221,0.000375773,0.00033114,4.72391e-05,0.00158621,0.000245842,0.000360085,5.34825e-05,2.51431e-05,1.85806e-06,4.38041e-05,0.000363321,4.67036e-06,0.00060407,0.000878034,6.72357e-05,0.00142911,0.00430847,0.00192289,0.0014288,3.82568e-05,8.88726e-06,0.00127914,0.00138843,3.3599e-05,0.000471895,0.00121599,0.0265592,0.000452448,0.00698182,1.0356e-05,3.27164e-07,0.00432403,1.72446e-05,0.00141173,8.37782e-06,2.84171e-07,1.02776e-05,3.76255e-06,1.27368e-08,0.0263456,1.46203e-06,2.88294e-12,1.46592e-06,4.83001e-07,6.31313e-06,2.60494e-06,1.69085e-06,1.4999e-05,0.000130101,8.15864e-05,0.00132337,5.30225e-06,1.05349e-05,0.00136207,0.000248798,8.60715e-06,7.88355e-06,1.07361e-07,7.354e-06,4.45461e-06,4.42257e-07,7.3044e-06,9.09047e-06,8.73299e-06,0.00608408,0.00201404,2.96129e-05,0.00981561,8.35089e-07,9.28679e-07,2.87862e-05,1.25563e-05,0.000430355,1.17754e-06,1.95018e-05,5.70922e-05,1.73068e-06,0.000681059,1.38758e-06,1.91743e-05,2.40567e-05,8.11666e-07,3.59081e-05,6.64839e-08,1.13473e-05,7.89322e-07,0.000419742,1.37729e-05,6.36517e-08,2.22594e-08,4.40737e-05,3.03763e-07,1.1719e-08,0.000999955,0.000153516,0.000156481,4.15127e-06,5.02065e-05,1.1156e-05,2.75668e-05,1.54953e-06,2.06983e-05,2.05596e-05,5.96592e-06,1.65216e-05,1.15964e-07,0.00648825,0.00350058,0.000369828,0.000163724,2.03223e-06,3.02205e-05,0.00613557,1.20145e-07,0.000251332,5.78085e-06,0.000160706,3.25032e-07,0.00643956,0.000640321,3.58375e-05,4.33586e-05,1.72155e-05,0.00068138,9.95045e-10,4.41759e-08,9.50301e-06,0.00454934,0.00319069,4.98011e-06,1.45909e-05,3.05236e-06,6.33278e-06,2.01689e-06,6.65824e-07,0.00426046,5.78646e-06,0.000334957,3.68027e-06,0.00085173,0.00447194,1.70285e-05,0.000490892,7.50812e-05,0.00530097,0.0157587,0.00589657,0.00105133,0.00449132,5.48158e-06,2.13439e-06,2.35833e-06,0.00600714,1.11673e-06,0.00228438,0.00107433,0.032524,0.0327045,0.990021,1.0,0.491266,0.0702213,0.0294746,0.481759,0.970917,0.0368485,0.0971918,0.0669315
rs169562,0.00098001,0.00106311,8.18669e-06,3.46878e-05,0.000687345,0.000393501,0.000446723,0.00684412,0.00145552,8.70123e-05,0.00315838,0.000559291,0.000127651,0.00330039,0.000796163,0.00023268,3.90629e-06,0.000589926,6.84533e-05,0.000108257,7.75699e-06,0.00028098,0.00039282,0.000594247,0.000148637,1.55851e-05,2.16485e-05,0.000470158,0.000441409,5.94227e-05,0.00499397,0.00325807,0.00175168,0.00014577,5.97306e-05,0.00174449,0.0129936,0.00124461,0.00176473,0.000212131,0.026701,0.0021003,0.0167706,1.95918e-05,4.39463e-05,0.000898887,8.65128e-06,0.00258545,9.29544e-05,4.21777e-08,6.93386e-07,1.34592e-05,4.1031e-09,0.014928,5.00399e-10,1.53466e-05,5.87272e-07,4.82844e-07,8.96753e-06,3.13353e-05,4.45139e-05,6.87753e-06,0.000198016,2.1231e-05,1.65519e-11,2.41699e-05,9.89883e-07,9.8806e-08,0.000466588,8.52847e-06,1.01226e-05,7.17118e-06,3.54508e-07,1.4904e-06,4.28555e-06,6.68932e-06,6.36529e-09,7.32433e-07,0.0154496,0.00130012,1.17195e-05,0.00528036,4.48199e-08,3.1666e-05,2.03702e-06,1.7784e-05,0.000683473,3.90489e-08,2.52293e-06,1.16492e-05,1.57033e-06,0.00143399,2.8807e-06,3.29656e-05,2.12463e-05,8.4642e-06,1.22989e-05,1.90699e-06,5.70479e-06,4.41486e-07,0.000787005,4.92705e-05,1.24518e-05,8.55398e-07,2.75829e-05,1.73403e-09,2.67095e-06,0.000233111,0.00022007,0.00022656,1.27845e-05,5.90878e-05,8.78848e-07,8.07548e-06,3.14094e-07,4.39938e-06,2.28087e-06,2.7219e-05,2.92263e-05,1.84833e-06,0.0159646,0.00940739,0.00884564,0.0171214,3.56756e-06,0.00126536,0.0156188,3.03567e-06,0.000792663,3.67312e-05,0.000532439,6.03196e-10,0.016085,0.000499487,6.05511e-07,1.53742e-05,6.83744e-10,0.000519678,6.59789e-06,3.32329e-05,5.27191e-07,0.012197,0.00623613,2.74981e-06,3.75422e-06,2.71284e-06,1.44462e-06,5.00831e-06,6.34415e-08,0.002917,5.3349e-07,0.00389957,4.18066e-05,0.0230921,0.00303772,1.99575e-05,0.000721472,6.60609e-05,0.000339511,0.00248303,0.0024118,0.00281948,0.00311636,7.35048e-06,4.49515e-06,0.000124475,0.00243719,1.60962e-06,0.000998752,0.00286827,0.0392765,0.0676022,0.487066,0.491266,1.0,0.033844,0.337193,0.979289,0.472644,0.211115,0.256884,0.0312524
rs118050644,9.32385e-05,0.000121695,1.44347e-06,0.000120271,0.000849611,0.000161337,9.80578e-05,8.33134e-06,4.04674e-05,9.87668e-05,9.31165e-05,0.00147126,0.000340945,0.000104501,0.00139078,0.000909895,0.000353868,1.25965e-05,0.000236966,0.000123516,9.5175e-05,0.000473664,9.24786e-05,0.00363225,0.00124356,7.45509e-05,0.00410078,0.000198723,0.000155011,0.000553406,0.0010009,0.000337905,4.97602e-06,0.000559706,1.15921e-06,0.00113469,0.000482123,0.000334662,4.51761e-05,0.00033663,0.00149525,0.0196218,0.00158169,6.54066e-06,9.2123e-08,0.000826345,3.48816e-06,0.000162849,1.95317e-06,0.00168253,1.26439e-06,1.13915e-05,8.82965e-06,0.0101375,1.86839e-05,1.15324e-05,2.19519e-05,0.00112581,9.89645e-06,1.83481e-05,2.15791e-06,1.58362e-05,5.97027e-05,1.13265e-07,0.000622003,1.34638e-06,3.79779e-05,0.000590641,8.67698e-06,1.23415e-05,9.06198e-06,2.05468e-07,1.66057e-05,5.47394e-06,0.000736244,1.54262e-05,5.99398e-06,2.2576e-05,0.00192133,1.58097e-05,0.000376524,0.000478742,1.28664e-05,3.13472e-06,5.93331e-06,1.13248e-05,6.45316e-05,6.61242e-06,1.11494e-06,2.8024e-06,0.00130268,7.28935e-05,9.4972e-07,3.40732e-05,4.1039e-06,5.68857e-06,6.79289e-07,1.33595e-08,1.4224e-05,3.70684e-05,5.03835e-06,2.35707e-10,1.78991e-05,4.88206e-05,0.000437761,2.6102e-07,9.80107e-05,6.34144e-05,4.56783e-05,5.17905e-05,2.35601e-05,1.02191e-05,5.64515e-06,2.82931e-05,1.85035e-07,3.48531e-07,3.58822e-06,1.99097e-05,2.71255e-05,3.48095e-07,0.00189619,0.000607789,0.00139696,0.000711102,0.000667302,1.07257e-07,0.00194285,0.000122611,2.35295e-05,2.16747e-05,3.57688e-05,7.08295e-06,0.00191704,0.0001757,1.66247e-05,0.000231416,0.00131881,0.000201794,0.00118233,3.36933e-08,6.4322e-07,0.000340796,0.000140816,2.76596e-06,1.42713e-05,6.9876e-06,3.31634e-05,3.48729e-06,3.83879e-06,0.00519993,1.86191e-07,2.55744e-05,5.88685e-07,0.000515137,0.00521887,0.0011259,4.34612e-05,6.53115e-08,0.000716979,0.00179187,0.000171798,0.000379978,0.00527346,8.75741e-08,7.99066e-06,0.000300419,0.000137204,0.000607755,1.95306e-05,0.000393174,0.0152755,0.00238825,0.0700863,0.0702213,0.033844,1.0,0.00231069,0.0334047,0.0688186,0.00307583,0.0110632,0.000120863
rs497255,0.000109359,0.000358064,0.000169741,8.11657e-05,0.00284711,0.00232044,0.00018451,0.00469185,0.00315753,8.31243e-06,0.00255717,0.000199486,1.3418e-05,0.00247396,0.000286768,0.00176926,2.13357e-05,0.000145622,0.000821532,0.00126672,0.000155769,0.000300479,0.000834089,0.00168757,0.00152085,8.42581e-05,0.00116466,1.94105e-05,0.000358314,0.00102826,0.000515164,0.000856459,0.0103696,0.000576196,0.000195705,0.000274394,0.0132129,0.00170227,0.00112797,0.0036226,0.00150084,0.00767983,0.00696102,6.18255e-06,9.86348e-05,0.00112563,1.25913e-08,0.000749005,9.98067e-05,8.64349e-07,1.87548e-05,7.87843e-06,4.42831e-07,0.00029104,1.91533e-06,2.38256e-05,5.78154e-06,3.19872e-06,1.69107e-06,3.41815e-05,6.34587e-05,9.26168e-05,4.19213e-05,1.42673e-05,0.00172399,6.94165e-06,5.25605e-06,0.00173771,0.000141679,7.54315e-05,1.31951e-06,1.62848e-05,4.99912e-06,5.73035e-07,4.01859e-06,1.63776e-08,1.28446e-05,5.01068e-06,0.00684541,6.36867e-06,2.35071e-06,0.000165852,1.67351e-06,8.33852e-05,1.75088e-05,3.32295e-06,0.000140845,2.39251e-06,2.3679e-06,1.71224e-05,3.57486e-08,0.000519689,2.06659e-05,8.4147e-06,2.5399e-07,3.29641e-05,3.80898e-06,1.8627e-06,3.29415e-07,1.65586e-08,0.000215687,2.94032e-05,2.70284e-05,1.9878e-06,1.21371e-07,4.20619e-07,7.74677e-06,0.000212734,4.09816e-05,4.30779e-05,6.6917e-06,6.24066e-06,4.71746e-06,3.56074e-06,4.73383e-07,5.42157e-06,1.43057e-05,1.98597e-05,1.51871e-05,2.33183e-06,0.00682866,0.0043714,0.0117562,0.0383629,1.82349e-05,0.00308976,0.00693944,9.53623e-06,0.000427238,3.22071e-05,0.000305747,4.17972e-07,0.00699825,4.92179e-06,5.69503e-05,4.56417e-06,2.23793e-05,3.48847e-06,1.25322e-05,7.53893e-05,3.36836e-05,0.0531138,0.00193631,2.23494e-07,2.70728e-06,2.38937e-10,1.54515e-06,3.18134e-05,7.07161e-07,3.73556e-08,5.9362e-06,0.0114647,9.52614e-05,0.0592861,2.64009e-07,2.01005e-06,0.000141542,5.88007e-07,0.0117889,0.00556623,0.000394105,0.00134514,1.0328e-07,5.21408e-05,2.14722e-05,0.000194245,0.000407144,2.62752e-07,0.000118407,0.00132956,0.00463674,0.02339,0.0288782,0.0294746,0.337193,0.00231069,1.0,0.330133,0.0305638,0.731441,0.118679,0.00267255
Affx-9227620,0.00104743,0.00112446,3.74569e-06,8.47855e-05,0.00083863,0.000408624,0.000361153,0.00636389,0.00121007,7.49041e-05,0.00286154,0.000710394,6.6985e-05,0.0029992,0.00083278,0.00033773,7.55949e-05,0.000681838,3.77652e-05,5.74472e-05,1.00664e-06,0.000291126,0.000318866,0.000431325,0.000235293,1.42785e-05,1.85935e-06,0.00016134,0.0004107,0.000103388,0.0045332,0.00357207,0.00169967,6.82054e-05,7.13532e-05,0.00189738,0.0159955,0.00132725,0.00188916,0.000306072,0.028825,0.00176061,0.0153922,2.51874e-05,3.96626e-05,0.000728574,7.53103e-06,0.00257984,8.3506e-05,3.2722e-08,1.48038e-06,8.72532e-06,5.8949e-10,0.0181593,2.26838e-07,1.50414e-05,7.68681e-07,3.60829e-07,1.1679e-05,2.97912e-05,5.13087e-05,1.10059e-05,0.000213203,2.61896e-05,1.08394e-05,1.96164e-05,2.14145e-06,8.45107e-06,0.000437696,1.85795e-05,1.57155e-05,7.36959e-06,1.16226e-06,4.8354e-07,2.63407e-06,4.52892e-06,3.6627e-07,1.2085e-06,0.0166963,0.00129835,9.03956e-06,0.00581915,1.27612e-07,2.61331e-05,8.1803e-07,2.26521e-05,0.000691178,5.29785e-07,2.59685e-06,7.61448e-06,1.35628e-06,0.00148879,3.473e-06,2.69979e-05,2.45753e-05,2.54477e-06,1.63173e-05,3.58347e-06,6.6848e-06,3.65147e-08,0.000845736,5.54727e-05,1.15356e-05,1.47644e-07,2.2371e-05,2.41928e-07,4.413e-06,0.000198025,0.000197302,0.000202556,9.82018e-06,4.05948e-05,7.63364e-07,8.94751e-06,2.75635e-07,4.575e-06,1.02908e-06,3.24671e-05,3.56884e-05,5.26257e-07,0.0172551,0.00959612,0.00804121,0.0164331,5.69306e-06,0.00124727,0.0168697,1.6423e-06,0.000818017,3.48471e-05,0.000539799,2.5095e-07,0.0173631,0.000536662,4.7909e-07,1.38975e-05,2.23732e-07,0.000556786,5.87523e-06,3.50222e-05,3.63467e-06,0.0118651,0.00636806,2.70893e-06,1.24313e-06,5.91443e-07,5.38807e-07,4.98167e-06,1.29789e-12,0.00387042,1.16063e-08,0.00373679,3.12861e-05,0.0223661,0.00399726,1.80941e-05,0.000729513,6.87752e-05,0.00222191,0.00138282,0.00215934,0.00294384,0.00410029,6.42492e-06,6.99741e-06,0.000176025,0.0021788,1.94864e-06,0.00095783,0.00299022,0.0375152,0.0691976,0.477683,0.481759,0.979289,0.0334047,0.330133,1.0,0.496386,0.206354,0.264335,0.0305655
rs206337,0.000917862,0.00057285,0.000183506,1.31953e-05,0.00013594,0.000303812,0.000122181,0.00135555,4.48559e-05,6.37495e-05,0.000425777,0.000395948,0.000161045,0.000523702,0.000395642,0.00021698,0.000211967,0.00171866,0.000318782,0.000487282,9.13869e-05,3.13473e-05,1.50456e-05,0.000116702,0.000242168,1.45533e-05,0.000796464,0.000348167,5.89943e-05,0.00162455,0.00375483,0.00217572,0.0015273,0.00010599,1.96959e-06,0.00142982,0.0027671,6.28226e-05,0.000530766,0.000983558,0.0291446,0.000633447,0.00597884,1.52773e-05,8.40118e-07,0.00381531,1.28601e-05,0.00140347,5.39145e-06,3.16993e-07,6.03614e-06,1.18403e-06,4.04054e-07,0.0313365,3.63697e-07,1.66504e-07,1.10788e-06,6.45935e-07,9.02425e-06,2.16019e-06,2.83672e-06,1.91289e-05,0.000143645,8.26058e-05,0.00104128,1.10844e-05,1.42233e-05,0.00107593,0.000221688,4.6524e-06,1.40202e-05,6.61209e-08,1.06155e-05,2.15218e-06,3.73992e-07,1.19736e-05,5.5421e-06,1.045e-05,0.00708663,0.00207292,2.41002e-05,0.010562,2.50252e-06,3.18671e-06,2.20027e-05,1.74014e-05,0.000436273,1.93989e-07,1.09167e-05,5.48372e-05,1.46249e-06,0.000713369,2.96263e-06,1.37901e-05,3.08309e-05,2.45002e-06,4.3254e-05,1.25377e-06,1.2869e-05,1.01935e-07,0.000478114,1.79216e-05,1.56283e-07,6.17686e-07,3.56787e-05,1.39279e-06,6.46007e-07,0.000881154,0.000129955,0.000131819,2.27465e-06,4.03399e-05,9.18179e-06,2.90917e-05,1.44288e-06,2.34122e-05,1.52375e-05,9.10464e-06,1.36567e-05,1.81436e-07,0.00753596,0.00365591,0.000201209,0.00023689,6.52126e-07,3.27333e-05,0.00714211,1.33831e-06,0.000270191,6.45788e-06,0.000174984,1.41196e-06,0.0074717,0.000672646,3.31643e-05,3.98052e-05,1.23102e-05,0.000713392,3.30519e-08,2.25633e-08,7.63467e-06,0.00462378,0.0033393,5.85354e-06,7.79393e-06,9.30393e-07,3.75672e-06,3.68897e-06,1.23929e-06,0.00565762,5.77336e-06,0.000359302,2.9094e-06,0.000942278,0.00588032,1.48795e-05,0.000523208,8.37599e-05,0.00141188,0.0119731,0.00534222,0.00111405,0.00592221,8.9786e-06,6.53038e-07,1.76747e-05,0.00543772,1.47031e-06,0.00217634,0.00116118,0.0304192,0.0337676,0.961187,0.970917,0.472644,0.0688186,0.0305638,0.496386,1.0,0.0381331,0.102691,0.0653304
rs9591001,0.000204266,0.0007382,0.000222105,0.000333271,0.00582527,0.00202717,2.89552e-05,0.00431654,0.00241702,8.30254e-05,0.00281655,4.30381e-05,9.35224e-05,0.0028249,0.000668015,0.0015355,0.000186394,7.76091e-05,0.00217119,0.00181361,7.48739e-05,0.000531359,3.68095e-05,0.0017878,0.00142275,0.000181434,0.00149325,4.62167e-05,5.34658e-05,0.00201105,0.000674211,0.000338809,0.00696759,3.46898e-05,0.000786571,0.000383762,0.00746302,0.00208699,0.0011532,0.00460782,3.70667e-05,0.0154201,0.00834245,6.21249e-06,8.7629e-05,0.00171889,1.05486e-06,0.000739526,4.35843e-05,2.73314e-09,2.556e-05,4.36768e-05,4.70576e-07,0.000244319,1.52629e-06,2.53113e-05,6.2532e-07,8.72652e-07,1.00618e-06,3.38481e-05,2.58602e-05,6.31701e-05,0.000110447,7.03187e-06,0.00243284,3.24829e-07,1.73667e-05,0.00245081,0.000130613,4.3782e-05,9.71978e-06,1.69871e-05,2.19523e-05,7.2473e-07,3.60309e-07,6.20406e-06,4.18781e-06,2.30766e-07,0.00868224,3.91807e-06,2.83899e-09,0.00179729,8.87389e-06,6.19479e-05,1.10142e-05,1.04841e-05,0.000152113,9.91142e-07,1.79225e-06,0.000100789,1.91482e-07,0.000499401,9.45679e-06,3.67999e-06,2.38407e-06,8.90252e-06,1.00955e-06,2.76123e-06,1.17206e-06,1.33737e-07,0.000159382,3.61501e-06,9.63364e-06,4.88156e-06,1.03679e-06,5.95522e-08,5.15451e-05,0.000477425,2.07508e-06,3.68503e-07,1.34319e-05,8.75265e-06,6.62216e-09,8.33526e-06,1.42206e-06,2.12118e-07,3.54291e-06,3.41921e-07,3.97284e-05,3.7824e-06,0.00865975,0.00372808,0.00849776,0.0331762,8.81091e-07,0.00223696,0.00875031,1.17291e-06,0.000432282,6.64561e-05,0.00042376,9.88167e-06,0.00881835,6.0632e-05,0.000105692,2.11729e-06,4.06759e-06,5.50492e-05,8.32545e-06,2.97821e-05,1.3628e-05,0.0363942,0.00191233,3.95816e-06,1.26688e-07,1.15861e-05,3.95075e-06,1.3293e-05,5.25951e-07,0.000492862,4.22692e-06,0.00854951,2.4997e-07,0.0520757,0.000479197,1.04429e-06,0.000192111,6.18034e-07,0.00695742,0.00979682,0.000419331,0.000363131,0.000514493,2.61058e-05,6.7253e-06,6.87259e-06,0.000383345,5.25319e-07,0.000192485,0.000352744,0.00383295,0.0248383,0.0362574,0.0368485,0.211115,0.00307583,0.731441,0.206354,0.0381331,1.0,0.156235,0.00338596
rs798273,3.29714e-07,0.000550426,1.86701e-05,4.85151e-05,0.000221992,2.32039e-05,0.000623475,0.00296065,0.0001649,0.000292348,0.0015197,4.68167e-05,0.000103051,0.0021609,0.00176513,0.00190268,5.92445e-05,0.00192616,6.86869e-06,0.000665047,0.00349311,0.00143846,0.00274952,0.00035565,0.00158659,0.00172252,9.33984e-10,0.00119704,2.99755e-05,0.000238896,0.000973687,0.00217209,0.000544009,0.000165348,0.0021411,0.00205921,0.0216974,0.00296766,1.4998e-05,0.0271406,0.000546297,0.000249387,0.000514708,3.66927e-05,3.01168e-05,0.0164205,1.31457e-05,0.00262508,6.2617e-06,1.15848e-06,2.29099e-06,5.15424e-05,0.000119795,0.00445963,0.000139489,2.1407e-05,1.12897e-05,1.56927e-05,2.89892e-06,1.34464e-05,2.64548e-05,4.0817e-07,0.000690908,2.25969e-07,0.0249405,6.34057e-06,0.00022701,0.025161,0.000655455,2.66873e-06,1.29773e-05,3.15361e-06,0.000186469,0.000179499,1.14384e-06,3.20717e-05,0.000192486,3.89512e-06,0.000269963,0.000602755,0.000129737,0.00244682,0.000179263,5.86685e-05,0.000191066,5.43081e-06,0.00136824,0.000237887,2.33073e-05,3.0232e-06,4.48013e-07,0.00298035,1.91977e-05,1.66997e-06,2.02501e-05,2.57584e-06,0.000153632,0.000166715,6.07148e-10,0.000132352,0.000139291,7.71088e-06,1.13421e-05,7.86578e-05,9.79871e-10,0.000174417,2.17333e-06,0.000227325,2.10055e-06,9.26465e-06,8.50729e-06,6.10926e-05,8.40587e-05,7.91032e-07,0.000175264,1.46246e-06,1.11078e-05,3.31577e-06,0.000123205,1.86061e-08,0.0002298,0.0120716,0.00132671,0.0142747,3.18987e-06,0.000357561,0.000262051,6.12895e-06,0.000771627,0.000542699,0.0018933,0.000146272,0.000229452,0.000423207,3.69651e-09,6.15487e-05,1.03064e-09,0.000376008,9.52119e-08,1.19236e-05,1.11785e-05,0.00963211,0.00178551,9.78534e-06,7.91276e-08,4.93208e-06,1.20485e-05,3.06235e-05,4.29307e-05,4.95834e-05,1.23282e-06,0.00101955,3.13914e-05,0.0220651,4.51875e-05,3.17383e-08,0.000780458,3.18662e-05,8.57391e-05,0.00161008,0.0153298,0.00662493,5.1125e-05,2.91574e-06,0.000185772,0.00213378,0.0142358,1.50408e-05,0.000344832,0.00651835,0.0139517,0.159904,0.0972215,0.0971918,0.256884,0.0110632,0.118679,0.264335,0.102691,0.156235,1.0,0.0123484
rs76173168,0.000220683,3.26082e-05,2.92177e-05,0.000647939,0.000385658,0.000109708,9.9507e-05,0.0044105,0.00150152,5.99448e-05,5.20302e-10,0.00100375,0.000435957,2.85346e-07,0.000137067,0.0001871,0.0012661,0.000372224,0.0011814,0.00154094,0.00012858,3.64637e-05,0.000130776,0.00031446,0.00341154,0.00491597,0.000563461,9.5756e-05,0.000101869,0.000256833,0.000338966,0.000159113,0.000260248,7.37939e-05,0.000355697,0.00196851,0.00113549,0.000158863,0.000116529,0.000281252,0.00387142,0.000941987,5.51373e-07,7.42168e-13,1.74111e-05,0.000672816,5.65199e-05,0.000118952,9.63384e-06,1.51927e-05,1.0433e-06,4.66872e-06,9.32866e-06,1.8689e-05,3.78431e-07,1.0244e-05,1.45773e-05,2.44813e-05,7.86917e-06,3.45243e-06,5.32647e-05,3.18134e-05,1.27398e-05,1.82019e-06,0.00070248,2.94846e-06,1.04595e-06,0.000735411,5.2741e-06,5.23308e-06,8.58064e-06,1.868e-05,1.12467e-06,1.09066e-07,8.26737e-06,8.96954e-06,4.25117e-06,1.50307e-05,3.80215e-07,3.52272e-05,2.27419e-05,0.00101021,9.28273e-07,3.18431e-05,3.7815e-06,1.03243e-05,8.23331e-05,4.51681e-06,2.71084e-05,8.29108e-06,1.25491e-07,7.59583e-05,2.16736e-06,4.23884e-06,2.48225e-06,9.39994e-07,3.31604e-07,3.61354e-06,3.45237e-06,9.13568e-07,4.36234e-05,0.00010849,0.000149157,5.91425e-06,4.71924e-07,4.69592e-06,1.93517e-06,0.000109313,9.75842e-08,7.4486e-07,6.62672e-09,5.62984e-05,2.83353e-06,3.69524e-05,9.81737e-07,4.6325e-06,3.09056e-05,1.63931e-05,1.81138e-05,4.68615e-06,9.87874e-08,4.19246e-05,0.001292,0.00635189,2.45656e-05,2.62796e-06,1.58666e-08,3.13929e-05,6.90876e-05,5.31989e-06,5.83443e-05,4.68232e-06,1.78839e-08,5.54076e-05,2.23737e-08,7.63749e-06,5.48777e-05,5.27286e-05,2.25684e-06,1.66732e-05,2.25058e-05,0.000399977,0.000520727,7.81188e-06,3.4491e-05,2.35864e-10,1.07111e-05,5.94868e-06,5.97715e-06,0.000718816,9.68344e-06,4.15997e-05,3.49801e-08,0.00871586,0.000732584,5.35897e-06,1.16364e-07,1.46691e-05,0.000293721,0.00158859,0.000337414,0.00182356,0.000726104,3.96452e-08,5.66095e-06,0.000501004,0.000283948,9.74855e-07,1.60399e-05,0.00172122,0.0027572,0.00167383,0.0665678,0.0669315,0.0312524,0.000120863,0.00267255,0.0305655,0.0653304,0.00338596,0.0123484,1.0
